ISO-10303-21;
HEADER;
FILE_DESCRIPTION(('KiCad electronic assembly'),'2;1');
FILE_NAME('Relay OUT Signal switch board.step','2024-11-30T21:00:31',(
    'Pcbnew'),('Kicad'),'Open CASCADE STEP processor 7.7',
  'KiCad to STEP converter','Unknown');
FILE_SCHEMA(('AUTOMOTIVE_DESIGN { 1 0 10303 214 1 1 1 1 }'));
ENDSEC;
DATA;
#1 = APPLICATION_PROTOCOL_DEFINITION('international standard',
  'automotive_design',2000,#2);
#2 = APPLICATION_CONTEXT(
  'core data for automotive mechanical design processes');
#3 = SHAPE_DEFINITION_REPRESENTATION(#4,#10);
#4 = PRODUCT_DEFINITION_SHAPE('','',#5);
#5 = PRODUCT_DEFINITION('design','',#6,#9);
#6 = PRODUCT_DEFINITION_FORMATION('','',#7);
#7 = PRODUCT('Relay OUT Signal switch board 1',
  'Relay OUT Signal switch board 1','',(#8));
#8 = PRODUCT_CONTEXT('',#2,'mechanical');
#9 = PRODUCT_DEFINITION_CONTEXT('part definition',#2,'design');
#10 = SHAPE_REPRESENTATION('',(#11,#15,#19,#23,#27,#31,#35,#39,#43,#47,
    #51,#55,#59,#63,#67,#71),#75);
#11 = AXIS2_PLACEMENT_3D('',#12,#13,#14);
#12 = CARTESIAN_POINT('',(0.,0.,0.));
#13 = DIRECTION('',(0.,0.,1.));
#14 = DIRECTION('',(1.,0.,-0.));
#15 = AXIS2_PLACEMENT_3D('',#16,#17,#18);
#16 = CARTESIAN_POINT('',(145.275000142,-72.130000251,1.65));
#17 = DIRECTION('',(2.22044604925E-16,1.,1.110223024625E-16));
#18 = DIRECTION('',(-1.,2.22044604925E-16,0.));
#19 = AXIS2_PLACEMENT_3D('',#20,#21,#22);
#20 = CARTESIAN_POINT('',(138.8500000001,-67.810000095,2.85000003));
#21 = DIRECTION('',(1.224646799147E-16,1.,1.110223024625E-16));
#22 = DIRECTION('',(-1.,1.224646799147E-16,0.));
#23 = AXIS2_PLACEMENT_3D('',#24,#25,#26);
#24 = CARTESIAN_POINT('',(138.7250000001,-54.960000095,2.85000003));
#25 = DIRECTION('',(1.224646799147E-16,1.,1.110223024625E-16));
#26 = DIRECTION('',(-1.,1.224646799147E-16,0.));
#27 = AXIS2_PLACEMENT_3D('',#28,#29,#30);
#28 = CARTESIAN_POINT('',(117.790000251,-26.724999858,1.65));
#29 = DIRECTION('',(-1.,2.334869823773E-16,1.110223024625E-16));
#30 = DIRECTION('',(-2.334869823773E-16,-1.,0.));
#31 = AXIS2_PLACEMENT_3D('',#32,#33,#34);
#32 = CARTESIAN_POINT('',(137.762,-30.155,1.65));
#33 = DIRECTION('',(0.,0.,1.));
#34 = DIRECTION('',(-1.,1.224646799147E-16,0.));
#35 = AXIS2_PLACEMENT_3D('',#36,#37,#38);
#36 = CARTESIAN_POINT('',(151.474999858,-68.533299749,1.65));
#37 = DIRECTION('',(0.,-1.,1.110223024625E-16));
#38 = DIRECTION('',(1.,0.,0.));
#39 = AXIS2_PLACEMENT_3D('',#40,#41,#42);
#40 = CARTESIAN_POINT('',(151.374999858,-37.849999749,1.65));
#41 = DIRECTION('',(0.,-1.,1.110223024625E-16));
#42 = DIRECTION('',(1.,0.,0.));
#43 = AXIS2_PLACEMENT_3D('',#44,#45,#46);
#44 = CARTESIAN_POINT('',(140.362,-21.78,1.65));
#45 = DIRECTION('',(0.,0.,1.));
#46 = DIRECTION('',(-1.,1.224646799147E-16,0.));
#47 = AXIS2_PLACEMENT_3D('',#48,#49,#50);
#48 = CARTESIAN_POINT('',(112.225000142,-57.998300251,1.65));
#49 = DIRECTION('',(2.22044604925E-16,1.,1.110223024625E-16));
#50 = DIRECTION('',(-1.,2.22044604925E-16,0.));
#51 = AXIS2_PLACEMENT_3D('',#52,#53,#54);
#52 = CARTESIAN_POINT('',(112.225000142,-72.215000251,1.65));
#53 = DIRECTION('',(2.22044604925E-16,1.,1.110223024625E-16));
#54 = DIRECTION('',(-1.,2.22044604925E-16,0.));
#55 = AXIS2_PLACEMENT_3D('',#56,#57,#58);
#56 = CARTESIAN_POINT('',(112.225000142,-43.781700251,1.65));
#57 = DIRECTION('',(2.22044604925E-16,1.,1.110223024625E-16));
#58 = DIRECTION('',(-1.,2.22044604925E-16,0.));
#59 = AXIS2_PLACEMENT_3D('',#60,#61,#62);
#60 = CARTESIAN_POINT('',(112.225000142,-29.565000251,1.65));
#61 = DIRECTION('',(2.22044604925E-16,1.,1.110223024625E-16));
#62 = DIRECTION('',(-1.,2.22044604925E-16,0.));
#63 = AXIS2_PLACEMENT_3D('',#64,#65,#66);
#64 = CARTESIAN_POINT('',(139.1250000001,-41.860000095,2.85000003));
#65 = DIRECTION('',(1.224646799147E-16,1.,1.110223024625E-16));
#66 = DIRECTION('',(-1.,1.224646799147E-16,0.));
#67 = AXIS2_PLACEMENT_3D('',#68,#69,#70);
#68 = CARTESIAN_POINT('',(151.474999858,-54.316699749,1.65));
#69 = DIRECTION('',(0.,-1.,1.110223024625E-16));
#70 = DIRECTION('',(1.,0.,0.));
#71 = AXIS2_PLACEMENT_3D('',#72,#73,#74);
#72 = CARTESIAN_POINT('',(0.,0.,0.));
#73 = DIRECTION('',(0.,0.,1.));
#74 = DIRECTION('',(1.,0.,-0.));
#75 = ( GEOMETRIC_REPRESENTATION_CONTEXT(3) 
GLOBAL_UNCERTAINTY_ASSIGNED_CONTEXT((#79)) GLOBAL_UNIT_ASSIGNED_CONTEXT(
(#76,#77,#78)) REPRESENTATION_CONTEXT('Context #1',
  '3D Context with UNIT and UNCERTAINTY') );
#76 = ( LENGTH_UNIT() NAMED_UNIT(*) SI_UNIT(.MILLI.,.METRE.) );
#77 = ( NAMED_UNIT(*) PLANE_ANGLE_UNIT() SI_UNIT($,.RADIAN.) );
#78 = ( NAMED_UNIT(*) SI_UNIT($,.STERADIAN.) SOLID_ANGLE_UNIT() );
#79 = UNCERTAINTY_MEASURE_WITH_UNIT(LENGTH_MEASURE(5.E-06),#76,
  'distance_accuracy_value','confusion accuracy');
#80 = PRODUCT_RELATED_PRODUCT_CATEGORY('part',$,(#7));
#81 = SHAPE_DEFINITION_REPRESENTATION(#82,#88);
#82 = PRODUCT_DEFINITION_SHAPE('','',#83);
#83 = PRODUCT_DEFINITION('design','',#84,#87);
#84 = PRODUCT_DEFINITION_FORMATION('','',#85);
#85 = PRODUCT('1725672','1725672','',(#86));
#86 = PRODUCT_CONTEXT('',#2,'mechanical');
#87 = PRODUCT_DEFINITION_CONTEXT('part definition',#2,'design');
#88 = SHAPE_REPRESENTATION('',(#11,#89),#93);
#89 = AXIS2_PLACEMENT_3D('',#90,#91,#92);
#90 = CARTESIAN_POINT('',(0.,0.,0.));
#91 = DIRECTION('',(0.,0.,1.));
#92 = DIRECTION('',(1.,0.,-0.));
#93 = ( GEOMETRIC_REPRESENTATION_CONTEXT(3) 
GLOBAL_UNCERTAINTY_ASSIGNED_CONTEXT((#97)) GLOBAL_UNIT_ASSIGNED_CONTEXT(
(#94,#95,#96)) REPRESENTATION_CONTEXT('Context #1',
  '3D Context with UNIT and UNCERTAINTY') );
#94 = ( LENGTH_UNIT() NAMED_UNIT(*) SI_UNIT(.MILLI.,.METRE.) );
#95 = ( NAMED_UNIT(*) PLANE_ANGLE_UNIT() SI_UNIT($,.RADIAN.) );
#96 = ( NAMED_UNIT(*) SI_UNIT($,.STERADIAN.) SOLID_ANGLE_UNIT() );
#97 = UNCERTAINTY_MEASURE_WITH_UNIT(LENGTH_MEASURE(5.E-06),#94,
  'distance_accuracy_value','confusion accuracy');
#98 = CONTEXT_DEPENDENT_SHAPE_REPRESENTATION(#99,#101);
#99 = ( REPRESENTATION_RELATIONSHIP('','',#88,#10) 
REPRESENTATION_RELATIONSHIP_WITH_TRANSFORMATION(#100) 
SHAPE_REPRESENTATION_RELATIONSHIP() );
#100 = ITEM_DEFINED_TRANSFORMATION('','',#11,#15);
#101 = PRODUCT_DEFINITION_SHAPE('Placement','Placement of an item',#102
  );
#102 = NEXT_ASSEMBLY_USAGE_OCCURRENCE('2','J4','',#5,#83,$);
#103 = PRODUCT_RELATED_PRODUCT_CATEGORY('part',$,(#85));
#104 = SHAPE_DEFINITION_REPRESENTATION(#105,#111);
#105 = PRODUCT_DEFINITION_SHAPE('','',#106);
#106 = PRODUCT_DEFINITION('design','',#107,#110);
#107 = PRODUCT_DEFINITION_FORMATION('','',#108);
#108 = PRODUCT('1725672','1725672','',(#109));
#109 = PRODUCT_CONTEXT('',#2,'mechanical');
#110 = PRODUCT_DEFINITION_CONTEXT('part definition',#2,'design');
#111 = ADVANCED_BREP_SHAPE_REPRESENTATION('',(#11,#112),#6117);
#112 = MANIFOLD_SOLID_BREP('',#113);
#113 = CLOSED_SHELL('',(#114,#156,#198,#274,#316,#392,#434,#510,#552,
    #628,#670,#712,#754,#796,#838,#873,#897,#932,#967,#991,#1025,#1049,
    #1074,#1336,#1368,#1400,#1432,#1464,#1504,#1680,#1791,#1871,#1888,
    #1928,#1977,#2017,#2041,#2072,#2105,#2145,#2185,#2225,#2242,#2253,
    #2286,#2317,#2350,#2367,#2407,#2456,#2487,#2527,#2538,#2585,#2596,
    #2629,#2653,#2670,#2681,#2721,#2752,#2801,#2827,#2860,#2891,#2931,
    #3058,#3084,#3141,#3172,#3196,#3220,#3237,#3249,#3280,#3304,#3328,
    #3345,#3357,#3388,#3412,#3436,#3453,#3465,#3496,#3520,#3544,#3561,
    #3573,#3599,#3651,#3673,#3690,#3708,#3752,#3783,#3814,#3845,#3876,
    #3898,#3912,#3926,#3944,#3988,#4019,#4050,#4081,#4112,#4134,#4148,
    #4162,#4180,#4224,#4255,#4286,#4317,#4348,#4370,#4384,#4398,#4416,
    #4460,#4491,#4522,#4553,#4584,#4606,#4620,#4634,#4660,#4672,#4714,
    #4730,#4742,#4759,#4770,#4796,#4808,#4850,#4866,#4878,#4895,#4906,
    #4932,#4944,#4986,#5002,#5014,#5031,#5042,#5068,#5080,#5122,#5138,
    #5150,#5167,#5178,#5200,#5222,#5244,#5266,#5297,#5328,#5353,#5384,
    #5415,#5446,#5503,#5534,#5566,#5597,#5629,#5669,#5687,#5697,#5709,
    #5721,#5733,#5745,#5757,#5769,#5781,#5793,#5805,#5817,#5829,#5841,
    #5853,#5865,#5877,#5889,#5901,#5922,#5942,#5955,#5974,#5994,#6007,
    #6028,#6050,#6063,#6082,#6104));
#114 = ADVANCED_FACE('',(#115),#151,.T.);
#115 = FACE_BOUND('',#116,.T.);
#116 = EDGE_LOOP('',(#117,#128,#136,#145));
#117 = ORIENTED_EDGE('',*,*,#118,.F.);
#118 = EDGE_CURVE('',#119,#121,#123,.T.);
#119 = VERTEX_POINT('',#120);
#120 = CARTESIAN_POINT('',(-4.373205843198,2.223807899774,-10.62));
#121 = VERTEX_POINT('',#122);
#122 = CARTESIAN_POINT('',(-3.916481582613,2.223807899774,-10.62));
#123 = CIRCLE('',#124,0.228362130293);
#124 = AXIS2_PLACEMENT_3D('',#125,#126,#127);
#125 = CARTESIAN_POINT('',(-4.144843712905,2.223807899774,-10.62));
#126 = DIRECTION('',(5.782411586589E-16,-8.359070939181E-32,-1.));
#127 = DIRECTION('',(-1.,-4.833558865184E-47,-5.782411586589E-16));
#128 = ORIENTED_EDGE('',*,*,#129,.T.);
#129 = EDGE_CURVE('',#119,#130,#132,.T.);
#130 = VERTEX_POINT('',#131);
#131 = CARTESIAN_POINT('',(-4.373205843198,2.223807899774,-10.52));
#132 = LINE('',#133,#134);
#133 = CARTESIAN_POINT('',(-4.373205843198,2.223807899774,-10.62));
#134 = VECTOR('',#135,1.);
#135 = DIRECTION('',(-5.782411586589E-16,8.359070939181E-32,1.));
#136 = ORIENTED_EDGE('',*,*,#137,.T.);
#137 = EDGE_CURVE('',#130,#138,#140,.T.);
#138 = VERTEX_POINT('',#139);
#139 = CARTESIAN_POINT('',(-3.916481582613,2.223807899774,-10.52));
#140 = CIRCLE('',#141,0.228362130293);
#141 = AXIS2_PLACEMENT_3D('',#142,#143,#144);
#142 = CARTESIAN_POINT('',(-4.144843712905,2.223807899774,-10.52));
#143 = DIRECTION('',(5.782411586589E-16,-8.359070939181E-32,-1.));
#144 = DIRECTION('',(-1.,-4.833558865184E-47,-5.782411586589E-16));
#145 = ORIENTED_EDGE('',*,*,#146,.F.);
#146 = EDGE_CURVE('',#121,#138,#147,.T.);
#147 = LINE('',#148,#149);
#148 = CARTESIAN_POINT('',(-3.916481582613,2.223807899774,-10.62));
#149 = VECTOR('',#150,1.);
#150 = DIRECTION('',(-5.782411586589E-16,8.359070939181E-32,1.));
#151 = CYLINDRICAL_SURFACE('',#152,0.228362130293);
#152 = AXIS2_PLACEMENT_3D('',#153,#154,#155);
#153 = CARTESIAN_POINT('',(-4.144843712905,2.223807899774,-10.62));
#154 = DIRECTION('',(-5.782411586589E-16,8.359070939181E-32,1.));
#155 = DIRECTION('',(1.,4.833558865184E-47,5.782411586589E-16));
#156 = ADVANCED_FACE('',(#157),#193,.F.);
#157 = FACE_BOUND('',#158,.F.);
#158 = EDGE_LOOP('',(#159,#169,#178,#186));
#159 = ORIENTED_EDGE('',*,*,#160,.F.);
#160 = EDGE_CURVE('',#161,#163,#165,.T.);
#161 = VERTEX_POINT('',#162);
#162 = CARTESIAN_POINT('',(-3.925137974591,2.624215740306,-10.52));
#163 = VERTEX_POINT('',#164);
#164 = CARTESIAN_POINT('',(-3.925137974591,2.624215740306,-10.62));
#165 = LINE('',#166,#167);
#166 = CARTESIAN_POINT('',(-3.925137974591,2.624215740306,-10.62));
#167 = VECTOR('',#168,1.);
#168 = DIRECTION('',(5.782411586589E-16,-8.359070939181E-32,-1.));
#169 = ORIENTED_EDGE('',*,*,#170,.F.);
#170 = EDGE_CURVE('',#171,#161,#173,.T.);
#171 = VERTEX_POINT('',#172);
#172 = CARTESIAN_POINT('',(-3.68811945232,2.223807899774,-10.52));
#173 = CIRCLE('',#174,0.456724260586);
#174 = AXIS2_PLACEMENT_3D('',#175,#176,#177);
#175 = CARTESIAN_POINT('',(-4.144843712905,2.223807899774,-10.52));
#176 = DIRECTION('',(-5.782411586589E-16,8.359070939181E-32,1.));
#177 = DIRECTION('',(-1.,-4.833558865184E-47,-5.782411586589E-16));
#178 = ORIENTED_EDGE('',*,*,#179,.F.);
#179 = EDGE_CURVE('',#180,#171,#182,.T.);
#180 = VERTEX_POINT('',#181);
#181 = CARTESIAN_POINT('',(-3.68811945232,2.223807899774,-10.62));
#182 = LINE('',#183,#184);
#183 = CARTESIAN_POINT('',(-3.68811945232,2.223807899774,-10.62));
#184 = VECTOR('',#185,1.);
#185 = DIRECTION('',(-5.782411586589E-16,8.359070939181E-32,1.));
#186 = ORIENTED_EDGE('',*,*,#187,.T.);
#187 = EDGE_CURVE('',#180,#163,#188,.T.);
#188 = CIRCLE('',#189,0.456724260586);
#189 = AXIS2_PLACEMENT_3D('',#190,#191,#192);
#190 = CARTESIAN_POINT('',(-4.144843712905,2.223807899774,-10.62));
#191 = DIRECTION('',(-5.782411586589E-16,8.359070939181E-32,1.));
#192 = DIRECTION('',(-1.,-4.833558865184E-47,-5.782411586589E-16));
#193 = CYLINDRICAL_SURFACE('',#194,0.456724260586);
#194 = AXIS2_PLACEMENT_3D('',#195,#196,#197);
#195 = CARTESIAN_POINT('',(-4.144843712905,2.223807899774,-10.62));
#196 = DIRECTION('',(-5.782411586589E-16,8.359070939181E-32,1.));
#197 = DIRECTION('',(1.,4.833558865184E-47,5.782411586589E-16));
#198 = ADVANCED_FACE('',(#199),#269,.T.);
#199 = FACE_BOUND('',#200,.T.);
#200 = EDGE_LOOP('',(#201,#212,#220,#229,#237,#246,#254,#263));
#201 = ORIENTED_EDGE('',*,*,#202,.F.);
#202 = EDGE_CURVE('',#203,#205,#207,.T.);
#203 = VERTEX_POINT('',#204);
#204 = CARTESIAN_POINT('',(-3.05,8.1,-0.45));
#205 = VERTEX_POINT('',#206);
#206 = CARTESIAN_POINT('',(-2.505666440204,8.1,-0.602113049611));
#207 = CIRCLE('',#208,1.05);
#208 = AXIS2_PLACEMENT_3D('',#209,#210,#211);
#209 = CARTESIAN_POINT('',(-3.05,8.1,-1.5));
#210 = DIRECTION('',(0.,1.,-1.186547930283E-30));
#211 = DIRECTION('',(0.,1.186547930283E-30,1.));
#212 = ORIENTED_EDGE('',*,*,#213,.T.);
#213 = EDGE_CURVE('',#203,#214,#216,.T.);
#214 = VERTEX_POINT('',#215);
#215 = CARTESIAN_POINT('',(-3.05,6.8,-0.45));
#216 = LINE('',#217,#218);
#217 = CARTESIAN_POINT('',(-3.05,8.1,-0.45));
#218 = VECTOR('',#219,1.);
#219 = DIRECTION('',(-0.,-1.,1.186547930283E-30));
#220 = ORIENTED_EDGE('',*,*,#221,.T.);
#221 = EDGE_CURVE('',#214,#222,#224,.T.);
#222 = VERTEX_POINT('',#223);
#223 = CARTESIAN_POINT('',(-3.05,6.8,-2.55));
#224 = CIRCLE('',#225,1.05);
#225 = AXIS2_PLACEMENT_3D('',#226,#227,#228);
#226 = CARTESIAN_POINT('',(-3.05,6.8,-1.5));
#227 = DIRECTION('',(-0.,1.,-1.186547930283E-30));
#228 = DIRECTION('',(0.,-1.186547930283E-30,-1.));
#229 = ORIENTED_EDGE('',*,*,#230,.F.);
#230 = EDGE_CURVE('',#231,#222,#233,.T.);
#231 = VERTEX_POINT('',#232);
#232 = CARTESIAN_POINT('',(-3.05,8.1,-2.55));
#233 = LINE('',#234,#235);
#234 = CARTESIAN_POINT('',(-3.05,8.1,-2.55));
#235 = VECTOR('',#236,1.);
#236 = DIRECTION('',(-0.,-1.,1.186547930283E-30));
#237 = ORIENTED_EDGE('',*,*,#238,.F.);
#238 = EDGE_CURVE('',#239,#231,#241,.T.);
#239 = VERTEX_POINT('',#240);
#240 = CARTESIAN_POINT('',(-2.152113049611,8.1,-0.955666440204));
#241 = CIRCLE('',#242,1.05);
#242 = AXIS2_PLACEMENT_3D('',#243,#244,#245);
#243 = CARTESIAN_POINT('',(-3.05,8.1,-1.5));
#244 = DIRECTION('',(-0.,1.,-1.186547930283E-30));
#245 = DIRECTION('',(0.,-1.186547930283E-30,-1.));
#246 = ORIENTED_EDGE('',*,*,#247,.T.);
#247 = EDGE_CURVE('',#239,#248,#250,.T.);
#248 = VERTEX_POINT('',#249);
#249 = CARTESIAN_POINT('',(-2.152113049611,7.55,-0.955666440204));
#250 = LINE('',#251,#252);
#251 = CARTESIAN_POINT('',(-2.152113049611,8.1,-0.955666440204));
#252 = VECTOR('',#253,1.);
#253 = DIRECTION('',(-0.,-1.,1.186547930283E-30));
#254 = ORIENTED_EDGE('',*,*,#255,.F.);
#255 = EDGE_CURVE('',#256,#248,#258,.T.);
#256 = VERTEX_POINT('',#257);
#257 = CARTESIAN_POINT('',(-2.505666440204,7.55,-0.602113049611));
#258 = CIRCLE('',#259,1.05);
#259 = AXIS2_PLACEMENT_3D('',#260,#261,#262);
#260 = CARTESIAN_POINT('',(-3.05,7.55,-1.5));
#261 = DIRECTION('',(0.,1.,-1.186547930283E-30));
#262 = DIRECTION('',(0.,1.186547930283E-30,1.));
#263 = ORIENTED_EDGE('',*,*,#264,.T.);
#264 = EDGE_CURVE('',#256,#205,#265,.T.);
#265 = LINE('',#266,#267);
#266 = CARTESIAN_POINT('',(-2.505666440204,7.55,-0.602113049611));
#267 = VECTOR('',#268,1.);
#268 = DIRECTION('',(-0.,1.,-1.186547930283E-30));
#269 = CYLINDRICAL_SURFACE('',#270,1.05);
#270 = AXIS2_PLACEMENT_3D('',#271,#272,#273);
#271 = CARTESIAN_POINT('',(-3.05,8.1,-1.5));
#272 = DIRECTION('',(-0.,-1.,1.186547930283E-30));
#273 = DIRECTION('',(-0.,-1.186547930283E-30,-1.));
#274 = ADVANCED_FACE('',(#275),#311,.F.);
#275 = FACE_BOUND('',#276,.F.);
#276 = EDGE_LOOP('',(#277,#287,#296,#304));
#277 = ORIENTED_EDGE('',*,*,#278,.T.);
#278 = EDGE_CURVE('',#279,#281,#283,.T.);
#279 = VERTEX_POINT('',#280);
#280 = CARTESIAN_POINT('',(-3.05,6.8,-0.4));
#281 = VERTEX_POINT('',#282);
#282 = CARTESIAN_POINT('',(-3.05,8.5,-0.4));
#283 = LINE('',#284,#285);
#284 = CARTESIAN_POINT('',(-3.05,8.5,-0.4));
#285 = VECTOR('',#286,1.);
#286 = DIRECTION('',(-0.,1.,-1.186547930283E-30));
#287 = ORIENTED_EDGE('',*,*,#288,.F.);
#288 = EDGE_CURVE('',#289,#281,#291,.T.);
#289 = VERTEX_POINT('',#290);
#290 = CARTESIAN_POINT('',(-3.05,8.5,-2.6));
#291 = CIRCLE('',#292,1.1);
#292 = AXIS2_PLACEMENT_3D('',#293,#294,#295);
#293 = CARTESIAN_POINT('',(-3.05,8.5,-1.5));
#294 = DIRECTION('',(-0.,1.,-1.186547930283E-30));
#295 = DIRECTION('',(0.,1.186547930283E-30,1.));
#296 = ORIENTED_EDGE('',*,*,#297,.F.);
#297 = EDGE_CURVE('',#298,#289,#300,.T.);
#298 = VERTEX_POINT('',#299);
#299 = CARTESIAN_POINT('',(-3.05,6.8,-2.6));
#300 = LINE('',#301,#302);
#301 = CARTESIAN_POINT('',(-3.05,8.5,-2.6));
#302 = VECTOR('',#303,1.);
#303 = DIRECTION('',(-0.,1.,-1.186547930283E-30));
#304 = ORIENTED_EDGE('',*,*,#305,.T.);
#305 = EDGE_CURVE('',#298,#279,#306,.T.);
#306 = CIRCLE('',#307,1.1);
#307 = AXIS2_PLACEMENT_3D('',#308,#309,#310);
#308 = CARTESIAN_POINT('',(-3.05,6.8,-1.5));
#309 = DIRECTION('',(-0.,1.,-1.186547930283E-30));
#310 = DIRECTION('',(0.,1.186547930283E-30,1.));
#311 = CYLINDRICAL_SURFACE('',#312,1.1);
#312 = AXIS2_PLACEMENT_3D('',#313,#314,#315);
#313 = CARTESIAN_POINT('',(-3.05,8.5,-1.5));
#314 = DIRECTION('',(-0.,1.,-1.186547930283E-30));
#315 = DIRECTION('',(0.,1.186547930283E-30,1.));
#316 = ADVANCED_FACE('',(#317),#387,.T.);
#317 = FACE_BOUND('',#318,.T.);
#318 = EDGE_LOOP('',(#319,#330,#338,#347,#355,#364,#372,#381));
#319 = ORIENTED_EDGE('',*,*,#320,.F.);
#320 = EDGE_CURVE('',#321,#323,#325,.T.);
#321 = VERTEX_POINT('',#322);
#322 = CARTESIAN_POINT('',(-3.05,8.1,-2.99));
#323 = VERTEX_POINT('',#324);
#324 = CARTESIAN_POINT('',(-2.505666440204,8.1,-3.142113049611));
#325 = CIRCLE('',#326,1.05);
#326 = AXIS2_PLACEMENT_3D('',#327,#328,#329);
#327 = CARTESIAN_POINT('',(-3.05,8.1,-4.04));
#328 = DIRECTION('',(0.,1.,-1.186547930283E-30));
#329 = DIRECTION('',(0.,1.186547930283E-30,1.));
#330 = ORIENTED_EDGE('',*,*,#331,.T.);
#331 = EDGE_CURVE('',#321,#332,#334,.T.);
#332 = VERTEX_POINT('',#333);
#333 = CARTESIAN_POINT('',(-3.05,6.8,-2.99));
#334 = LINE('',#335,#336);
#335 = CARTESIAN_POINT('',(-3.05,8.1,-2.99));
#336 = VECTOR('',#337,1.);
#337 = DIRECTION('',(-0.,-1.,1.186547930283E-30));
#338 = ORIENTED_EDGE('',*,*,#339,.T.);
#339 = EDGE_CURVE('',#332,#340,#342,.T.);
#340 = VERTEX_POINT('',#341);
#341 = CARTESIAN_POINT('',(-3.05,6.8,-5.09));
#342 = CIRCLE('',#343,1.05);
#343 = AXIS2_PLACEMENT_3D('',#344,#345,#346);
#344 = CARTESIAN_POINT('',(-3.05,6.8,-4.04));
#345 = DIRECTION('',(-0.,1.,-1.186547930283E-30));
#346 = DIRECTION('',(0.,-1.186547930283E-30,-1.));
#347 = ORIENTED_EDGE('',*,*,#348,.F.);
#348 = EDGE_CURVE('',#349,#340,#351,.T.);
#349 = VERTEX_POINT('',#350);
#350 = CARTESIAN_POINT('',(-3.05,8.1,-5.09));
#351 = LINE('',#352,#353);
#352 = CARTESIAN_POINT('',(-3.05,8.1,-5.09));
#353 = VECTOR('',#354,1.);
#354 = DIRECTION('',(-0.,-1.,1.186547930283E-30));
#355 = ORIENTED_EDGE('',*,*,#356,.F.);
#356 = EDGE_CURVE('',#357,#349,#359,.T.);
#357 = VERTEX_POINT('',#358);
#358 = CARTESIAN_POINT('',(-2.152113049611,8.1,-3.495666440204));
#359 = CIRCLE('',#360,1.05);
#360 = AXIS2_PLACEMENT_3D('',#361,#362,#363);
#361 = CARTESIAN_POINT('',(-3.05,8.1,-4.04));
#362 = DIRECTION('',(-0.,1.,-1.186547930283E-30));
#363 = DIRECTION('',(0.,-1.186547930283E-30,-1.));
#364 = ORIENTED_EDGE('',*,*,#365,.T.);
#365 = EDGE_CURVE('',#357,#366,#368,.T.);
#366 = VERTEX_POINT('',#367);
#367 = CARTESIAN_POINT('',(-2.152113049611,7.55,-3.495666440204));
#368 = LINE('',#369,#370);
#369 = CARTESIAN_POINT('',(-2.152113049611,8.1,-3.495666440204));
#370 = VECTOR('',#371,1.);
#371 = DIRECTION('',(-0.,-1.,1.186547930283E-30));
#372 = ORIENTED_EDGE('',*,*,#373,.F.);
#373 = EDGE_CURVE('',#374,#366,#376,.T.);
#374 = VERTEX_POINT('',#375);
#375 = CARTESIAN_POINT('',(-2.505666440204,7.55,-3.142113049611));
#376 = CIRCLE('',#377,1.05);
#377 = AXIS2_PLACEMENT_3D('',#378,#379,#380);
#378 = CARTESIAN_POINT('',(-3.05,7.55,-4.04));
#379 = DIRECTION('',(0.,1.,-1.186547930283E-30));
#380 = DIRECTION('',(0.,1.186547930283E-30,1.));
#381 = ORIENTED_EDGE('',*,*,#382,.T.);
#382 = EDGE_CURVE('',#374,#323,#383,.T.);
#383 = LINE('',#384,#385);
#384 = CARTESIAN_POINT('',(-2.505666440204,7.55,-3.142113049611));
#385 = VECTOR('',#386,1.);
#386 = DIRECTION('',(-0.,1.,-1.186547930283E-30));
#387 = CYLINDRICAL_SURFACE('',#388,1.05);
#388 = AXIS2_PLACEMENT_3D('',#389,#390,#391);
#389 = CARTESIAN_POINT('',(-3.05,8.1,-4.04));
#390 = DIRECTION('',(-0.,-1.,1.186547930283E-30));
#391 = DIRECTION('',(-0.,-1.186547930283E-30,-1.));
#392 = ADVANCED_FACE('',(#393),#429,.F.);
#393 = FACE_BOUND('',#394,.F.);
#394 = EDGE_LOOP('',(#395,#405,#414,#422));
#395 = ORIENTED_EDGE('',*,*,#396,.T.);
#396 = EDGE_CURVE('',#397,#399,#401,.T.);
#397 = VERTEX_POINT('',#398);
#398 = CARTESIAN_POINT('',(-3.05,6.8,-2.94));
#399 = VERTEX_POINT('',#400);
#400 = CARTESIAN_POINT('',(-3.05,8.5,-2.94));
#401 = LINE('',#402,#403);
#402 = CARTESIAN_POINT('',(-3.05,8.5,-2.94));
#403 = VECTOR('',#404,1.);
#404 = DIRECTION('',(-0.,1.,-1.186547930283E-30));
#405 = ORIENTED_EDGE('',*,*,#406,.F.);
#406 = EDGE_CURVE('',#407,#399,#409,.T.);
#407 = VERTEX_POINT('',#408);
#408 = CARTESIAN_POINT('',(-3.05,8.5,-5.14));
#409 = CIRCLE('',#410,1.1);
#410 = AXIS2_PLACEMENT_3D('',#411,#412,#413);
#411 = CARTESIAN_POINT('',(-3.05,8.5,-4.04));
#412 = DIRECTION('',(-0.,1.,-1.186547930283E-30));
#413 = DIRECTION('',(0.,1.186547930283E-30,1.));
#414 = ORIENTED_EDGE('',*,*,#415,.F.);
#415 = EDGE_CURVE('',#416,#407,#418,.T.);
#416 = VERTEX_POINT('',#417);
#417 = CARTESIAN_POINT('',(-3.05,6.8,-5.14));
#418 = LINE('',#419,#420);
#419 = CARTESIAN_POINT('',(-3.05,8.5,-5.14));
#420 = VECTOR('',#421,1.);
#421 = DIRECTION('',(-0.,1.,-1.186547930283E-30));
#422 = ORIENTED_EDGE('',*,*,#423,.T.);
#423 = EDGE_CURVE('',#416,#397,#424,.T.);
#424 = CIRCLE('',#425,1.1);
#425 = AXIS2_PLACEMENT_3D('',#426,#427,#428);
#426 = CARTESIAN_POINT('',(-3.05,6.8,-4.04));
#427 = DIRECTION('',(-0.,1.,-1.186547930283E-30));
#428 = DIRECTION('',(0.,1.186547930283E-30,1.));
#429 = CYLINDRICAL_SURFACE('',#430,1.1);
#430 = AXIS2_PLACEMENT_3D('',#431,#432,#433);
#431 = CARTESIAN_POINT('',(-3.05,8.5,-4.04));
#432 = DIRECTION('',(-0.,1.,-1.186547930283E-30));
#433 = DIRECTION('',(0.,1.186547930283E-30,1.));
#434 = ADVANCED_FACE('',(#435),#505,.T.);
#435 = FACE_BOUND('',#436,.T.);
#436 = EDGE_LOOP('',(#437,#448,#456,#465,#473,#482,#490,#499));
#437 = ORIENTED_EDGE('',*,*,#438,.F.);
#438 = EDGE_CURVE('',#439,#441,#443,.T.);
#439 = VERTEX_POINT('',#440);
#440 = CARTESIAN_POINT('',(-3.05,8.1,-8.07));
#441 = VERTEX_POINT('',#442);
#442 = CARTESIAN_POINT('',(-2.505666440204,8.1,-8.222113049611));
#443 = CIRCLE('',#444,1.05);
#444 = AXIS2_PLACEMENT_3D('',#445,#446,#447);
#445 = CARTESIAN_POINT('',(-3.05,8.1,-9.12));
#446 = DIRECTION('',(-0.,1.,-1.186547930283E-30));
#447 = DIRECTION('',(0.,-1.186547930283E-30,-1.));
#448 = ORIENTED_EDGE('',*,*,#449,.T.);
#449 = EDGE_CURVE('',#439,#450,#452,.T.);
#450 = VERTEX_POINT('',#451);
#451 = CARTESIAN_POINT('',(-3.05,6.8,-8.07));
#452 = LINE('',#453,#454);
#453 = CARTESIAN_POINT('',(-3.05,8.1,-8.07));
#454 = VECTOR('',#455,1.);
#455 = DIRECTION('',(-0.,-1.,1.186547930283E-30));
#456 = ORIENTED_EDGE('',*,*,#457,.T.);
#457 = EDGE_CURVE('',#450,#458,#460,.T.);
#458 = VERTEX_POINT('',#459);
#459 = CARTESIAN_POINT('',(-3.05,6.8,-10.17));
#460 = CIRCLE('',#461,1.05);
#461 = AXIS2_PLACEMENT_3D('',#462,#463,#464);
#462 = CARTESIAN_POINT('',(-3.05,6.8,-9.12));
#463 = DIRECTION('',(-0.,1.,-1.186547930283E-30));
#464 = DIRECTION('',(0.,-1.186547930283E-30,-1.));
#465 = ORIENTED_EDGE('',*,*,#466,.F.);
#466 = EDGE_CURVE('',#467,#458,#469,.T.);
#467 = VERTEX_POINT('',#468);
#468 = CARTESIAN_POINT('',(-3.05,8.1,-10.17));
#469 = LINE('',#470,#471);
#470 = CARTESIAN_POINT('',(-3.05,8.1,-10.17));
#471 = VECTOR('',#472,1.);
#472 = DIRECTION('',(-0.,-1.,1.186547930283E-30));
#473 = ORIENTED_EDGE('',*,*,#474,.F.);
#474 = EDGE_CURVE('',#475,#467,#477,.T.);
#475 = VERTEX_POINT('',#476);
#476 = CARTESIAN_POINT('',(-2.152113049611,8.1,-8.575666440204));
#477 = CIRCLE('',#478,1.05);
#478 = AXIS2_PLACEMENT_3D('',#479,#480,#481);
#479 = CARTESIAN_POINT('',(-3.05,8.1,-9.12));
#480 = DIRECTION('',(0.,1.,-1.186547930283E-30));
#481 = DIRECTION('',(0.,1.186547930283E-30,1.));
#482 = ORIENTED_EDGE('',*,*,#483,.F.);
#483 = EDGE_CURVE('',#484,#475,#486,.T.);
#484 = VERTEX_POINT('',#485);
#485 = CARTESIAN_POINT('',(-2.152113049611,7.55,-8.575666440204));
#486 = LINE('',#487,#488);
#487 = CARTESIAN_POINT('',(-2.152113049611,7.55,-8.575666440204));
#488 = VECTOR('',#489,1.);
#489 = DIRECTION('',(-0.,1.,-1.186547930283E-30));
#490 = ORIENTED_EDGE('',*,*,#491,.F.);
#491 = EDGE_CURVE('',#492,#484,#494,.T.);
#492 = VERTEX_POINT('',#493);
#493 = CARTESIAN_POINT('',(-2.505666440204,7.55,-8.222113049611));
#494 = CIRCLE('',#495,1.05);
#495 = AXIS2_PLACEMENT_3D('',#496,#497,#498);
#496 = CARTESIAN_POINT('',(-3.05,7.55,-9.12));
#497 = DIRECTION('',(0.,1.,-1.186547930283E-30));
#498 = DIRECTION('',(0.,1.186547930283E-30,1.));
#499 = ORIENTED_EDGE('',*,*,#500,.F.);
#500 = EDGE_CURVE('',#441,#492,#501,.T.);
#501 = LINE('',#502,#503);
#502 = CARTESIAN_POINT('',(-2.505666440204,8.1,-8.222113049611));
#503 = VECTOR('',#504,1.);
#504 = DIRECTION('',(-0.,-1.,1.186547930283E-30));
#505 = CYLINDRICAL_SURFACE('',#506,1.05);
#506 = AXIS2_PLACEMENT_3D('',#507,#508,#509);
#507 = CARTESIAN_POINT('',(-3.05,8.1,-9.12));
#508 = DIRECTION('',(-0.,-1.,1.186547930283E-30));
#509 = DIRECTION('',(-0.,-1.186547930283E-30,-1.));
#510 = ADVANCED_FACE('',(#511),#547,.F.);
#511 = FACE_BOUND('',#512,.F.);
#512 = EDGE_LOOP('',(#513,#523,#532,#540));
#513 = ORIENTED_EDGE('',*,*,#514,.T.);
#514 = EDGE_CURVE('',#515,#517,#519,.T.);
#515 = VERTEX_POINT('',#516);
#516 = CARTESIAN_POINT('',(-3.05,6.8,-8.02));
#517 = VERTEX_POINT('',#518);
#518 = CARTESIAN_POINT('',(-3.05,8.5,-8.02));
#519 = LINE('',#520,#521);
#520 = CARTESIAN_POINT('',(-3.05,8.5,-8.02));
#521 = VECTOR('',#522,1.);
#522 = DIRECTION('',(-0.,1.,-1.186547930283E-30));
#523 = ORIENTED_EDGE('',*,*,#524,.F.);
#524 = EDGE_CURVE('',#525,#517,#527,.T.);
#525 = VERTEX_POINT('',#526);
#526 = CARTESIAN_POINT('',(-3.05,8.5,-10.22));
#527 = CIRCLE('',#528,1.1);
#528 = AXIS2_PLACEMENT_3D('',#529,#530,#531);
#529 = CARTESIAN_POINT('',(-3.05,8.5,-9.12));
#530 = DIRECTION('',(-0.,1.,-1.186547930283E-30));
#531 = DIRECTION('',(0.,1.186547930283E-30,1.));
#532 = ORIENTED_EDGE('',*,*,#533,.F.);
#533 = EDGE_CURVE('',#534,#525,#536,.T.);
#534 = VERTEX_POINT('',#535);
#535 = CARTESIAN_POINT('',(-3.05,6.8,-10.22));
#536 = LINE('',#537,#538);
#537 = CARTESIAN_POINT('',(-3.05,8.5,-10.22));
#538 = VECTOR('',#539,1.);
#539 = DIRECTION('',(-0.,1.,-1.186547930283E-30));
#540 = ORIENTED_EDGE('',*,*,#541,.T.);
#541 = EDGE_CURVE('',#534,#515,#542,.T.);
#542 = CIRCLE('',#543,1.1);
#543 = AXIS2_PLACEMENT_3D('',#544,#545,#546);
#544 = CARTESIAN_POINT('',(-3.05,6.8,-9.12));
#545 = DIRECTION('',(-0.,1.,-1.186547930283E-30));
#546 = DIRECTION('',(0.,1.186547930283E-30,1.));
#547 = CYLINDRICAL_SURFACE('',#548,1.1);
#548 = AXIS2_PLACEMENT_3D('',#549,#550,#551);
#549 = CARTESIAN_POINT('',(-3.05,8.5,-9.12));
#550 = DIRECTION('',(-0.,1.,-1.186547930283E-30));
#551 = DIRECTION('',(0.,1.186547930283E-30,1.));
#552 = ADVANCED_FACE('',(#553),#623,.T.);
#553 = FACE_BOUND('',#554,.T.);
#554 = EDGE_LOOP('',(#555,#566,#574,#583,#591,#600,#608,#617));
#555 = ORIENTED_EDGE('',*,*,#556,.F.);
#556 = EDGE_CURVE('',#557,#559,#561,.T.);
#557 = VERTEX_POINT('',#558);
#558 = CARTESIAN_POINT('',(-3.05,8.1,-5.53));
#559 = VERTEX_POINT('',#560);
#560 = CARTESIAN_POINT('',(-2.505666440204,8.1,-5.682113049611));
#561 = CIRCLE('',#562,1.05);
#562 = AXIS2_PLACEMENT_3D('',#563,#564,#565);
#563 = CARTESIAN_POINT('',(-3.05,8.1,-6.58));
#564 = DIRECTION('',(0.,1.,-1.186547930283E-30));
#565 = DIRECTION('',(0.,1.186547930283E-30,1.));
#566 = ORIENTED_EDGE('',*,*,#567,.T.);
#567 = EDGE_CURVE('',#557,#568,#570,.T.);
#568 = VERTEX_POINT('',#569);
#569 = CARTESIAN_POINT('',(-3.05,6.8,-5.53));
#570 = LINE('',#571,#572);
#571 = CARTESIAN_POINT('',(-3.05,8.1,-5.53));
#572 = VECTOR('',#573,1.);
#573 = DIRECTION('',(-0.,-1.,1.186547930283E-30));
#574 = ORIENTED_EDGE('',*,*,#575,.T.);
#575 = EDGE_CURVE('',#568,#576,#578,.T.);
#576 = VERTEX_POINT('',#577);
#577 = CARTESIAN_POINT('',(-3.05,6.8,-7.63));
#578 = CIRCLE('',#579,1.05);
#579 = AXIS2_PLACEMENT_3D('',#580,#581,#582);
#580 = CARTESIAN_POINT('',(-3.05,6.8,-6.58));
#581 = DIRECTION('',(-0.,1.,-1.186547930283E-30));
#582 = DIRECTION('',(0.,-1.186547930283E-30,-1.));
#583 = ORIENTED_EDGE('',*,*,#584,.F.);
#584 = EDGE_CURVE('',#585,#576,#587,.T.);
#585 = VERTEX_POINT('',#586);
#586 = CARTESIAN_POINT('',(-3.05,8.1,-7.63));
#587 = LINE('',#588,#589);
#588 = CARTESIAN_POINT('',(-3.05,8.1,-7.63));
#589 = VECTOR('',#590,1.);
#590 = DIRECTION('',(-0.,-1.,1.186547930283E-30));
#591 = ORIENTED_EDGE('',*,*,#592,.F.);
#592 = EDGE_CURVE('',#593,#585,#595,.T.);
#593 = VERTEX_POINT('',#594);
#594 = CARTESIAN_POINT('',(-2.152113049611,8.1,-6.035666440204));
#595 = CIRCLE('',#596,1.05);
#596 = AXIS2_PLACEMENT_3D('',#597,#598,#599);
#597 = CARTESIAN_POINT('',(-3.05,8.1,-6.58));
#598 = DIRECTION('',(-0.,1.,-1.186547930283E-30));
#599 = DIRECTION('',(0.,-1.186547930283E-30,-1.));
#600 = ORIENTED_EDGE('',*,*,#601,.T.);
#601 = EDGE_CURVE('',#593,#602,#604,.T.);
#602 = VERTEX_POINT('',#603);
#603 = CARTESIAN_POINT('',(-2.152113049611,7.55,-6.035666440204));
#604 = LINE('',#605,#606);
#605 = CARTESIAN_POINT('',(-2.152113049611,8.1,-6.035666440204));
#606 = VECTOR('',#607,1.);
#607 = DIRECTION('',(-0.,-1.,1.186547930283E-30));
#608 = ORIENTED_EDGE('',*,*,#609,.F.);
#609 = EDGE_CURVE('',#610,#602,#612,.T.);
#610 = VERTEX_POINT('',#611);
#611 = CARTESIAN_POINT('',(-2.505666440204,7.55,-5.682113049611));
#612 = CIRCLE('',#613,1.05);
#613 = AXIS2_PLACEMENT_3D('',#614,#615,#616);
#614 = CARTESIAN_POINT('',(-3.05,7.55,-6.58));
#615 = DIRECTION('',(0.,1.,-1.186547930283E-30));
#616 = DIRECTION('',(0.,1.186547930283E-30,1.));
#617 = ORIENTED_EDGE('',*,*,#618,.T.);
#618 = EDGE_CURVE('',#610,#559,#619,.T.);
#619 = LINE('',#620,#621);
#620 = CARTESIAN_POINT('',(-2.505666440204,7.55,-5.682113049611));
#621 = VECTOR('',#622,1.);
#622 = DIRECTION('',(-0.,1.,-1.186547930283E-30));
#623 = CYLINDRICAL_SURFACE('',#624,1.05);
#624 = AXIS2_PLACEMENT_3D('',#625,#626,#627);
#625 = CARTESIAN_POINT('',(-3.05,8.1,-6.58));
#626 = DIRECTION('',(-0.,-1.,1.186547930283E-30));
#627 = DIRECTION('',(-0.,-1.186547930283E-30,-1.));
#628 = ADVANCED_FACE('',(#629),#665,.F.);
#629 = FACE_BOUND('',#630,.F.);
#630 = EDGE_LOOP('',(#631,#641,#650,#658));
#631 = ORIENTED_EDGE('',*,*,#632,.T.);
#632 = EDGE_CURVE('',#633,#635,#637,.T.);
#633 = VERTEX_POINT('',#634);
#634 = CARTESIAN_POINT('',(-3.05,6.8,-5.48));
#635 = VERTEX_POINT('',#636);
#636 = CARTESIAN_POINT('',(-3.05,8.5,-5.48));
#637 = LINE('',#638,#639);
#638 = CARTESIAN_POINT('',(-3.05,8.5,-5.48));
#639 = VECTOR('',#640,1.);
#640 = DIRECTION('',(-0.,1.,-1.186547930283E-30));
#641 = ORIENTED_EDGE('',*,*,#642,.F.);
#642 = EDGE_CURVE('',#643,#635,#645,.T.);
#643 = VERTEX_POINT('',#644);
#644 = CARTESIAN_POINT('',(-3.05,8.5,-7.68));
#645 = CIRCLE('',#646,1.1);
#646 = AXIS2_PLACEMENT_3D('',#647,#648,#649);
#647 = CARTESIAN_POINT('',(-3.05,8.5,-6.58));
#648 = DIRECTION('',(-0.,1.,-1.186547930283E-30));
#649 = DIRECTION('',(0.,1.186547930283E-30,1.));
#650 = ORIENTED_EDGE('',*,*,#651,.F.);
#651 = EDGE_CURVE('',#652,#643,#654,.T.);
#652 = VERTEX_POINT('',#653);
#653 = CARTESIAN_POINT('',(-3.05,6.8,-7.68));
#654 = LINE('',#655,#656);
#655 = CARTESIAN_POINT('',(-3.05,8.5,-7.68));
#656 = VECTOR('',#657,1.);
#657 = DIRECTION('',(-0.,1.,-1.186547930283E-30));
#658 = ORIENTED_EDGE('',*,*,#659,.T.);
#659 = EDGE_CURVE('',#652,#633,#660,.T.);
#660 = CIRCLE('',#661,1.1);
#661 = AXIS2_PLACEMENT_3D('',#662,#663,#664);
#662 = CARTESIAN_POINT('',(-3.05,6.8,-6.58));
#663 = DIRECTION('',(-0.,1.,-1.186547930283E-30));
#664 = DIRECTION('',(0.,1.186547930283E-30,1.));
#665 = CYLINDRICAL_SURFACE('',#666,1.1);
#666 = AXIS2_PLACEMENT_3D('',#667,#668,#669);
#667 = CARTESIAN_POINT('',(-3.05,8.5,-6.58));
#668 = DIRECTION('',(-0.,1.,-1.186547930283E-30));
#669 = DIRECTION('',(0.,1.186547930283E-30,1.));
#670 = ADVANCED_FACE('',(#671),#707,.T.);
#671 = FACE_BOUND('',#672,.T.);
#672 = EDGE_LOOP('',(#673,#684,#692,#701));
#673 = ORIENTED_EDGE('',*,*,#674,.F.);
#674 = EDGE_CURVE('',#675,#677,#679,.T.);
#675 = VERTEX_POINT('',#676);
#676 = CARTESIAN_POINT('',(-3.1,-0.5,-4.59));
#677 = VERTEX_POINT('',#678);
#678 = CARTESIAN_POINT('',(-3.1,-0.5,-3.49));
#679 = CIRCLE('',#680,0.55);
#680 = AXIS2_PLACEMENT_3D('',#681,#682,#683);
#681 = CARTESIAN_POINT('',(-3.1,-0.5,-4.04));
#682 = DIRECTION('',(0.,-1.,0.));
#683 = DIRECTION('',(0.,0.,-1.));
#684 = ORIENTED_EDGE('',*,*,#685,.T.);
#685 = EDGE_CURVE('',#675,#686,#688,.T.);
#686 = VERTEX_POINT('',#687);
#687 = CARTESIAN_POINT('',(-3.1,0.,-4.59));
#688 = LINE('',#689,#690);
#689 = CARTESIAN_POINT('',(-3.1,-0.5,-4.59));
#690 = VECTOR('',#691,1.);
#691 = DIRECTION('',(-0.,1.,-0.));
#692 = ORIENTED_EDGE('',*,*,#693,.T.);
#693 = EDGE_CURVE('',#686,#694,#696,.T.);
#694 = VERTEX_POINT('',#695);
#695 = CARTESIAN_POINT('',(-3.1,0.,-3.49));
#696 = CIRCLE('',#697,0.55);
#697 = AXIS2_PLACEMENT_3D('',#698,#699,#700);
#698 = CARTESIAN_POINT('',(-3.1,0.,-4.04));
#699 = DIRECTION('',(0.,-1.,0.));
#700 = DIRECTION('',(0.,0.,1.));
#701 = ORIENTED_EDGE('',*,*,#702,.F.);
#702 = EDGE_CURVE('',#677,#694,#703,.T.);
#703 = LINE('',#704,#705);
#704 = CARTESIAN_POINT('',(-3.1,-0.5,-3.49));
#705 = VECTOR('',#706,1.);
#706 = DIRECTION('',(-0.,1.,-0.));
#707 = CYLINDRICAL_SURFACE('',#708,0.55);
#708 = AXIS2_PLACEMENT_3D('',#709,#710,#711);
#709 = CARTESIAN_POINT('',(-3.1,-0.5,-4.04));
#710 = DIRECTION('',(-0.,1.,-0.));
#711 = DIRECTION('',(0.,0.,1.));
#712 = ADVANCED_FACE('',(#713),#749,.T.);
#713 = FACE_BOUND('',#714,.T.);
#714 = EDGE_LOOP('',(#715,#726,#734,#743));
#715 = ORIENTED_EDGE('',*,*,#716,.F.);
#716 = EDGE_CURVE('',#717,#719,#721,.T.);
#717 = VERTEX_POINT('',#718);
#718 = CARTESIAN_POINT('',(-3.1,-0.5,-2.05));
#719 = VERTEX_POINT('',#720);
#720 = CARTESIAN_POINT('',(-3.1,-0.5,-0.95));
#721 = CIRCLE('',#722,0.55);
#722 = AXIS2_PLACEMENT_3D('',#723,#724,#725);
#723 = CARTESIAN_POINT('',(-3.1,-0.5,-1.5));
#724 = DIRECTION('',(0.,-1.,0.));
#725 = DIRECTION('',(0.,0.,-1.));
#726 = ORIENTED_EDGE('',*,*,#727,.T.);
#727 = EDGE_CURVE('',#717,#728,#730,.T.);
#728 = VERTEX_POINT('',#729);
#729 = CARTESIAN_POINT('',(-3.1,0.,-2.05));
#730 = LINE('',#731,#732);
#731 = CARTESIAN_POINT('',(-3.1,-0.5,-2.05));
#732 = VECTOR('',#733,1.);
#733 = DIRECTION('',(-0.,1.,-0.));
#734 = ORIENTED_EDGE('',*,*,#735,.T.);
#735 = EDGE_CURVE('',#728,#736,#738,.T.);
#736 = VERTEX_POINT('',#737);
#737 = CARTESIAN_POINT('',(-3.1,0.,-0.95));
#738 = CIRCLE('',#739,0.55);
#739 = AXIS2_PLACEMENT_3D('',#740,#741,#742);
#740 = CARTESIAN_POINT('',(-3.1,0.,-1.5));
#741 = DIRECTION('',(0.,-1.,0.));
#742 = DIRECTION('',(0.,0.,1.));
#743 = ORIENTED_EDGE('',*,*,#744,.F.);
#744 = EDGE_CURVE('',#719,#736,#745,.T.);
#745 = LINE('',#746,#747);
#746 = CARTESIAN_POINT('',(-3.1,-0.5,-0.95));
#747 = VECTOR('',#748,1.);
#748 = DIRECTION('',(-0.,1.,-0.));
#749 = CYLINDRICAL_SURFACE('',#750,0.55);
#750 = AXIS2_PLACEMENT_3D('',#751,#752,#753);
#751 = CARTESIAN_POINT('',(-3.1,-0.5,-1.5));
#752 = DIRECTION('',(-0.,1.,-0.));
#753 = DIRECTION('',(0.,0.,1.));
#754 = ADVANCED_FACE('',(#755),#791,.T.);
#755 = FACE_BOUND('',#756,.T.);
#756 = EDGE_LOOP('',(#757,#768,#776,#785));
#757 = ORIENTED_EDGE('',*,*,#758,.F.);
#758 = EDGE_CURVE('',#759,#761,#763,.T.);
#759 = VERTEX_POINT('',#760);
#760 = CARTESIAN_POINT('',(-3.1,-0.5,-7.13));
#761 = VERTEX_POINT('',#762);
#762 = CARTESIAN_POINT('',(-3.1,-0.5,-6.03));
#763 = CIRCLE('',#764,0.55);
#764 = AXIS2_PLACEMENT_3D('',#765,#766,#767);
#765 = CARTESIAN_POINT('',(-3.1,-0.5,-6.58));
#766 = DIRECTION('',(0.,-1.,0.));
#767 = DIRECTION('',(0.,0.,-1.));
#768 = ORIENTED_EDGE('',*,*,#769,.T.);
#769 = EDGE_CURVE('',#759,#770,#772,.T.);
#770 = VERTEX_POINT('',#771);
#771 = CARTESIAN_POINT('',(-3.1,0.,-7.13));
#772 = LINE('',#773,#774);
#773 = CARTESIAN_POINT('',(-3.1,-0.5,-7.13));
#774 = VECTOR('',#775,1.);
#775 = DIRECTION('',(-0.,1.,-0.));
#776 = ORIENTED_EDGE('',*,*,#777,.T.);
#777 = EDGE_CURVE('',#770,#778,#780,.T.);
#778 = VERTEX_POINT('',#779);
#779 = CARTESIAN_POINT('',(-3.1,0.,-6.03));
#780 = CIRCLE('',#781,0.55);
#781 = AXIS2_PLACEMENT_3D('',#782,#783,#784);
#782 = CARTESIAN_POINT('',(-3.1,0.,-6.58));
#783 = DIRECTION('',(0.,-1.,0.));
#784 = DIRECTION('',(0.,0.,1.));
#785 = ORIENTED_EDGE('',*,*,#786,.F.);
#786 = EDGE_CURVE('',#761,#778,#787,.T.);
#787 = LINE('',#788,#789);
#788 = CARTESIAN_POINT('',(-3.1,-0.5,-6.03));
#789 = VECTOR('',#790,1.);
#790 = DIRECTION('',(-0.,1.,-0.));
#791 = CYLINDRICAL_SURFACE('',#792,0.55);
#792 = AXIS2_PLACEMENT_3D('',#793,#794,#795);
#793 = CARTESIAN_POINT('',(-3.1,-0.5,-6.58));
#794 = DIRECTION('',(-0.,1.,-0.));
#795 = DIRECTION('',(0.,0.,1.));
#796 = ADVANCED_FACE('',(#797),#833,.T.);
#797 = FACE_BOUND('',#798,.T.);
#798 = EDGE_LOOP('',(#799,#810,#818,#827));
#799 = ORIENTED_EDGE('',*,*,#800,.F.);
#800 = EDGE_CURVE('',#801,#803,#805,.T.);
#801 = VERTEX_POINT('',#802);
#802 = CARTESIAN_POINT('',(-3.1,-0.5,-9.67));
#803 = VERTEX_POINT('',#804);
#804 = CARTESIAN_POINT('',(-3.1,-0.5,-8.57));
#805 = CIRCLE('',#806,0.55);
#806 = AXIS2_PLACEMENT_3D('',#807,#808,#809);
#807 = CARTESIAN_POINT('',(-3.1,-0.5,-9.12));
#808 = DIRECTION('',(0.,-1.,0.));
#809 = DIRECTION('',(0.,0.,-1.));
#810 = ORIENTED_EDGE('',*,*,#811,.T.);
#811 = EDGE_CURVE('',#801,#812,#814,.T.);
#812 = VERTEX_POINT('',#813);
#813 = CARTESIAN_POINT('',(-3.1,0.,-9.67));
#814 = LINE('',#815,#816);
#815 = CARTESIAN_POINT('',(-3.1,-0.5,-9.67));
#816 = VECTOR('',#817,1.);
#817 = DIRECTION('',(-0.,1.,-0.));
#818 = ORIENTED_EDGE('',*,*,#819,.T.);
#819 = EDGE_CURVE('',#812,#820,#822,.T.);
#820 = VERTEX_POINT('',#821);
#821 = CARTESIAN_POINT('',(-3.1,0.,-8.57));
#822 = CIRCLE('',#823,0.55);
#823 = AXIS2_PLACEMENT_3D('',#824,#825,#826);
#824 = CARTESIAN_POINT('',(-3.1,0.,-9.12));
#825 = DIRECTION('',(0.,-1.,0.));
#826 = DIRECTION('',(0.,0.,1.));
#827 = ORIENTED_EDGE('',*,*,#828,.F.);
#828 = EDGE_CURVE('',#803,#820,#829,.T.);
#829 = LINE('',#830,#831);
#830 = CARTESIAN_POINT('',(-3.1,-0.5,-8.57));
#831 = VECTOR('',#832,1.);
#832 = DIRECTION('',(-0.,1.,-0.));
#833 = CYLINDRICAL_SURFACE('',#834,0.55);
#834 = AXIS2_PLACEMENT_3D('',#835,#836,#837);
#835 = CARTESIAN_POINT('',(-3.1,-0.5,-9.12));
#836 = DIRECTION('',(-0.,1.,-0.));
#837 = DIRECTION('',(0.,0.,1.));
#838 = ADVANCED_FACE('',(#839),#868,.T.);
#839 = FACE_BOUND('',#840,.T.);
#840 = EDGE_LOOP('',(#841,#852,#861));
#841 = ORIENTED_EDGE('',*,*,#842,.T.);
#842 = EDGE_CURVE('',#843,#845,#847,.T.);
#843 = VERTEX_POINT('',#844);
#844 = CARTESIAN_POINT('',(-4.862459848116,7.230579115706,
    -1.972870804502));
#845 = VERTEX_POINT('',#846);
#846 = CARTESIAN_POINT('',(-5.2,7.230579115706,-1.5));
#847 = CIRCLE('',#848,0.5);
#848 = AXIS2_PLACEMENT_3D('',#849,#850,#851);
#849 = CARTESIAN_POINT('',(-4.7,7.230579115706,-1.5));
#850 = DIRECTION('',(0.,1.,0.));
#851 = DIRECTION('',(-1.,0.,0.));
#852 = ORIENTED_EDGE('',*,*,#853,.T.);
#853 = EDGE_CURVE('',#845,#854,#856,.T.);
#854 = VERTEX_POINT('',#855);
#855 = CARTESIAN_POINT('',(-4.7,7.730579115707,-1.5));
#856 = CIRCLE('',#857,0.5);
#857 = AXIS2_PLACEMENT_3D('',#858,#859,#860);
#858 = CARTESIAN_POINT('',(-4.7,7.230579115706,-1.5));
#859 = DIRECTION('',(1.224606353822E-16,0.,-1.));
#860 = DIRECTION('',(-1.,0.,-1.224606353822E-16));
#861 = ORIENTED_EDGE('',*,*,#862,.T.);
#862 = EDGE_CURVE('',#854,#843,#863,.T.);
#863 = CIRCLE('',#864,0.475528258148);
#864 = AXIS2_PLACEMENT_3D('',#865,#866,#867);
#865 = CARTESIAN_POINT('',(-4.846946313073,7.278324867113,-1.5));
#866 = DIRECTION('',(-0.951056516295,0.309016994375,-1.164669852699E-16)
  );
#867 = DIRECTION('',(-0.309016994375,-0.951056516295,1.848892746612E-32)
  );
#868 = SPHERICAL_SURFACE('',#869,0.5);
#869 = AXIS2_PLACEMENT_3D('',#870,#871,#872);
#870 = CARTESIAN_POINT('',(-4.7,7.230579115706,-1.5));
#871 = DIRECTION('',(0.,-0.,1.));
#872 = DIRECTION('',(-1.,0.,0.));
#873 = ADVANCED_FACE('',(#874),#892,.T.);
#874 = FACE_BOUND('',#875,.T.);
#875 = EDGE_LOOP('',(#876,#885,#891));
#876 = ORIENTED_EDGE('',*,*,#877,.T.);
#877 = EDGE_CURVE('',#843,#878,#880,.T.);
#878 = VERTEX_POINT('',#879);
#879 = CARTESIAN_POINT('',(-5.2,6.191737347119,-1.5));
#880 = ( BOUNDED_CURVE() B_SPLINE_CURVE(3,(#881,#882,#883,#884),
.UNSPECIFIED.,.F.,.F.) B_SPLINE_CURVE_WITH_KNOTS((4,4),(5.04331579634,
6.28318530718),.PIECEWISE_BEZIER_KNOTS.) CURVE() 
GEOMETRIC_REPRESENTATION_ITEM() RATIONAL_B_SPLINE_CURVE((1.,
0.875944242884,0.875944242884,1.)) REPRESENTATION_ITEM('') );
#881 = CARTESIAN_POINT('',(-4.862459848116,7.230579115706,
    -1.972870804502));
#882 = CARTESIAN_POINT('',(-5.07155188829,6.587059985908,-1.901034986418
    ));
#883 = CARTESIAN_POINT('',(-5.2,6.191737347119,-1.721087914694));
#884 = CARTESIAN_POINT('',(-5.2,6.191737347119,-1.5));
#885 = ORIENTED_EDGE('',*,*,#886,.T.);
#886 = EDGE_CURVE('',#878,#845,#887,.T.);
#887 = LINE('',#888,#889);
#888 = CARTESIAN_POINT('',(-5.2,6.711158231413,-1.5));
#889 = VECTOR('',#890,1.);
#890 = DIRECTION('',(0.,1.,0.));
#891 = ORIENTED_EDGE('',*,*,#842,.F.);
#892 = CYLINDRICAL_SURFACE('',#893,0.5);
#893 = AXIS2_PLACEMENT_3D('',#894,#895,#896);
#894 = CARTESIAN_POINT('',(-4.7,6.711158231413,-1.5));
#895 = DIRECTION('',(0.,1.,0.));
#896 = DIRECTION('',(-1.,0.,0.));
#897 = ADVANCED_FACE('',(#898),#927,.T.);
#898 = FACE_BOUND('',#899,.T.);
#899 = EDGE_LOOP('',(#900,#911,#920));
#900 = ORIENTED_EDGE('',*,*,#901,.T.);
#901 = EDGE_CURVE('',#902,#904,#906,.T.);
#902 = VERTEX_POINT('',#903);
#903 = CARTESIAN_POINT('',(-4.862459848116,7.230579115706,
    -7.052870804502));
#904 = VERTEX_POINT('',#905);
#905 = CARTESIAN_POINT('',(-5.2,7.230579115706,-6.58));
#906 = CIRCLE('',#907,0.5);
#907 = AXIS2_PLACEMENT_3D('',#908,#909,#910);
#908 = CARTESIAN_POINT('',(-4.7,7.230579115706,-6.58));
#909 = DIRECTION('',(0.,1.,0.));
#910 = DIRECTION('',(-1.,0.,0.));
#911 = ORIENTED_EDGE('',*,*,#912,.T.);
#912 = EDGE_CURVE('',#904,#913,#915,.T.);
#913 = VERTEX_POINT('',#914);
#914 = CARTESIAN_POINT('',(-4.7,7.730579115707,-6.58));
#915 = CIRCLE('',#916,0.5);
#916 = AXIS2_PLACEMENT_3D('',#917,#918,#919);
#917 = CARTESIAN_POINT('',(-4.7,7.230579115706,-6.58));
#918 = DIRECTION('',(1.224606353822E-16,0.,-1.));
#919 = DIRECTION('',(-1.,0.,-1.224606353822E-16));
#920 = ORIENTED_EDGE('',*,*,#921,.T.);
#921 = EDGE_CURVE('',#913,#902,#922,.T.);
#922 = CIRCLE('',#923,0.475528258148);
#923 = AXIS2_PLACEMENT_3D('',#924,#925,#926);
#924 = CARTESIAN_POINT('',(-4.846946313073,7.278324867113,-6.58));
#925 = DIRECTION('',(-0.951056516295,0.309016994375,-1.164669852699E-16)
  );
#926 = DIRECTION('',(-0.309016994375,-0.951056516295,1.848892746612E-32)
  );
#927 = SPHERICAL_SURFACE('',#928,0.5);
#928 = AXIS2_PLACEMENT_3D('',#929,#930,#931);
#929 = CARTESIAN_POINT('',(-4.7,7.230579115706,-6.58));
#930 = DIRECTION('',(0.,-0.,1.));
#931 = DIRECTION('',(-1.,0.,0.));
#932 = ADVANCED_FACE('',(#933),#962,.T.);
#933 = FACE_BOUND('',#934,.T.);
#934 = EDGE_LOOP('',(#935,#946,#955));
#935 = ORIENTED_EDGE('',*,*,#936,.T.);
#936 = EDGE_CURVE('',#937,#939,#941,.T.);
#937 = VERTEX_POINT('',#938);
#938 = CARTESIAN_POINT('',(-4.862459848116,7.230579115706,
    -4.512870804502));
#939 = VERTEX_POINT('',#940);
#940 = CARTESIAN_POINT('',(-5.2,7.230579115706,-4.04));
#941 = CIRCLE('',#942,0.5);
#942 = AXIS2_PLACEMENT_3D('',#943,#944,#945);
#943 = CARTESIAN_POINT('',(-4.7,7.230579115706,-4.04));
#944 = DIRECTION('',(0.,1.,0.));
#945 = DIRECTION('',(-1.,0.,0.));
#946 = ORIENTED_EDGE('',*,*,#947,.T.);
#947 = EDGE_CURVE('',#939,#948,#950,.T.);
#948 = VERTEX_POINT('',#949);
#949 = CARTESIAN_POINT('',(-4.7,7.730579115707,-4.04));
#950 = CIRCLE('',#951,0.5);
#951 = AXIS2_PLACEMENT_3D('',#952,#953,#954);
#952 = CARTESIAN_POINT('',(-4.7,7.230579115706,-4.04));
#953 = DIRECTION('',(1.224606353822E-16,0.,-1.));
#954 = DIRECTION('',(-1.,0.,-1.224606353822E-16));
#955 = ORIENTED_EDGE('',*,*,#956,.T.);
#956 = EDGE_CURVE('',#948,#937,#957,.T.);
#957 = CIRCLE('',#958,0.475528258148);
#958 = AXIS2_PLACEMENT_3D('',#959,#960,#961);
#959 = CARTESIAN_POINT('',(-4.846946313073,7.278324867113,-4.04));
#960 = DIRECTION('',(-0.951056516295,0.309016994375,-1.164669852699E-16)
  );
#961 = DIRECTION('',(-0.309016994375,-0.951056516295,1.848892746612E-32)
  );
#962 = SPHERICAL_SURFACE('',#963,0.5);
#963 = AXIS2_PLACEMENT_3D('',#964,#965,#966);
#964 = CARTESIAN_POINT('',(-4.7,7.230579115706,-4.04));
#965 = DIRECTION('',(0.,-0.,1.));
#966 = DIRECTION('',(-1.,0.,0.));
#967 = ADVANCED_FACE('',(#968),#986,.T.);
#968 = FACE_BOUND('',#969,.T.);
#969 = EDGE_LOOP('',(#970,#979,#985));
#970 = ORIENTED_EDGE('',*,*,#971,.T.);
#971 = EDGE_CURVE('',#937,#972,#974,.T.);
#972 = VERTEX_POINT('',#973);
#973 = CARTESIAN_POINT('',(-5.2,6.191737347119,-4.04));
#974 = ( BOUNDED_CURVE() B_SPLINE_CURVE(3,(#975,#976,#977,#978),
.UNSPECIFIED.,.F.,.F.) B_SPLINE_CURVE_WITH_KNOTS((4,4),(5.04331579634,
6.28318530718),.PIECEWISE_BEZIER_KNOTS.) CURVE() 
GEOMETRIC_REPRESENTATION_ITEM() RATIONAL_B_SPLINE_CURVE((1.,
0.875944242884,0.875944242884,1.)) REPRESENTATION_ITEM('') );
#975 = CARTESIAN_POINT('',(-4.862459848116,7.230579115706,
    -4.512870804502));
#976 = CARTESIAN_POINT('',(-5.07155188829,6.587059985908,-4.441034986418
    ));
#977 = CARTESIAN_POINT('',(-5.2,6.191737347119,-4.261087914694));
#978 = CARTESIAN_POINT('',(-5.2,6.191737347119,-4.04));
#979 = ORIENTED_EDGE('',*,*,#980,.T.);
#980 = EDGE_CURVE('',#972,#939,#981,.T.);
#981 = LINE('',#982,#983);
#982 = CARTESIAN_POINT('',(-5.2,6.711158231413,-4.04));
#983 = VECTOR('',#984,1.);
#984 = DIRECTION('',(0.,1.,0.));
#985 = ORIENTED_EDGE('',*,*,#936,.F.);
#986 = CYLINDRICAL_SURFACE('',#987,0.5);
#987 = AXIS2_PLACEMENT_3D('',#988,#989,#990);
#988 = CARTESIAN_POINT('',(-4.7,6.711158231413,-4.04));
#989 = DIRECTION('',(0.,1.,0.));
#990 = DIRECTION('',(-1.,0.,0.));
#991 = ADVANCED_FACE('',(#992),#1020,.T.);
#992 = FACE_BOUND('',#993,.T.);
#993 = EDGE_LOOP('',(#994,#1005,#1013));
#994 = ORIENTED_EDGE('',*,*,#995,.T.);
#995 = EDGE_CURVE('',#996,#998,#1000,.T.);
#996 = VERTEX_POINT('',#997);
#997 = CARTESIAN_POINT('',(-4.862459848116,7.230579115706,
    -9.592870804502));
#998 = VERTEX_POINT('',#999);
#999 = CARTESIAN_POINT('',(-5.2,6.191737347119,-9.12));
#1000 = ( BOUNDED_CURVE() B_SPLINE_CURVE(3,(#1001,#1002,#1003,#1004),
.UNSPECIFIED.,.F.,.F.) B_SPLINE_CURVE_WITH_KNOTS((4,4),(5.04331579634,
6.28318530718),.PIECEWISE_BEZIER_KNOTS.) CURVE() 
GEOMETRIC_REPRESENTATION_ITEM() RATIONAL_B_SPLINE_CURVE((1.,
0.875944242884,0.875944242884,1.)) REPRESENTATION_ITEM('') );
#1001 = CARTESIAN_POINT('',(-4.862459848116,7.230579115706,
    -9.592870804502));
#1002 = CARTESIAN_POINT('',(-5.07155188829,6.587059985908,
    -9.521034986418));
#1003 = CARTESIAN_POINT('',(-5.2,6.191737347119,-9.341087914694));
#1004 = CARTESIAN_POINT('',(-5.2,6.191737347119,-9.12));
#1005 = ORIENTED_EDGE('',*,*,#1006,.T.);
#1006 = EDGE_CURVE('',#998,#1007,#1009,.T.);
#1007 = VERTEX_POINT('',#1008);
#1008 = CARTESIAN_POINT('',(-5.2,7.230579115706,-9.12));
#1009 = LINE('',#1010,#1011);
#1010 = CARTESIAN_POINT('',(-5.2,6.711158231413,-9.12));
#1011 = VECTOR('',#1012,1.);
#1012 = DIRECTION('',(0.,1.,0.));
#1013 = ORIENTED_EDGE('',*,*,#1014,.F.);
#1014 = EDGE_CURVE('',#996,#1007,#1015,.T.);
#1015 = CIRCLE('',#1016,0.5);
#1016 = AXIS2_PLACEMENT_3D('',#1017,#1018,#1019);
#1017 = CARTESIAN_POINT('',(-4.7,7.230579115706,-9.12));
#1018 = DIRECTION('',(0.,1.,0.));
#1019 = DIRECTION('',(-1.,0.,0.));
#1020 = CYLINDRICAL_SURFACE('',#1021,0.5);
#1021 = AXIS2_PLACEMENT_3D('',#1022,#1023,#1024);
#1022 = CARTESIAN_POINT('',(-4.7,6.711158231413,-9.12));
#1023 = DIRECTION('',(0.,1.,0.));
#1024 = DIRECTION('',(-1.,0.,0.));
#1025 = ADVANCED_FACE('',(#1026),#1044,.T.);
#1026 = FACE_BOUND('',#1027,.T.);
#1027 = EDGE_LOOP('',(#1028,#1037,#1043));
#1028 = ORIENTED_EDGE('',*,*,#1029,.T.);
#1029 = EDGE_CURVE('',#902,#1030,#1032,.T.);
#1030 = VERTEX_POINT('',#1031);
#1031 = CARTESIAN_POINT('',(-5.2,6.191737347119,-6.58));
#1032 = ( BOUNDED_CURVE() B_SPLINE_CURVE(3,(#1033,#1034,#1035,#1036),
.UNSPECIFIED.,.F.,.F.) B_SPLINE_CURVE_WITH_KNOTS((4,4),(5.04331579634,
6.28318530718),.PIECEWISE_BEZIER_KNOTS.) CURVE() 
GEOMETRIC_REPRESENTATION_ITEM() RATIONAL_B_SPLINE_CURVE((1.,
0.875944242884,0.875944242884,1.)) REPRESENTATION_ITEM('') );
#1033 = CARTESIAN_POINT('',(-4.862459848116,7.230579115706,
    -7.052870804502));
#1034 = CARTESIAN_POINT('',(-5.07155188829,6.587059985908,
    -6.981034986418));
#1035 = CARTESIAN_POINT('',(-5.2,6.191737347119,-6.801087914694));
#1036 = CARTESIAN_POINT('',(-5.2,6.191737347119,-6.58));
#1037 = ORIENTED_EDGE('',*,*,#1038,.T.);
#1038 = EDGE_CURVE('',#1030,#904,#1039,.T.);
#1039 = LINE('',#1040,#1041);
#1040 = CARTESIAN_POINT('',(-5.2,6.711158231413,-6.58));
#1041 = VECTOR('',#1042,1.);
#1042 = DIRECTION('',(0.,1.,0.));
#1043 = ORIENTED_EDGE('',*,*,#901,.F.);
#1044 = CYLINDRICAL_SURFACE('',#1045,0.5);
#1045 = AXIS2_PLACEMENT_3D('',#1046,#1047,#1048);
#1046 = CARTESIAN_POINT('',(-4.7,6.711158231413,-6.58));
#1047 = DIRECTION('',(0.,1.,0.));
#1048 = DIRECTION('',(-1.,0.,0.));
#1049 = ADVANCED_FACE('',(#1050),#1069,.T.);
#1050 = FACE_BOUND('',#1051,.T.);
#1051 = EDGE_LOOP('',(#1052,#1053,#1062));
#1052 = ORIENTED_EDGE('',*,*,#1014,.T.);
#1053 = ORIENTED_EDGE('',*,*,#1054,.T.);
#1054 = EDGE_CURVE('',#1007,#1055,#1057,.T.);
#1055 = VERTEX_POINT('',#1056);
#1056 = CARTESIAN_POINT('',(-4.7,7.730579115707,-9.12));
#1057 = CIRCLE('',#1058,0.5);
#1058 = AXIS2_PLACEMENT_3D('',#1059,#1060,#1061);
#1059 = CARTESIAN_POINT('',(-4.7,7.230579115706,-9.12));
#1060 = DIRECTION('',(1.224606353822E-16,0.,-1.));
#1061 = DIRECTION('',(-1.,0.,-1.224606353822E-16));
#1062 = ORIENTED_EDGE('',*,*,#1063,.T.);
#1063 = EDGE_CURVE('',#1055,#996,#1064,.T.);
#1064 = CIRCLE('',#1065,0.475528258148);
#1065 = AXIS2_PLACEMENT_3D('',#1066,#1067,#1068);
#1066 = CARTESIAN_POINT('',(-4.846946313073,7.278324867113,-9.12));
#1067 = DIRECTION('',(-0.951056516295,0.309016994375,-1.164669852699E-16
    ));
#1068 = DIRECTION('',(-0.309016994375,-0.951056516295,1.848892746612E-32
    ));
#1069 = SPHERICAL_SURFACE('',#1070,0.5);
#1070 = AXIS2_PLACEMENT_3D('',#1071,#1072,#1073);
#1071 = CARTESIAN_POINT('',(-4.7,7.230579115706,-9.12));
#1072 = DIRECTION('',(0.,-0.,1.));
#1073 = DIRECTION('',(-1.,0.,0.));
#1074 = ADVANCED_FACE('',(#1075,#1085,#1155,#1259),#1331,.T.);
#1075 = FACE_BOUND('',#1076,.T.);
#1076 = EDGE_LOOP('',(#1077,#1084));
#1077 = ORIENTED_EDGE('',*,*,#1078,.F.);
#1078 = EDGE_CURVE('',#138,#130,#1079,.T.);
#1079 = CIRCLE('',#1080,0.228362130293);
#1080 = AXIS2_PLACEMENT_3D('',#1081,#1082,#1083);
#1081 = CARTESIAN_POINT('',(-4.144843712905,2.223807899774,-10.52));
#1082 = DIRECTION('',(5.782411586589E-16,-8.359070939181E-32,-1.));
#1083 = DIRECTION('',(-1.,-4.833558865184E-47,-5.782411586589E-16));
#1084 = ORIENTED_EDGE('',*,*,#137,.F.);
#1085 = FACE_BOUND('',#1086,.T.);
#1086 = EDGE_LOOP('',(#1087,#1097,#1106,#1114,#1123,#1131,#1140,#1148));
#1087 = ORIENTED_EDGE('',*,*,#1088,.T.);
#1088 = EDGE_CURVE('',#1089,#1091,#1093,.T.);
#1089 = VERTEX_POINT('',#1090);
#1090 = CARTESIAN_POINT('',(-5.7,0.710795812578,-10.52));
#1091 = VERTEX_POINT('',#1092);
#1092 = CARTESIAN_POINT('',(-5.7,3.289204187422,-10.52));
#1093 = LINE('',#1094,#1095);
#1094 = CARTESIAN_POINT('',(-5.7,0.5,-10.52));
#1095 = VECTOR('',#1096,1.);
#1096 = DIRECTION('',(0.,1.,0.));
#1097 = ORIENTED_EDGE('',*,*,#1098,.T.);
#1098 = EDGE_CURVE('',#1091,#1099,#1101,.T.);
#1099 = VERTEX_POINT('',#1100);
#1100 = CARTESIAN_POINT('',(-5.489204187422,3.5,-10.52));
#1101 = CIRCLE('',#1102,0.210795812578);
#1102 = AXIS2_PLACEMENT_3D('',#1103,#1104,#1105);
#1103 = CARTESIAN_POINT('',(-5.489204187422,3.289204187422,-10.52));
#1104 = DIRECTION('',(0.,-0.,-1.));
#1105 = DIRECTION('',(-1.,-0.,0.));
#1106 = ORIENTED_EDGE('',*,*,#1107,.T.);
#1107 = EDGE_CURVE('',#1099,#1108,#1110,.T.);
#1108 = VERTEX_POINT('',#1109);
#1109 = CARTESIAN_POINT('',(-2.910795812578,3.5,-10.52));
#1110 = LINE('',#1111,#1112);
#1111 = CARTESIAN_POINT('',(-5.7,3.5,-10.52));
#1112 = VECTOR('',#1113,1.);
#1113 = DIRECTION('',(1.,0.,0.));
#1114 = ORIENTED_EDGE('',*,*,#1115,.T.);
#1115 = EDGE_CURVE('',#1108,#1116,#1118,.T.);
#1116 = VERTEX_POINT('',#1117);
#1117 = CARTESIAN_POINT('',(-2.7,3.289204187422,-10.52));
#1118 = CIRCLE('',#1119,0.210795812578);
#1119 = AXIS2_PLACEMENT_3D('',#1120,#1121,#1122);
#1120 = CARTESIAN_POINT('',(-2.910795812578,3.289204187422,-10.52));
#1121 = DIRECTION('',(0.,-0.,-1.));
#1122 = DIRECTION('',(-1.,-0.,0.));
#1123 = ORIENTED_EDGE('',*,*,#1124,.T.);
#1124 = EDGE_CURVE('',#1116,#1125,#1127,.T.);
#1125 = VERTEX_POINT('',#1126);
#1126 = CARTESIAN_POINT('',(-2.7,0.710795812578,-10.52));
#1127 = LINE('',#1128,#1129);
#1128 = CARTESIAN_POINT('',(-2.7,3.5,-10.52));
#1129 = VECTOR('',#1130,1.);
#1130 = DIRECTION('',(-1.445602896647E-16,-1.,0.));
#1131 = ORIENTED_EDGE('',*,*,#1132,.T.);
#1132 = EDGE_CURVE('',#1125,#1133,#1135,.T.);
#1133 = VERTEX_POINT('',#1134);
#1134 = CARTESIAN_POINT('',(-2.910795812578,0.5,-10.52));
#1135 = CIRCLE('',#1136,0.210795812578);
#1136 = AXIS2_PLACEMENT_3D('',#1137,#1138,#1139);
#1137 = CARTESIAN_POINT('',(-2.910795812578,0.710795812578,-10.52));
#1138 = DIRECTION('',(0.,-0.,-1.));
#1139 = DIRECTION('',(-1.,-0.,0.));
#1140 = ORIENTED_EDGE('',*,*,#1141,.T.);
#1141 = EDGE_CURVE('',#1133,#1142,#1144,.T.);
#1142 = VERTEX_POINT('',#1143);
#1143 = CARTESIAN_POINT('',(-5.489204187422,0.5,-10.52));
#1144 = LINE('',#1145,#1146);
#1145 = CARTESIAN_POINT('',(-2.7,0.5,-10.52));
#1146 = VECTOR('',#1147,1.);
#1147 = DIRECTION('',(-1.,-7.228014483237E-17,0.));
#1148 = ORIENTED_EDGE('',*,*,#1149,.T.);
#1149 = EDGE_CURVE('',#1142,#1089,#1150,.T.);
#1150 = CIRCLE('',#1151,0.210795812578);
#1151 = AXIS2_PLACEMENT_3D('',#1152,#1153,#1154);
#1152 = CARTESIAN_POINT('',(-5.489204187422,0.710795812578,-10.52));
#1153 = DIRECTION('',(0.,-0.,-1.));
#1154 = DIRECTION('',(-1.,-0.,0.));
#1155 = FACE_BOUND('',#1156,.T.);
#1156 = EDGE_LOOP('',(#1157,#1167,#1176,#1184,#1193,#1201,#1210,#1218,
    #1227,#1235,#1242,#1243,#1252));
#1157 = ORIENTED_EDGE('',*,*,#1158,.F.);
#1158 = EDGE_CURVE('',#1159,#1161,#1163,.T.);
#1159 = VERTEX_POINT('',#1160);
#1160 = CARTESIAN_POINT('',(-4.034531138716,1.035804338766,-10.52));
#1161 = VERTEX_POINT('',#1162);
#1162 = CARTESIAN_POINT('',(-4.034531138716,1.638596440536,-10.52));
#1163 = LINE('',#1164,#1165);
#1164 = CARTESIAN_POINT('',(-4.034531138716,1.780605704176,-10.52));
#1165 = VECTOR('',#1166,1.);
#1166 = DIRECTION('',(-0.,1.,-0.));
#1167 = ORIENTED_EDGE('',*,*,#1168,.T.);
#1168 = EDGE_CURVE('',#1159,#1169,#1171,.T.);
#1169 = VERTEX_POINT('',#1170);
#1170 = CARTESIAN_POINT('',(-3.823735326138,0.825008526188,-10.52));
#1171 = CIRCLE('',#1172,0.210795812578);
#1172 = AXIS2_PLACEMENT_3D('',#1173,#1174,#1175);
#1173 = CARTESIAN_POINT('',(-3.823735326138,1.035804338766,-10.52));
#1174 = DIRECTION('',(0.,0.,1.));
#1175 = DIRECTION('',(-1.,0.,-0.));
#1176 = ORIENTED_EDGE('',*,*,#1177,.F.);
#1177 = EDGE_CURVE('',#1178,#1169,#1180,.T.);
#1178 = VERTEX_POINT('',#1179);
#1179 = CARTESIAN_POINT('',(-3.252513783586,0.825008526188,-10.52));
#1180 = LINE('',#1181,#1182);
#1181 = CARTESIAN_POINT('',(-4.034531138716,0.825008526188,-10.52));
#1182 = VECTOR('',#1183,1.);
#1183 = DIRECTION('',(-1.,-0.,-0.));
#1184 = ORIENTED_EDGE('',*,*,#1185,.T.);
#1185 = EDGE_CURVE('',#1178,#1186,#1188,.T.);
#1186 = VERTEX_POINT('',#1187);
#1187 = CARTESIAN_POINT('',(-3.041717971008,1.035804338766,-10.52));
#1188 = CIRCLE('',#1189,0.210795812578);
#1189 = AXIS2_PLACEMENT_3D('',#1190,#1191,#1192);
#1190 = CARTESIAN_POINT('',(-3.252513783586,1.035804338766,-10.52));
#1191 = DIRECTION('',(0.,0.,1.));
#1192 = DIRECTION('',(-1.,0.,-0.));
#1193 = ORIENTED_EDGE('',*,*,#1194,.F.);
#1194 = EDGE_CURVE('',#1195,#1186,#1197,.T.);
#1195 = VERTEX_POINT('',#1196);
#1196 = CARTESIAN_POINT('',(-3.041717971008,2.964195661241,-10.52));
#1197 = LINE('',#1198,#1199);
#1198 = CARTESIAN_POINT('',(-3.041717971008,0.825008526188,-10.52));
#1199 = VECTOR('',#1200,1.);
#1200 = DIRECTION('',(-0.,-1.,-0.));
#1201 = ORIENTED_EDGE('',*,*,#1202,.T.);
#1202 = EDGE_CURVE('',#1195,#1203,#1205,.T.);
#1203 = VERTEX_POINT('',#1204);
#1204 = CARTESIAN_POINT('',(-3.252513783586,3.174991473819,-10.52));
#1205 = CIRCLE('',#1206,0.210795812578);
#1206 = AXIS2_PLACEMENT_3D('',#1207,#1208,#1209);
#1207 = CARTESIAN_POINT('',(-3.252513783586,2.964195661241,-10.52));
#1208 = DIRECTION('',(0.,0.,1.));
#1209 = DIRECTION('',(-1.,0.,-0.));
#1210 = ORIENTED_EDGE('',*,*,#1211,.F.);
#1211 = EDGE_CURVE('',#1212,#1203,#1214,.T.);
#1212 = VERTEX_POINT('',#1213);
#1213 = CARTESIAN_POINT('',(-3.823735326138,3.174991473819,-10.52));
#1214 = LINE('',#1215,#1216);
#1215 = CARTESIAN_POINT('',(-3.041717971008,3.174991473819,-10.52));
#1216 = VECTOR('',#1217,1.);
#1217 = DIRECTION('',(1.,-0.,-0.));
#1218 = ORIENTED_EDGE('',*,*,#1219,.T.);
#1219 = EDGE_CURVE('',#1212,#1220,#1222,.T.);
#1220 = VERTEX_POINT('',#1221);
#1221 = CARTESIAN_POINT('',(-4.034531138716,2.964195661241,-10.52));
#1222 = CIRCLE('',#1223,0.210795812578);
#1223 = AXIS2_PLACEMENT_3D('',#1224,#1225,#1226);
#1224 = CARTESIAN_POINT('',(-3.823735326138,2.964195661241,-10.52));
#1225 = DIRECTION('',(0.,0.,1.));
#1226 = DIRECTION('',(-1.,0.,-0.));
#1227 = ORIENTED_EDGE('',*,*,#1228,.F.);
#1228 = EDGE_CURVE('',#1229,#1220,#1231,.T.);
#1229 = VERTEX_POINT('',#1230);
#1230 = CARTESIAN_POINT('',(-4.034531138716,2.809019359012,-10.52));
#1231 = LINE('',#1232,#1233);
#1232 = CARTESIAN_POINT('',(-4.034531138716,3.174991473819,-10.52));
#1233 = VECTOR('',#1234,1.);
#1234 = DIRECTION('',(-0.,1.,-0.));
#1235 = ORIENTED_EDGE('',*,*,#1236,.T.);
#1236 = EDGE_CURVE('',#1229,#161,#1237,.T.);
#1237 = CIRCLE('',#1238,0.210795812578);
#1238 = AXIS2_PLACEMENT_3D('',#1239,#1240,#1241);
#1239 = CARTESIAN_POINT('',(-3.823735326138,2.809019359012,-10.52));
#1240 = DIRECTION('',(0.,0.,1.));
#1241 = DIRECTION('',(-1.,0.,-0.));
#1242 = ORIENTED_EDGE('',*,*,#170,.F.);
#1243 = ORIENTED_EDGE('',*,*,#1244,.F.);
#1244 = EDGE_CURVE('',#1245,#171,#1247,.T.);
#1245 = VERTEX_POINT('',#1246);
#1246 = CARTESIAN_POINT('',(-3.925137974591,1.823400059243,-10.52));
#1247 = CIRCLE('',#1248,0.456724260586);
#1248 = AXIS2_PLACEMENT_3D('',#1249,#1250,#1251);
#1249 = CARTESIAN_POINT('',(-4.144843712905,2.223807899774,-10.52));
#1250 = DIRECTION('',(-5.782411586589E-16,8.359070939181E-32,1.));
#1251 = DIRECTION('',(-1.,-4.833558865184E-47,-5.782411586589E-16));
#1252 = ORIENTED_EDGE('',*,*,#1253,.T.);
#1253 = EDGE_CURVE('',#1245,#1161,#1254,.T.);
#1254 = CIRCLE('',#1255,0.210795812578);
#1255 = AXIS2_PLACEMENT_3D('',#1256,#1257,#1258);
#1256 = CARTESIAN_POINT('',(-3.823735326138,1.638596440536,-10.52));
#1257 = DIRECTION('',(0.,0.,1.));
#1258 = DIRECTION('',(-1.,-4.114700986614E-15,0.));
#1259 = FACE_BOUND('',#1260,.T.);
#1260 = EDGE_LOOP('',(#1261,#1272,#1281,#1289,#1298,#1307,#1316,#1324));
#1261 = ORIENTED_EDGE('',*,*,#1262,.F.);
#1262 = EDGE_CURVE('',#1263,#1265,#1267,.T.);
#1263 = VERTEX_POINT('',#1264);
#1264 = CARTESIAN_POINT('',(-4.36454945122,2.624215740306,-10.52));
#1265 = VERTEX_POINT('',#1266);
#1266 = CARTESIAN_POINT('',(-4.36454945122,1.823400059243,-10.52));
#1267 = CIRCLE('',#1268,0.456724260585);
#1268 = AXIS2_PLACEMENT_3D('',#1269,#1270,#1271);
#1269 = CARTESIAN_POINT('',(-4.144843712905,2.223807899774,-10.52));
#1270 = DIRECTION('',(-5.782411586589E-16,8.359070939181E-32,1.));
#1271 = DIRECTION('',(-1.,-4.833558865184E-47,-5.782411586589E-16));
#1272 = ORIENTED_EDGE('',*,*,#1273,.T.);
#1273 = EDGE_CURVE('',#1263,#1274,#1276,.T.);
#1274 = VERTEX_POINT('',#1275);
#1275 = CARTESIAN_POINT('',(-4.255156287095,2.809019359012,-10.52));
#1276 = CIRCLE('',#1277,0.210795812578);
#1277 = AXIS2_PLACEMENT_3D('',#1278,#1279,#1280);
#1278 = CARTESIAN_POINT('',(-4.465952099673,2.809019359012,-10.52));
#1279 = DIRECTION('',(0.,0.,1.));
#1280 = DIRECTION('',(-1.,-2.057350493307E-15,0.));
#1281 = ORIENTED_EDGE('',*,*,#1282,.F.);
#1282 = EDGE_CURVE('',#1283,#1274,#1285,.T.);
#1283 = VERTEX_POINT('',#1284);
#1284 = CARTESIAN_POINT('',(-4.255156287095,2.9631117959,-10.52));
#1285 = LINE('',#1286,#1287);
#1286 = CARTESIAN_POINT('',(-4.255156287095,2.667010095372,-10.52));
#1287 = VECTOR('',#1288,1.);
#1288 = DIRECTION('',(-0.,-1.,-0.));
#1289 = ORIENTED_EDGE('',*,*,#1290,.T.);
#1290 = EDGE_CURVE('',#1283,#1291,#1293,.T.);
#1291 = VERTEX_POINT('',#1292);
#1292 = CARTESIAN_POINT('',(-4.477353968108,3.173599021157,-10.52));
#1293 = CIRCLE('',#1294,0.210795812578);
#1294 = AXIS2_PLACEMENT_3D('',#1295,#1296,#1297);
#1295 = CARTESIAN_POINT('',(-4.465952099673,2.9631117959,-10.52));
#1296 = DIRECTION('',(0.,0.,1.));
#1297 = DIRECTION('',(-1.,0.,-0.));
#1298 = ORIENTED_EDGE('',*,*,#1299,.F.);
#1299 = EDGE_CURVE('',#1300,#1291,#1302,.T.);
#1300 = VERTEX_POINT('',#1301);
#1301 = CARTESIAN_POINT('',(-4.477353968108,1.274016778391,-10.52));
#1302 = CIRCLE('',#1303,0.951183574045);
#1303 = AXIS2_PLACEMENT_3D('',#1304,#1305,#1306);
#1304 = CARTESIAN_POINT('',(-4.425904796343,2.223807899774,-10.52));
#1305 = DIRECTION('',(5.782411586589E-16,-8.359070939181E-32,-1.));
#1306 = DIRECTION('',(1.,4.833558865184E-47,5.782411586589E-16));
#1307 = ORIENTED_EDGE('',*,*,#1308,.T.);
#1308 = EDGE_CURVE('',#1300,#1309,#1311,.T.);
#1309 = VERTEX_POINT('',#1310);
#1310 = CARTESIAN_POINT('',(-4.255156287095,1.484504003649,-10.52));
#1311 = CIRCLE('',#1312,0.210795812578);
#1312 = AXIS2_PLACEMENT_3D('',#1313,#1314,#1315);
#1313 = CARTESIAN_POINT('',(-4.465952099673,1.484504003649,-10.52));
#1314 = DIRECTION('',(0.,0.,1.));
#1315 = DIRECTION('',(-1.,0.,-0.));
#1316 = ORIENTED_EDGE('',*,*,#1317,.F.);
#1317 = EDGE_CURVE('',#1318,#1309,#1320,.T.);
#1318 = VERTEX_POINT('',#1319);
#1319 = CARTESIAN_POINT('',(-4.255156287095,1.638596440536,-10.52));
#1320 = LINE('',#1321,#1322);
#1321 = CARTESIAN_POINT('',(-4.255156287095,1.272624325729,-10.52));
#1322 = VECTOR('',#1323,1.);
#1323 = DIRECTION('',(-0.,-1.,-0.));
#1324 = ORIENTED_EDGE('',*,*,#1325,.T.);
#1325 = EDGE_CURVE('',#1318,#1265,#1326,.T.);
#1326 = CIRCLE('',#1327,0.210795812578);
#1327 = AXIS2_PLACEMENT_3D('',#1328,#1329,#1330);
#1328 = CARTESIAN_POINT('',(-4.465952099673,1.638596440536,-10.52));
#1329 = DIRECTION('',(0.,0.,1.));
#1330 = DIRECTION('',(-1.,2.057350493307E-15,-0.));
#1331 = PLANE('',#1332);
#1332 = AXIS2_PLACEMENT_3D('',#1333,#1334,#1335);
#1333 = CARTESIAN_POINT('',(0.,-2.077513144882E-17,-10.52));
#1334 = DIRECTION('',(0.,0.,-1.));
#1335 = DIRECTION('',(-1.,0.,-0.));
#1336 = ADVANCED_FACE('',(#1337),#1363,.T.);
#1337 = FACE_BOUND('',#1338,.T.);
#1338 = EDGE_LOOP('',(#1339,#1340,#1348,#1357));
#1339 = ORIENTED_EDGE('',*,*,#255,.T.);
#1340 = ORIENTED_EDGE('',*,*,#1341,.F.);
#1341 = EDGE_CURVE('',#1342,#248,#1344,.T.);
#1342 = VERTEX_POINT('',#1343);
#1343 = CARTESIAN_POINT('',(-3.594333559796,7.55,-2.397886950389));
#1344 = LINE('',#1345,#1346);
#1345 = CARTESIAN_POINT('',(-2.152113049611,7.55,-0.955666440204));
#1346 = VECTOR('',#1347,1.);
#1347 = DIRECTION('',(0.707106781187,-0.,0.707106781187));
#1348 = ORIENTED_EDGE('',*,*,#1349,.T.);
#1349 = EDGE_CURVE('',#1342,#1350,#1352,.T.);
#1350 = VERTEX_POINT('',#1351);
#1351 = CARTESIAN_POINT('',(-3.947886950389,7.55,-2.044333559796));
#1352 = CIRCLE('',#1353,1.05);
#1353 = AXIS2_PLACEMENT_3D('',#1354,#1355,#1356);
#1354 = CARTESIAN_POINT('',(-3.05,7.55,-1.5));
#1355 = DIRECTION('',(0.,1.,-1.186547930283E-30));
#1356 = DIRECTION('',(0.,1.186547930283E-30,1.));
#1357 = ORIENTED_EDGE('',*,*,#1358,.T.);
#1358 = EDGE_CURVE('',#1350,#256,#1359,.T.);
#1359 = LINE('',#1360,#1361);
#1360 = CARTESIAN_POINT('',(-3.947886950389,7.55,-2.044333559796));
#1361 = VECTOR('',#1362,1.);
#1362 = DIRECTION('',(0.707106781187,0.,0.707106781187));
#1363 = PLANE('',#1364);
#1364 = AXIS2_PLACEMENT_3D('',#1365,#1366,#1367);
#1365 = CARTESIAN_POINT('',(-3.05,7.55,-1.5));
#1366 = DIRECTION('',(0.,1.,-1.186547930283E-30));
#1367 = DIRECTION('',(0.,1.186547930283E-30,1.));
#1368 = ADVANCED_FACE('',(#1369),#1395,.T.);
#1369 = FACE_BOUND('',#1370,.T.);
#1370 = EDGE_LOOP('',(#1371,#1372,#1380,#1389));
#1371 = ORIENTED_EDGE('',*,*,#373,.T.);
#1372 = ORIENTED_EDGE('',*,*,#1373,.F.);
#1373 = EDGE_CURVE('',#1374,#366,#1376,.T.);
#1374 = VERTEX_POINT('',#1375);
#1375 = CARTESIAN_POINT('',(-3.594333559796,7.55,-4.937886950389));
#1376 = LINE('',#1377,#1378);
#1377 = CARTESIAN_POINT('',(-2.152113049611,7.55,-3.495666440204));
#1378 = VECTOR('',#1379,1.);
#1379 = DIRECTION('',(0.707106781187,-0.,0.707106781187));
#1380 = ORIENTED_EDGE('',*,*,#1381,.T.);
#1381 = EDGE_CURVE('',#1374,#1382,#1384,.T.);
#1382 = VERTEX_POINT('',#1383);
#1383 = CARTESIAN_POINT('',(-3.947886950389,7.55,-4.584333559796));
#1384 = CIRCLE('',#1385,1.05);
#1385 = AXIS2_PLACEMENT_3D('',#1386,#1387,#1388);
#1386 = CARTESIAN_POINT('',(-3.05,7.55,-4.04));
#1387 = DIRECTION('',(0.,1.,-1.186547930283E-30));
#1388 = DIRECTION('',(0.,1.186547930283E-30,1.));
#1389 = ORIENTED_EDGE('',*,*,#1390,.T.);
#1390 = EDGE_CURVE('',#1382,#374,#1391,.T.);
#1391 = LINE('',#1392,#1393);
#1392 = CARTESIAN_POINT('',(-3.947886950389,7.55,-4.584333559796));
#1393 = VECTOR('',#1394,1.);
#1394 = DIRECTION('',(0.707106781187,0.,0.707106781187));
#1395 = PLANE('',#1396);
#1396 = AXIS2_PLACEMENT_3D('',#1397,#1398,#1399);
#1397 = CARTESIAN_POINT('',(-3.05,7.55,-4.04));
#1398 = DIRECTION('',(0.,1.,-1.186547930283E-30));
#1399 = DIRECTION('',(0.,1.186547930283E-30,1.));
#1400 = ADVANCED_FACE('',(#1401),#1427,.T.);
#1401 = FACE_BOUND('',#1402,.T.);
#1402 = EDGE_LOOP('',(#1403,#1414,#1420,#1421));
#1403 = ORIENTED_EDGE('',*,*,#1404,.T.);
#1404 = EDGE_CURVE('',#1405,#1407,#1409,.T.);
#1405 = VERTEX_POINT('',#1406);
#1406 = CARTESIAN_POINT('',(-3.594333559796,7.55,-10.01788695038));
#1407 = VERTEX_POINT('',#1408);
#1408 = CARTESIAN_POINT('',(-3.947886950389,7.55,-9.664333559796));
#1409 = CIRCLE('',#1410,1.05);
#1410 = AXIS2_PLACEMENT_3D('',#1411,#1412,#1413);
#1411 = CARTESIAN_POINT('',(-3.05,7.55,-9.12));
#1412 = DIRECTION('',(0.,1.,-1.186547930283E-30));
#1413 = DIRECTION('',(0.,1.186547930283E-30,1.));
#1414 = ORIENTED_EDGE('',*,*,#1415,.F.);
#1415 = EDGE_CURVE('',#492,#1407,#1416,.T.);
#1416 = LINE('',#1417,#1418);
#1417 = CARTESIAN_POINT('',(-3.947886950389,7.55,-9.664333559796));
#1418 = VECTOR('',#1419,1.);
#1419 = DIRECTION('',(-0.707106781187,-0.,-0.707106781187));
#1420 = ORIENTED_EDGE('',*,*,#491,.T.);
#1421 = ORIENTED_EDGE('',*,*,#1422,.T.);
#1422 = EDGE_CURVE('',#484,#1405,#1423,.T.);
#1423 = LINE('',#1424,#1425);
#1424 = CARTESIAN_POINT('',(-2.152113049611,7.55,-8.575666440204));
#1425 = VECTOR('',#1426,1.);
#1426 = DIRECTION('',(-0.707106781187,0.,-0.707106781187));
#1427 = PLANE('',#1428);
#1428 = AXIS2_PLACEMENT_3D('',#1429,#1430,#1431);
#1429 = CARTESIAN_POINT('',(-3.05,7.55,-9.12));
#1430 = DIRECTION('',(0.,1.,-1.186547930283E-30));
#1431 = DIRECTION('',(0.,1.186547930283E-30,1.));
#1432 = ADVANCED_FACE('',(#1433),#1459,.T.);
#1433 = FACE_BOUND('',#1434,.T.);
#1434 = EDGE_LOOP('',(#1435,#1436,#1444,#1453));
#1435 = ORIENTED_EDGE('',*,*,#609,.T.);
#1436 = ORIENTED_EDGE('',*,*,#1437,.F.);
#1437 = EDGE_CURVE('',#1438,#602,#1440,.T.);
#1438 = VERTEX_POINT('',#1439);
#1439 = CARTESIAN_POINT('',(-3.594333559796,7.55,-7.477886950389));
#1440 = LINE('',#1441,#1442);
#1441 = CARTESIAN_POINT('',(-2.152113049611,7.55,-6.035666440204));
#1442 = VECTOR('',#1443,1.);
#1443 = DIRECTION('',(0.707106781187,-0.,0.707106781187));
#1444 = ORIENTED_EDGE('',*,*,#1445,.T.);
#1445 = EDGE_CURVE('',#1438,#1446,#1448,.T.);
#1446 = VERTEX_POINT('',#1447);
#1447 = CARTESIAN_POINT('',(-3.947886950389,7.55,-7.124333559796));
#1448 = CIRCLE('',#1449,1.05);
#1449 = AXIS2_PLACEMENT_3D('',#1450,#1451,#1452);
#1450 = CARTESIAN_POINT('',(-3.05,7.55,-6.58));
#1451 = DIRECTION('',(0.,1.,-1.186547930283E-30));
#1452 = DIRECTION('',(0.,1.186547930283E-30,1.));
#1453 = ORIENTED_EDGE('',*,*,#1454,.T.);
#1454 = EDGE_CURVE('',#1446,#610,#1455,.T.);
#1455 = LINE('',#1456,#1457);
#1456 = CARTESIAN_POINT('',(-3.947886950389,7.55,-7.124333559796));
#1457 = VECTOR('',#1458,1.);
#1458 = DIRECTION('',(0.707106781187,0.,0.707106781187));
#1459 = PLANE('',#1460);
#1460 = AXIS2_PLACEMENT_3D('',#1461,#1462,#1463);
#1461 = CARTESIAN_POINT('',(-3.05,7.55,-6.58));
#1462 = DIRECTION('',(0.,1.,-1.186547930283E-30));
#1463 = DIRECTION('',(0.,1.186547930283E-30,1.));
#1464 = ADVANCED_FACE('',(#1465),#1499,.T.);
#1465 = FACE_BOUND('',#1466,.T.);
#1466 = EDGE_LOOP('',(#1467,#1477,#1485,#1493));
#1467 = ORIENTED_EDGE('',*,*,#1468,.F.);
#1468 = EDGE_CURVE('',#1469,#1471,#1473,.T.);
#1469 = VERTEX_POINT('',#1470);
#1470 = CARTESIAN_POINT('',(-6.2,3.114053809943,-10.62));
#1471 = VERTEX_POINT('',#1472);
#1472 = CARTESIAN_POINT('',(-6.2,3.114053809943,1.626303258728E-16));
#1473 = LINE('',#1474,#1475);
#1474 = CARTESIAN_POINT('',(-6.2,3.114053809943,-9.12));
#1475 = VECTOR('',#1476,1.);
#1476 = DIRECTION('',(-1.224606353822E-16,0.,1.));
#1477 = ORIENTED_EDGE('',*,*,#1478,.F.);
#1478 = EDGE_CURVE('',#1479,#1469,#1481,.T.);
#1479 = VERTEX_POINT('',#1480);
#1480 = CARTESIAN_POINT('',(-6.2,0.,-10.62));
#1481 = LINE('',#1482,#1483);
#1482 = CARTESIAN_POINT('',(-6.2,3.114053809943,-10.62));
#1483 = VECTOR('',#1484,1.);
#1484 = DIRECTION('',(-0.,1.,-0.));
#1485 = ORIENTED_EDGE('',*,*,#1486,.F.);
#1486 = EDGE_CURVE('',#1487,#1479,#1489,.T.);
#1487 = VERTEX_POINT('',#1488);
#1488 = CARTESIAN_POINT('',(-6.2,0.,1.626303258728E-16));
#1489 = LINE('',#1490,#1491);
#1490 = CARTESIAN_POINT('',(-6.2,0.,-10.62));
#1491 = VECTOR('',#1492,1.);
#1492 = DIRECTION('',(-0.,-0.,-1.));
#1493 = ORIENTED_EDGE('',*,*,#1494,.F.);
#1494 = EDGE_CURVE('',#1471,#1487,#1495,.T.);
#1495 = LINE('',#1496,#1497);
#1496 = CARTESIAN_POINT('',(-6.2,0.,1.626303258728E-16));
#1497 = VECTOR('',#1498,1.);
#1498 = DIRECTION('',(-0.,-1.,-0.));
#1499 = PLANE('',#1500);
#1500 = AXIS2_PLACEMENT_3D('',#1501,#1502,#1503);
#1501 = CARTESIAN_POINT('',(-6.2,0.,-4.04));
#1502 = DIRECTION('',(-1.,6.84518745461E-15,-1.224606353822E-16));
#1503 = DIRECTION('',(6.84518745461E-15,1.,8.38266005002E-31));
#1504 = ADVANCED_FACE('',(#1505,#1539,#1573,#1607,#1641),#1675,.T.);
#1505 = FACE_BOUND('',#1506,.T.);
#1506 = EDGE_LOOP('',(#1507,#1517,#1525,#1533));
#1507 = ORIENTED_EDGE('',*,*,#1508,.F.);
#1508 = EDGE_CURVE('',#1509,#1511,#1513,.T.);
#1509 = VERTEX_POINT('',#1510);
#1510 = CARTESIAN_POINT('',(4.748151120449E-16,4.889204187422,-10.62));
#1511 = VERTEX_POINT('',#1512);
#1512 = CARTESIAN_POINT('',(0.,0.,-10.62));
#1513 = LINE('',#1514,#1515);
#1514 = CARTESIAN_POINT('',(-6.379642940783E-31,0.15,-10.62));
#1515 = VECTOR('',#1516,1.);
#1516 = DIRECTION('',(-1.001887855571E-16,-1.,-0.));
#1517 = ORIENTED_EDGE('',*,*,#1518,.T.);
#1518 = EDGE_CURVE('',#1509,#1519,#1521,.T.);
#1519 = VERTEX_POINT('',#1520);
#1520 = CARTESIAN_POINT('',(-9.024185391979E-17,4.889204187422,
    1.626303258728E-16));
#1521 = LINE('',#1522,#1523);
#1522 = CARTESIAN_POINT('',(-4.947409669442E-16,4.889204187422,
    2.581418914421E-17));
#1523 = VECTOR('',#1524,1.);
#1524 = DIRECTION('',(-1.224606353822E-16,1.437369242011E-31,1.));
#1525 = ORIENTED_EDGE('',*,*,#1526,.F.);
#1526 = EDGE_CURVE('',#1527,#1519,#1529,.T.);
#1527 = VERTEX_POINT('',#1528);
#1528 = CARTESIAN_POINT('',(5.204577003745E-17,0.,1.626303258728E-16));
#1529 = LINE('',#1530,#1531);
#1530 = CARTESIAN_POINT('',(-1.953247134347E-16,8.5,1.626303258728E-16)
  );
#1531 = VECTOR('',#1532,1.);
#1532 = DIRECTION('',(-2.910240982025E-17,1.,-0.));
#1533 = ORIENTED_EDGE('',*,*,#1534,.F.);
#1534 = EDGE_CURVE('',#1511,#1527,#1535,.T.);
#1535 = LINE('',#1536,#1537);
#1536 = CARTESIAN_POINT('',(5.204577003745E-17,0.,-0.425));
#1537 = VECTOR('',#1538,1.);
#1538 = DIRECTION('',(5.105028939426E-18,-0.,1.));
#1539 = FACE_BOUND('',#1540,.T.);
#1540 = EDGE_LOOP('',(#1541,#1551,#1559,#1567));
#1541 = ORIENTED_EDGE('',*,*,#1542,.F.);
#1542 = EDGE_CURVE('',#1543,#1545,#1547,.T.);
#1543 = VERTEX_POINT('',#1544);
#1544 = CARTESIAN_POINT('',(5.204577003745E-17,0.15,-0.425));
#1545 = VERTEX_POINT('',#1546);
#1546 = CARTESIAN_POINT('',(-1.102758021617E-15,0.15,-2.575));
#1547 = LINE('',#1548,#1549);
#1548 = CARTESIAN_POINT('',(0.,0.15,-4.04));
#1549 = VECTOR('',#1550,1.);
#1550 = DIRECTION('',(1.224606353822E-16,0.,-1.));
#1551 = ORIENTED_EDGE('',*,*,#1552,.T.);
#1552 = EDGE_CURVE('',#1543,#1553,#1555,.T.);
#1553 = VERTEX_POINT('',#1554);
#1554 = CARTESIAN_POINT('',(-8.18253151357E-17,4.6,-0.425));
#1555 = LINE('',#1556,#1557);
#1556 = CARTESIAN_POINT('',(-1.953247134347E-16,8.5,-0.425));
#1557 = VECTOR('',#1558,1.);
#1558 = DIRECTION('',(-2.910240982025E-17,1.,-0.));
#1559 = ORIENTED_EDGE('',*,*,#1560,.F.);
#1560 = EDGE_CURVE('',#1561,#1553,#1563,.T.);
#1561 = VERTEX_POINT('',#1562);
#1562 = CARTESIAN_POINT('',(0.,4.6,-2.575));
#1563 = LINE('',#1564,#1565);
#1564 = CARTESIAN_POINT('',(0.,4.6,-4.04));
#1565 = VECTOR('',#1566,1.);
#1566 = DIRECTION('',(-1.224606353822E-16,0.,1.));
#1567 = ORIENTED_EDGE('',*,*,#1568,.F.);
#1568 = EDGE_CURVE('',#1545,#1561,#1569,.T.);
#1569 = LINE('',#1570,#1571);
#1570 = CARTESIAN_POINT('',(0.,-6.451373231948,-2.575));
#1571 = VECTOR('',#1572,1.);
#1572 = DIRECTION('',(0.,1.,0.));
#1573 = FACE_BOUND('',#1574,.T.);
#1574 = EDGE_LOOP('',(#1575,#1585,#1593,#1601));
#1575 = ORIENTED_EDGE('',*,*,#1576,.T.);
#1576 = EDGE_CURVE('',#1577,#1579,#1581,.T.);
#1577 = VERTEX_POINT('',#1578);
#1578 = CARTESIAN_POINT('',(3.937943256916E-16,4.6,-10.195));
#1579 = VERTEX_POINT('',#1580);
#1580 = CARTESIAN_POINT('',(-1.696079800044E-16,0.15,-10.195));
#1581 = LINE('',#1582,#1583);
#1582 = CARTESIAN_POINT('',(-5.204577003745E-17,0.15,-10.195));
#1583 = VECTOR('',#1584,1.);
#1584 = DIRECTION('',(-1.001887855571E-16,-1.,-0.));
#1585 = ORIENTED_EDGE('',*,*,#1586,.F.);
#1586 = EDGE_CURVE('',#1587,#1579,#1589,.T.);
#1587 = VERTEX_POINT('',#1588);
#1588 = CARTESIAN_POINT('',(-4.328983460762E-16,0.15,-8.045));
#1589 = LINE('',#1590,#1591);
#1590 = CARTESIAN_POINT('',(0.,0.15,-9.12));
#1591 = VECTOR('',#1592,1.);
#1592 = DIRECTION('',(1.224606353822E-16,0.,-1.));
#1593 = ORIENTED_EDGE('',*,*,#1594,.T.);
#1594 = EDGE_CURVE('',#1587,#1595,#1597,.T.);
#1595 = VERTEX_POINT('',#1596);
#1596 = CARTESIAN_POINT('',(0.,4.6,-8.045));
#1597 = LINE('',#1598,#1599);
#1598 = CARTESIAN_POINT('',(0.,-6.451373231948,-8.045));
#1599 = VECTOR('',#1600,1.);
#1600 = DIRECTION('',(0.,1.,0.));
#1601 = ORIENTED_EDGE('',*,*,#1602,.F.);
#1602 = EDGE_CURVE('',#1577,#1595,#1603,.T.);
#1603 = LINE('',#1604,#1605);
#1604 = CARTESIAN_POINT('',(0.,4.6,-9.12));
#1605 = VECTOR('',#1606,1.);
#1606 = DIRECTION('',(-1.224606353822E-16,0.,1.));
#1607 = FACE_BOUND('',#1608,.T.);
#1608 = EDGE_LOOP('',(#1609,#1619,#1627,#1635));
#1609 = ORIENTED_EDGE('',*,*,#1610,.F.);
#1610 = EDGE_CURVE('',#1611,#1613,#1615,.T.);
#1611 = VERTEX_POINT('',#1612);
#1612 = CARTESIAN_POINT('',(-7.439483599471E-16,0.15,-5.505));
#1613 = VERTEX_POINT('',#1614);
#1614 = CARTESIAN_POINT('',(-4.806579938753E-16,0.15,-7.655));
#1615 = LINE('',#1616,#1617);
#1616 = CARTESIAN_POINT('',(0.,0.15,-6.58));
#1617 = VECTOR('',#1618,1.);
#1618 = DIRECTION('',(1.224606353822E-16,0.,-1.));
#1619 = ORIENTED_EDGE('',*,*,#1620,.T.);
#1620 = EDGE_CURVE('',#1611,#1621,#1623,.T.);
#1621 = VERTEX_POINT('',#1622);
#1622 = CARTESIAN_POINT('',(0.,4.6,-5.505));
#1623 = LINE('',#1624,#1625);
#1624 = CARTESIAN_POINT('',(0.,-6.451373231948,-5.505));
#1625 = VECTOR('',#1626,1.);
#1626 = DIRECTION('',(0.,1.,0.));
#1627 = ORIENTED_EDGE('',*,*,#1628,.F.);
#1628 = EDGE_CURVE('',#1629,#1621,#1631,.T.);
#1629 = VERTEX_POINT('',#1630);
#1630 = CARTESIAN_POINT('',(0.,4.6,-7.655));
#1631 = LINE('',#1632,#1633);
#1632 = CARTESIAN_POINT('',(0.,4.6,-6.58));
#1633 = VECTOR('',#1634,1.);
#1634 = DIRECTION('',(-1.224606353822E-16,0.,1.));
#1635 = ORIENTED_EDGE('',*,*,#1636,.F.);
#1636 = EDGE_CURVE('',#1613,#1629,#1637,.T.);
#1637 = LINE('',#1638,#1639);
#1638 = CARTESIAN_POINT('',(0.,-6.451373231948,-7.655));
#1639 = VECTOR('',#1640,1.);
#1640 = DIRECTION('',(0.,1.,0.));
#1641 = FACE_BOUND('',#1642,.T.);
#1642 = EDGE_LOOP('',(#1643,#1653,#1661,#1669));
#1643 = ORIENTED_EDGE('',*,*,#1644,.F.);
#1644 = EDGE_CURVE('',#1645,#1647,#1649,.T.);
#1645 = VERTEX_POINT('',#1646);
#1646 = CARTESIAN_POINT('',(-7.917080077462E-16,0.15,-5.115));
#1647 = VERTEX_POINT('',#1648);
#1648 = CARTESIAN_POINT('',(0.,4.6,-5.115));
#1649 = LINE('',#1650,#1651);
#1650 = CARTESIAN_POINT('',(0.,-6.451373231948,-5.115));
#1651 = VECTOR('',#1652,1.);
#1652 = DIRECTION('',(0.,1.,0.));
#1653 = ORIENTED_EDGE('',*,*,#1654,.F.);
#1654 = EDGE_CURVE('',#1655,#1645,#1657,.T.);
#1655 = VERTEX_POINT('',#1656);
#1656 = CARTESIAN_POINT('',(-1.054998373818E-15,0.15,-2.965));
#1657 = LINE('',#1658,#1659);
#1658 = CARTESIAN_POINT('',(0.,0.15,-6.58));
#1659 = VECTOR('',#1660,1.);
#1660 = DIRECTION('',(1.224606353822E-16,0.,-1.));
#1661 = ORIENTED_EDGE('',*,*,#1662,.T.);
#1662 = EDGE_CURVE('',#1655,#1663,#1665,.T.);
#1663 = VERTEX_POINT('',#1664);
#1664 = CARTESIAN_POINT('',(0.,4.6,-2.965));
#1665 = LINE('',#1666,#1667);
#1666 = CARTESIAN_POINT('',(0.,-6.451373231948,-2.965));
#1667 = VECTOR('',#1668,1.);
#1668 = DIRECTION('',(0.,1.,0.));
#1669 = ORIENTED_EDGE('',*,*,#1670,.F.);
#1670 = EDGE_CURVE('',#1647,#1663,#1671,.T.);
#1671 = LINE('',#1672,#1673);
#1672 = CARTESIAN_POINT('',(0.,4.6,-6.58));
#1673 = VECTOR('',#1674,1.);
#1674 = DIRECTION('',(-1.224606353822E-16,0.,1.));
#1675 = PLANE('',#1676);
#1676 = AXIS2_PLACEMENT_3D('',#1677,#1678,#1679);
#1677 = CARTESIAN_POINT('',(0.,0.15,-4.04));
#1678 = DIRECTION('',(1.,0.,1.224606353822E-16));
#1679 = DIRECTION('',(1.224606353822E-16,0.,-1.));
#1680 = ADVANCED_FACE('',(#1681,#1701,#1721,#1741,#1761),#1786,.T.);
#1681 = FACE_BOUND('',#1682,.T.);
#1682 = EDGE_LOOP('',(#1683,#1684,#1685,#1694));
#1683 = ORIENTED_EDGE('',*,*,#1029,.F.);
#1684 = ORIENTED_EDGE('',*,*,#921,.F.);
#1685 = ORIENTED_EDGE('',*,*,#1686,.F.);
#1686 = EDGE_CURVE('',#1687,#913,#1689,.T.);
#1687 = VERTEX_POINT('',#1688);
#1688 = CARTESIAN_POINT('',(-4.862459848116,7.230579115706,
    -6.107129195498));
#1689 = CIRCLE('',#1690,0.475528258148);
#1690 = AXIS2_PLACEMENT_3D('',#1691,#1692,#1693);
#1691 = CARTESIAN_POINT('',(-4.846946313073,7.278324867113,-6.58));
#1692 = DIRECTION('',(-0.951056516295,0.309016994375,-1.164669852699E-16
    ));
#1693 = DIRECTION('',(-0.309016994375,-0.951056516295,1.848892746612E-32
    ));
#1694 = ORIENTED_EDGE('',*,*,#1695,.F.);
#1695 = EDGE_CURVE('',#1030,#1687,#1696,.T.);
#1696 = ( BOUNDED_CURVE() B_SPLINE_CURVE(3,(#1697,#1698,#1699,#1700),
.UNSPECIFIED.,.F.,.F.) B_SPLINE_CURVE_WITH_KNOTS((4,4),(
1.224606353822E-16,1.23986951084),.PIECEWISE_BEZIER_KNOTS.) CURVE() 
GEOMETRIC_REPRESENTATION_ITEM() RATIONAL_B_SPLINE_CURVE((1.,
0.875944242884,0.875944242884,1.)) REPRESENTATION_ITEM('') );
#1697 = CARTESIAN_POINT('',(-5.2,6.191737347119,-6.58));
#1698 = CARTESIAN_POINT('',(-5.2,6.191737347119,-6.358912085306));
#1699 = CARTESIAN_POINT('',(-5.07155188829,6.587059985908,
    -6.178965013582));
#1700 = CARTESIAN_POINT('',(-4.862459848116,7.230579115706,
    -6.107129195498));
#1701 = FACE_BOUND('',#1702,.T.);
#1702 = EDGE_LOOP('',(#1703,#1704,#1705,#1714));
#1703 = ORIENTED_EDGE('',*,*,#995,.F.);
#1704 = ORIENTED_EDGE('',*,*,#1063,.F.);
#1705 = ORIENTED_EDGE('',*,*,#1706,.F.);
#1706 = EDGE_CURVE('',#1707,#1055,#1709,.T.);
#1707 = VERTEX_POINT('',#1708);
#1708 = CARTESIAN_POINT('',(-4.862459848116,7.230579115706,
    -8.647129195498));
#1709 = CIRCLE('',#1710,0.475528258148);
#1710 = AXIS2_PLACEMENT_3D('',#1711,#1712,#1713);
#1711 = CARTESIAN_POINT('',(-4.846946313073,7.278324867113,-9.12));
#1712 = DIRECTION('',(-0.951056516295,0.309016994375,-1.164669852699E-16
    ));
#1713 = DIRECTION('',(-0.309016994375,-0.951056516295,1.848892746612E-32
    ));
#1714 = ORIENTED_EDGE('',*,*,#1715,.F.);
#1715 = EDGE_CURVE('',#998,#1707,#1716,.T.);
#1716 = ( BOUNDED_CURVE() B_SPLINE_CURVE(3,(#1717,#1718,#1719,#1720),
.UNSPECIFIED.,.F.,.F.) B_SPLINE_CURVE_WITH_KNOTS((4,4),(
1.224606353822E-16,1.23986951084),.PIECEWISE_BEZIER_KNOTS.) CURVE() 
GEOMETRIC_REPRESENTATION_ITEM() RATIONAL_B_SPLINE_CURVE((1.,
0.875944242884,0.875944242884,1.)) REPRESENTATION_ITEM('') );
#1717 = CARTESIAN_POINT('',(-5.2,6.191737347119,-9.12));
#1718 = CARTESIAN_POINT('',(-5.2,6.191737347119,-8.898912085306));
#1719 = CARTESIAN_POINT('',(-5.07155188829,6.587059985908,
    -8.718965013582));
#1720 = CARTESIAN_POINT('',(-4.862459848116,7.230579115706,
    -8.647129195498));
#1721 = FACE_BOUND('',#1722,.T.);
#1722 = EDGE_LOOP('',(#1723,#1732,#1739,#1740));
#1723 = ORIENTED_EDGE('',*,*,#1724,.F.);
#1724 = EDGE_CURVE('',#1725,#854,#1727,.T.);
#1725 = VERTEX_POINT('',#1726);
#1726 = CARTESIAN_POINT('',(-4.862459848116,7.230579115706,
    -1.027129195498));
#1727 = CIRCLE('',#1728,0.475528258148);
#1728 = AXIS2_PLACEMENT_3D('',#1729,#1730,#1731);
#1729 = CARTESIAN_POINT('',(-4.846946313073,7.278324867113,-1.5));
#1730 = DIRECTION('',(-0.951056516295,0.309016994375,-1.164669852699E-16
    ));
#1731 = DIRECTION('',(-0.309016994375,-0.951056516295,1.848892746612E-32
    ));
#1732 = ORIENTED_EDGE('',*,*,#1733,.F.);
#1733 = EDGE_CURVE('',#878,#1725,#1734,.T.);
#1734 = ( BOUNDED_CURVE() B_SPLINE_CURVE(3,(#1735,#1736,#1737,#1738),
.UNSPECIFIED.,.F.,.F.) B_SPLINE_CURVE_WITH_KNOTS((4,4),(
1.224606353822E-16,1.23986951084),.PIECEWISE_BEZIER_KNOTS.) CURVE() 
GEOMETRIC_REPRESENTATION_ITEM() RATIONAL_B_SPLINE_CURVE((1.,
0.875944242884,0.875944242884,1.)) REPRESENTATION_ITEM('') );
#1735 = CARTESIAN_POINT('',(-5.2,6.191737347119,-1.5));
#1736 = CARTESIAN_POINT('',(-5.2,6.191737347119,-1.278912085306));
#1737 = CARTESIAN_POINT('',(-5.07155188829,6.587059985908,
    -1.098965013582));
#1738 = CARTESIAN_POINT('',(-4.862459848116,7.230579115706,
    -1.027129195498));
#1739 = ORIENTED_EDGE('',*,*,#877,.F.);
#1740 = ORIENTED_EDGE('',*,*,#862,.F.);
#1741 = FACE_BOUND('',#1742,.T.);
#1742 = EDGE_LOOP('',(#1743,#1744,#1745,#1754));
#1743 = ORIENTED_EDGE('',*,*,#971,.F.);
#1744 = ORIENTED_EDGE('',*,*,#956,.F.);
#1745 = ORIENTED_EDGE('',*,*,#1746,.F.);
#1746 = EDGE_CURVE('',#1747,#948,#1749,.T.);
#1747 = VERTEX_POINT('',#1748);
#1748 = CARTESIAN_POINT('',(-4.862459848116,7.230579115706,
    -3.567129195498));
#1749 = CIRCLE('',#1750,0.475528258148);
#1750 = AXIS2_PLACEMENT_3D('',#1751,#1752,#1753);
#1751 = CARTESIAN_POINT('',(-4.846946313073,7.278324867113,-4.04));
#1752 = DIRECTION('',(-0.951056516295,0.309016994375,-1.164669852699E-16
    ));
#1753 = DIRECTION('',(-0.309016994375,-0.951056516295,1.848892746612E-32
    ));
#1754 = ORIENTED_EDGE('',*,*,#1755,.F.);
#1755 = EDGE_CURVE('',#972,#1747,#1756,.T.);
#1756 = ( BOUNDED_CURVE() B_SPLINE_CURVE(3,(#1757,#1758,#1759,#1760),
.UNSPECIFIED.,.F.,.F.) B_SPLINE_CURVE_WITH_KNOTS((4,4),(
1.224606353822E-16,1.23986951084),.PIECEWISE_BEZIER_KNOTS.) CURVE() 
GEOMETRIC_REPRESENTATION_ITEM() RATIONAL_B_SPLINE_CURVE((1.,
0.875944242884,0.875944242884,1.)) REPRESENTATION_ITEM('') );
#1757 = CARTESIAN_POINT('',(-5.2,6.191737347119,-4.04));
#1758 = CARTESIAN_POINT('',(-5.2,6.191737347119,-3.818912085306));
#1759 = CARTESIAN_POINT('',(-5.07155188829,6.587059985908,
    -3.638965013582));
#1760 = CARTESIAN_POINT('',(-4.862459848116,7.230579115706,
    -3.567129195498));
#1761 = FACE_BOUND('',#1762,.T.);
#1762 = EDGE_LOOP('',(#1763,#1771,#1779,#1785));
#1763 = ORIENTED_EDGE('',*,*,#1764,.F.);
#1764 = EDGE_CURVE('',#1765,#1471,#1767,.T.);
#1765 = VERTEX_POINT('',#1766);
#1766 = CARTESIAN_POINT('',(-4.497326608597,8.354343675852,
    1.626303258728E-16));
#1767 = LINE('',#1768,#1769);
#1768 = CARTESIAN_POINT('',(-6.2,3.114053809943,1.626303258728E-16));
#1769 = VECTOR('',#1770,1.);
#1770 = DIRECTION('',(-0.309016994375,-0.951056516295,-0.));
#1771 = ORIENTED_EDGE('',*,*,#1772,.T.);
#1772 = EDGE_CURVE('',#1765,#1773,#1775,.T.);
#1773 = VERTEX_POINT('',#1774);
#1774 = CARTESIAN_POINT('',(-4.497326608597,8.354343675852,-10.62));
#1775 = LINE('',#1776,#1777);
#1776 = CARTESIAN_POINT('',(-4.497326608597,8.354343675852,-6.58));
#1777 = VECTOR('',#1778,1.);
#1778 = DIRECTION('',(1.224606353822E-16,1.232595164408E-32,-1.));
#1779 = ORIENTED_EDGE('',*,*,#1780,.F.);
#1780 = EDGE_CURVE('',#1469,#1773,#1781,.T.);
#1781 = LINE('',#1782,#1783);
#1782 = CARTESIAN_POINT('',(-4.45,8.5,-10.62));
#1783 = VECTOR('',#1784,1.);
#1784 = DIRECTION('',(0.309016994375,0.951056516295,-0.));
#1785 = ORIENTED_EDGE('',*,*,#1468,.T.);
#1786 = PLANE('',#1787);
#1787 = AXIS2_PLACEMENT_3D('',#1788,#1789,#1790);
#1788 = CARTESIAN_POINT('',(-4.517354196487,8.292705098312,-6.58));
#1789 = DIRECTION('',(-0.951056516295,0.309016994375,-1.164669852699E-16
    ));
#1790 = DIRECTION('',(-1.224606353822E-16,1.232595164408E-32,1.));
#1791 = ADVANCED_FACE('',(#1792,#1802,#1812,#1822,#1832),#1866,.T.);
#1792 = FACE_BOUND('',#1793,.T.);
#1793 = EDGE_LOOP('',(#1794,#1801));
#1794 = ORIENTED_EDGE('',*,*,#1795,.F.);
#1795 = EDGE_CURVE('',#281,#289,#1796,.T.);
#1796 = CIRCLE('',#1797,1.1);
#1797 = AXIS2_PLACEMENT_3D('',#1798,#1799,#1800);
#1798 = CARTESIAN_POINT('',(-3.05,8.5,-1.5));
#1799 = DIRECTION('',(-0.,1.,-1.186547930283E-30));
#1800 = DIRECTION('',(0.,1.186547930283E-30,1.));
#1801 = ORIENTED_EDGE('',*,*,#288,.F.);
#1802 = FACE_BOUND('',#1803,.T.);
#1803 = EDGE_LOOP('',(#1804,#1811));
#1804 = ORIENTED_EDGE('',*,*,#1805,.F.);
#1805 = EDGE_CURVE('',#399,#407,#1806,.T.);
#1806 = CIRCLE('',#1807,1.1);
#1807 = AXIS2_PLACEMENT_3D('',#1808,#1809,#1810);
#1808 = CARTESIAN_POINT('',(-3.05,8.5,-4.04));
#1809 = DIRECTION('',(-0.,1.,-1.186547930283E-30));
#1810 = DIRECTION('',(0.,1.186547930283E-30,1.));
#1811 = ORIENTED_EDGE('',*,*,#406,.F.);
#1812 = FACE_BOUND('',#1813,.T.);
#1813 = EDGE_LOOP('',(#1814,#1821));
#1814 = ORIENTED_EDGE('',*,*,#1815,.F.);
#1815 = EDGE_CURVE('',#517,#525,#1816,.T.);
#1816 = CIRCLE('',#1817,1.1);
#1817 = AXIS2_PLACEMENT_3D('',#1818,#1819,#1820);
#1818 = CARTESIAN_POINT('',(-3.05,8.5,-9.12));
#1819 = DIRECTION('',(-0.,1.,-1.186547930283E-30));
#1820 = DIRECTION('',(0.,1.186547930283E-30,1.));
#1821 = ORIENTED_EDGE('',*,*,#524,.F.);
#1822 = FACE_BOUND('',#1823,.T.);
#1823 = EDGE_LOOP('',(#1824,#1831));
#1824 = ORIENTED_EDGE('',*,*,#1825,.F.);
#1825 = EDGE_CURVE('',#635,#643,#1826,.T.);
#1826 = CIRCLE('',#1827,1.1);
#1827 = AXIS2_PLACEMENT_3D('',#1828,#1829,#1830);
#1828 = CARTESIAN_POINT('',(-3.05,8.5,-6.58));
#1829 = DIRECTION('',(-0.,1.,-1.186547930283E-30));
#1830 = DIRECTION('',(0.,1.186547930283E-30,1.));
#1831 = ORIENTED_EDGE('',*,*,#642,.F.);
#1832 = FACE_BOUND('',#1833,.T.);
#1833 = EDGE_LOOP('',(#1834,#1844,#1852,#1860));
#1834 = ORIENTED_EDGE('',*,*,#1835,.F.);
#1835 = EDGE_CURVE('',#1836,#1838,#1840,.T.);
#1836 = VERTEX_POINT('',#1837);
#1837 = CARTESIAN_POINT('',(-4.296847877437,8.5,-10.62));
#1838 = VERTEX_POINT('',#1839);
#1839 = CARTESIAN_POINT('',(-1.811749315944,8.5,-10.62));
#1840 = LINE('',#1841,#1842);
#1841 = CARTESIAN_POINT('',(8.365763594018E-16,8.5,-10.62));
#1842 = VECTOR('',#1843,1.);
#1843 = DIRECTION('',(1.,9.745637505488E-15,-0.));
#1844 = ORIENTED_EDGE('',*,*,#1845,.T.);
#1845 = EDGE_CURVE('',#1836,#1846,#1848,.T.);
#1846 = VERTEX_POINT('',#1847);
#1847 = CARTESIAN_POINT('',(-4.296847877437,8.5,1.626303258728E-16));
#1848 = LINE('',#1849,#1850);
#1849 = CARTESIAN_POINT('',(-4.296847877437,8.5,-6.58));
#1850 = VECTOR('',#1851,1.);
#1851 = DIRECTION('',(-1.224606353822E-16,1.050973848244E-45,1.));
#1852 = ORIENTED_EDGE('',*,*,#1853,.F.);
#1853 = EDGE_CURVE('',#1854,#1846,#1856,.T.);
#1854 = VERTEX_POINT('',#1855);
#1855 = CARTESIAN_POINT('',(-1.811749315944,8.5,1.626303258728E-16));
#1856 = LINE('',#1857,#1858);
#1857 = CARTESIAN_POINT('',(-4.45,8.5,1.626303258728E-16));
#1858 = VECTOR('',#1859,1.);
#1859 = DIRECTION('',(-1.,-1.013546300571E-14,-0.));
#1860 = ORIENTED_EDGE('',*,*,#1861,.T.);
#1861 = EDGE_CURVE('',#1854,#1838,#1862,.T.);
#1862 = LINE('',#1863,#1864);
#1863 = CARTESIAN_POINT('',(-1.811749315944,8.5,-10.62));
#1864 = VECTOR('',#1865,1.);
#1865 = DIRECTION('',(3.179345597001E-31,-1.186547930283E-30,-1.));
#1866 = PLANE('',#1867);
#1867 = AXIS2_PLACEMENT_3D('',#1868,#1869,#1870);
#1868 = CARTESIAN_POINT('',(-3.05,8.5,-6.58));
#1869 = DIRECTION('',(-9.689219124001E-15,1.,-1.186547930283E-30));
#1870 = DIRECTION('',(-1.,-9.689219124001E-15,-1.224606353822E-16));
#1871 = ADVANCED_FACE('',(#1872),#1883,.T.);
#1872 = FACE_BOUND('',#1873,.T.);
#1873 = EDGE_LOOP('',(#1874,#1875,#1882));
#1874 = ORIENTED_EDGE('',*,*,#1054,.F.);
#1875 = ORIENTED_EDGE('',*,*,#1876,.T.);
#1876 = EDGE_CURVE('',#1007,#1707,#1877,.T.);
#1877 = CIRCLE('',#1878,0.5);
#1878 = AXIS2_PLACEMENT_3D('',#1879,#1880,#1881);
#1879 = CARTESIAN_POINT('',(-4.7,7.230579115706,-9.12));
#1880 = DIRECTION('',(0.,1.,0.));
#1881 = DIRECTION('',(-1.,0.,0.));
#1882 = ORIENTED_EDGE('',*,*,#1706,.T.);
#1883 = SPHERICAL_SURFACE('',#1884,0.5);
#1884 = AXIS2_PLACEMENT_3D('',#1885,#1886,#1887);
#1885 = CARTESIAN_POINT('',(-4.7,7.230579115706,-9.12));
#1886 = DIRECTION('',(0.,-0.,1.));
#1887 = DIRECTION('',(-1.,0.,0.));
#1888 = ADVANCED_FACE('',(#1889),#1923,.F.);
#1889 = FACE_BOUND('',#1890,.T.);
#1890 = EDGE_LOOP('',(#1891,#1901,#1909,#1917));
#1891 = ORIENTED_EDGE('',*,*,#1892,.F.);
#1892 = EDGE_CURVE('',#1893,#1895,#1897,.T.);
#1893 = VERTEX_POINT('',#1894);
#1894 = CARTESIAN_POINT('',(-0.921446609407,1.071446609407,
    -7.508553390593));
#1895 = VERTEX_POINT('',#1896);
#1896 = CARTESIAN_POINT('',(-1.15,1.3,-7.28));
#1897 = LINE('',#1898,#1899);
#1898 = CARTESIAN_POINT('',(6.601373231948,-6.451373231948,
    -15.03137323194));
#1899 = VECTOR('',#1900,1.);
#1900 = DIRECTION('',(-0.57735026919,0.57735026919,0.57735026919));
#1901 = ORIENTED_EDGE('',*,*,#1902,.T.);
#1902 = EDGE_CURVE('',#1893,#1903,#1905,.T.);
#1903 = VERTEX_POINT('',#1904);
#1904 = CARTESIAN_POINT('',(-0.921446609407,3.952972865936,
    -7.508553390593));
#1905 = LINE('',#1906,#1907);
#1906 = CARTESIAN_POINT('',(-0.921446609407,4.499519052838,
    -7.508553390593));
#1907 = VECTOR('',#1908,1.);
#1908 = DIRECTION('',(0.,1.,0.));
#1909 = ORIENTED_EDGE('',*,*,#1910,.T.);
#1910 = EDGE_CURVE('',#1903,#1911,#1913,.T.);
#1911 = VERTEX_POINT('',#1912);
#1912 = CARTESIAN_POINT('',(-1.15,3.1,-7.28));
#1913 = LINE('',#1914,#1915);
#1914 = CARTESIAN_POINT('',(-3.709282744109,-6.451373231948,
    -4.720717255891));
#1915 = VECTOR('',#1916,1.);
#1916 = DIRECTION('',(-0.250562807086,-0.935113126531,0.250562807086));
#1917 = ORIENTED_EDGE('',*,*,#1918,.F.);
#1918 = EDGE_CURVE('',#1895,#1911,#1919,.T.);
#1919 = LINE('',#1920,#1921);
#1920 = CARTESIAN_POINT('',(-1.15,-6.451373231948,-7.28));
#1921 = VECTOR('',#1922,1.);
#1922 = DIRECTION('',(0.,1.,0.));
#1923 = PLANE('',#1924);
#1924 = AXIS2_PLACEMENT_3D('',#1925,#1926,#1927);
#1925 = CARTESIAN_POINT('',(-1.15,1.3,-7.28));
#1926 = DIRECTION('',(-0.707106781187,-0.,-0.707106781187));
#1927 = DIRECTION('',(0.,-1.,0.));
#1928 = ADVANCED_FACE('',(#1929),#1972,.F.);
#1929 = FACE_BOUND('',#1930,.T.);
#1930 = EDGE_LOOP('',(#1931,#1941,#1950,#1958,#1964,#1965));
#1931 = ORIENTED_EDGE('',*,*,#1932,.T.);
#1932 = EDGE_CURVE('',#1933,#1935,#1937,.T.);
#1933 = VERTEX_POINT('',#1934);
#1934 = CARTESIAN_POINT('',(-0.847375630508,4.229409522551,
    -7.569595684436));
#1935 = VERTEX_POINT('',#1936);
#1936 = CARTESIAN_POINT('',(-0.847375630508,4.229409522551,
    -5.590404315564));
#1937 = LINE('',#1938,#1939);
#1938 = CARTESIAN_POINT('',(-0.847375630508,4.229409522551,-5.505));
#1939 = VECTOR('',#1940,1.);
#1940 = DIRECTION('',(-1.224606353822E-16,-0.,1.));
#1941 = ORIENTED_EDGE('',*,*,#1942,.T.);
#1942 = EDGE_CURVE('',#1935,#1943,#1945,.T.);
#1943 = VERTEX_POINT('',#1944);
#1944 = CARTESIAN_POINT('',(-0.921446609407,3.952972865936,
    -5.651446609407));
#1945 = ( BOUNDED_CURVE() B_SPLINE_CURVE(3,(#1946,#1947,#1948,#1949),
.UNSPECIFIED.,.F.,.F.) B_SPLINE_CURVE_WITH_KNOTS((4,4),(5.305525837293,
5.497787143782),.PIECEWISE_BEZIER_KNOTS.) CURVE() 
GEOMETRIC_REPRESENTATION_ITEM() RATIONAL_B_SPLINE_CURVE((1.,
0.996922003938,0.996922003938,1.)) REPRESENTATION_ITEM('') );
#1946 = CARTESIAN_POINT('',(-0.847375630508,4.229409522551,
    -5.590404315564));
#1947 = CARTESIAN_POINT('',(-0.873986871647,4.130095018568,
    -5.608343175352));
#1948 = CARTESIAN_POINT('',(-0.898753429314,4.037664967028,
    -5.628753429314));
#1949 = CARTESIAN_POINT('',(-0.921446609407,3.952972865936,
    -5.651446609407));
#1950 = ORIENTED_EDGE('',*,*,#1951,.T.);
#1951 = EDGE_CURVE('',#1943,#1952,#1954,.T.);
#1952 = VERTEX_POINT('',#1953);
#1953 = CARTESIAN_POINT('',(-1.15,3.1,-5.88));
#1954 = LINE('',#1955,#1956);
#1955 = CARTESIAN_POINT('',(-3.709282744109,-6.451373231948,
    -8.439282744108));
#1956 = VECTOR('',#1957,1.);
#1957 = DIRECTION('',(-0.250562807086,-0.935113126531,-0.250562807086));
#1958 = ORIENTED_EDGE('',*,*,#1959,.F.);
#1959 = EDGE_CURVE('',#1911,#1952,#1960,.T.);
#1960 = LINE('',#1961,#1962);
#1961 = CARTESIAN_POINT('',(-1.15,3.1,-6.58));
#1962 = VECTOR('',#1963,1.);
#1963 = DIRECTION('',(-1.224606353822E-16,0.,1.));
#1964 = ORIENTED_EDGE('',*,*,#1910,.F.);
#1965 = ORIENTED_EDGE('',*,*,#1966,.T.);
#1966 = EDGE_CURVE('',#1903,#1933,#1967,.T.);
#1967 = ( BOUNDED_CURVE() B_SPLINE_CURVE(3,(#1968,#1969,#1970,#1971),
.UNSPECIFIED.,.F.,.F.) B_SPLINE_CURVE_WITH_KNOTS((4,4),(0.785398163397,
0.977659469886),.PIECEWISE_BEZIER_KNOTS.) CURVE() 
GEOMETRIC_REPRESENTATION_ITEM() RATIONAL_B_SPLINE_CURVE((1.,
0.996922003938,0.996922003938,1.)) REPRESENTATION_ITEM('') );
#1968 = CARTESIAN_POINT('',(-0.921446609407,3.952972865936,
    -7.508553390593));
#1969 = CARTESIAN_POINT('',(-0.898753429314,4.037664967028,
    -7.531246570686));
#1970 = CARTESIAN_POINT('',(-0.873986871647,4.130095018568,
    -7.551656824648));
#1971 = CARTESIAN_POINT('',(-0.847375630508,4.229409522551,
    -7.569595684436));
#1972 = PLANE('',#1973);
#1973 = AXIS2_PLACEMENT_3D('',#1974,#1975,#1976);
#1974 = CARTESIAN_POINT('',(-1.15,3.1,-6.58));
#1975 = DIRECTION('',(-0.965925826289,0.258819045103,-1.182878904195E-16
    ));
#1976 = DIRECTION('',(-1.224606353822E-16,0.,1.));
#1977 = ADVANCED_FACE('',(#1978),#2012,.F.);
#1978 = FACE_BOUND('',#1979,.T.);
#1979 = EDGE_LOOP('',(#1980,#1991,#1999,#2005,#2006));
#1980 = ORIENTED_EDGE('',*,*,#1981,.T.);
#1981 = EDGE_CURVE('',#1982,#1984,#1986,.T.);
#1982 = VERTEX_POINT('',#1983);
#1983 = CARTESIAN_POINT('',(-0.364412717364,4.6,-7.655));
#1984 = VERTEX_POINT('',#1985);
#1985 = CARTESIAN_POINT('',(-0.567893218813,4.556722766599,-7.655));
#1986 = CIRCLE('',#1987,0.5);
#1987 = AXIS2_PLACEMENT_3D('',#1988,#1989,#1990);
#1988 = CARTESIAN_POINT('',(-0.364412717364,4.1,-7.655));
#1989 = DIRECTION('',(-1.224606353822E-16,0.,1.));
#1990 = DIRECTION('',(-1.,-1.214306433184E-14,-1.224606353822E-16));
#1991 = ORIENTED_EDGE('',*,*,#1992,.T.);
#1992 = EDGE_CURVE('',#1984,#1993,#1995,.T.);
#1993 = VERTEX_POINT('',#1994);
#1994 = CARTESIAN_POINT('',(-0.567893218813,0.717893218813,-7.655));
#1995 = LINE('',#1996,#1997);
#1996 = CARTESIAN_POINT('',(-0.567893218813,0.925,-7.655));
#1997 = VECTOR('',#1998,1.);
#1998 = DIRECTION('',(0.,-1.,-0.));
#1999 = ORIENTED_EDGE('',*,*,#2000,.F.);
#2000 = EDGE_CURVE('',#1613,#1993,#2001,.T.);
#2001 = LINE('',#2002,#2003);
#2002 = CARTESIAN_POINT('',(6.601373231948,-6.451373231948,-7.655));
#2003 = VECTOR('',#2004,1.);
#2004 = DIRECTION('',(-0.707106781187,0.707106781187,-8.659274570719E-17
    ));
#2005 = ORIENTED_EDGE('',*,*,#1636,.T.);
#2006 = ORIENTED_EDGE('',*,*,#2007,.T.);
#2007 = EDGE_CURVE('',#1629,#1982,#2008,.T.);
#2008 = LINE('',#2009,#2010);
#2009 = CARTESIAN_POINT('',(-24.32284445815,4.6,-7.655));
#2010 = VECTOR('',#2011,1.);
#2011 = DIRECTION('',(-1.,0.,-1.224606353822E-16));
#2012 = PLANE('',#2013);
#2013 = AXIS2_PLACEMENT_3D('',#2014,#2015,#2016);
#2014 = CARTESIAN_POINT('',(-0.567893218813,1.3,-7.655));
#2015 = DIRECTION('',(1.224606353822E-16,0.,-1.));
#2016 = DIRECTION('',(-1.,0.,-1.224606353822E-16));
#2017 = ADVANCED_FACE('',(#2018),#2036,.F.);
#2018 = FACE_BOUND('',#2019,.T.);
#2019 = EDGE_LOOP('',(#2020,#2028,#2034,#2035));
#2020 = ORIENTED_EDGE('',*,*,#2021,.F.);
#2021 = EDGE_CURVE('',#2022,#1621,#2024,.T.);
#2022 = VERTEX_POINT('',#2023);
#2023 = CARTESIAN_POINT('',(-0.364412717364,4.6,-5.505));
#2024 = LINE('',#2025,#2026);
#2025 = CARTESIAN_POINT('',(-24.32284445815,4.6,-5.505));
#2026 = VECTOR('',#2027,1.);
#2027 = DIRECTION('',(1.,0.,1.224606353822E-16));
#2028 = ORIENTED_EDGE('',*,*,#2029,.T.);
#2029 = EDGE_CURVE('',#2022,#1982,#2030,.T.);
#2030 = LINE('',#2031,#2032);
#2031 = CARTESIAN_POINT('',(-0.364412717364,4.6,-7.655));
#2032 = VECTOR('',#2033,1.);
#2033 = DIRECTION('',(1.224606353822E-16,0.,-1.));
#2034 = ORIENTED_EDGE('',*,*,#2007,.F.);
#2035 = ORIENTED_EDGE('',*,*,#1628,.T.);
#2036 = PLANE('',#2037);
#2037 = AXIS2_PLACEMENT_3D('',#2038,#2039,#2040);
#2038 = CARTESIAN_POINT('',(0.,4.6,-6.58));
#2039 = DIRECTION('',(0.,1.,0.));
#2040 = DIRECTION('',(-1.,0.,-1.224606353822E-16));
#2041 = ADVANCED_FACE('',(#2042),#2067,.F.);
#2042 = FACE_BOUND('',#2043,.T.);
#2043 = EDGE_LOOP('',(#2044,#2052,#2060,#2066));
#2044 = ORIENTED_EDGE('',*,*,#2045,.F.);
#2045 = EDGE_CURVE('',#2046,#1595,#2048,.T.);
#2046 = VERTEX_POINT('',#2047);
#2047 = CARTESIAN_POINT('',(-0.364412717364,4.6,-8.045));
#2048 = LINE('',#2049,#2050);
#2049 = CARTESIAN_POINT('',(-24.32284445815,4.6,-8.045));
#2050 = VECTOR('',#2051,1.);
#2051 = DIRECTION('',(1.,0.,1.224606353822E-16));
#2052 = ORIENTED_EDGE('',*,*,#2053,.T.);
#2053 = EDGE_CURVE('',#2046,#2054,#2056,.T.);
#2054 = VERTEX_POINT('',#2055);
#2055 = CARTESIAN_POINT('',(-0.364412717364,4.6,-10.195));
#2056 = LINE('',#2057,#2058);
#2057 = CARTESIAN_POINT('',(-0.364412717364,4.6,-10.195));
#2058 = VECTOR('',#2059,1.);
#2059 = DIRECTION('',(1.224606353822E-16,0.,-1.));
#2060 = ORIENTED_EDGE('',*,*,#2061,.F.);
#2061 = EDGE_CURVE('',#1577,#2054,#2062,.T.);
#2062 = LINE('',#2063,#2064);
#2063 = CARTESIAN_POINT('',(-24.32284445815,4.6,-10.195));
#2064 = VECTOR('',#2065,1.);
#2065 = DIRECTION('',(-1.,0.,-1.224606353822E-16));
#2066 = ORIENTED_EDGE('',*,*,#1602,.T.);
#2067 = PLANE('',#2068);
#2068 = AXIS2_PLACEMENT_3D('',#2069,#2070,#2071);
#2069 = CARTESIAN_POINT('',(0.,4.6,-9.12));
#2070 = DIRECTION('',(0.,1.,0.));
#2071 = DIRECTION('',(-1.,0.,-1.224606353822E-16));
#2072 = ADVANCED_FACE('',(#2073),#2100,.F.);
#2073 = FACE_BOUND('',#2074,.T.);
#2074 = EDGE_LOOP('',(#2075,#2083,#2091,#2098,#2099));
#2075 = ORIENTED_EDGE('',*,*,#2076,.F.);
#2076 = EDGE_CURVE('',#2077,#1587,#2079,.T.);
#2077 = VERTEX_POINT('',#2078);
#2078 = CARTESIAN_POINT('',(-0.567893218813,0.717893218813,-8.045));
#2079 = LINE('',#2080,#2081);
#2080 = CARTESIAN_POINT('',(6.601373231948,-6.451373231948,-8.045));
#2081 = VECTOR('',#2082,1.);
#2082 = DIRECTION('',(0.707106781187,-0.707106781187,8.659274570719E-17)
  );
#2083 = ORIENTED_EDGE('',*,*,#2084,.T.);
#2084 = EDGE_CURVE('',#2077,#2085,#2087,.T.);
#2085 = VERTEX_POINT('',#2086);
#2086 = CARTESIAN_POINT('',(-0.567893218813,4.556722766599,-8.045));
#2087 = LINE('',#2088,#2089);
#2088 = CARTESIAN_POINT('',(-0.567893218813,4.499519052838,-8.045));
#2089 = VECTOR('',#2090,1.);
#2090 = DIRECTION('',(0.,1.,0.));
#2091 = ORIENTED_EDGE('',*,*,#2092,.T.);
#2092 = EDGE_CURVE('',#2085,#2046,#2093,.T.);
#2093 = CIRCLE('',#2094,0.5);
#2094 = AXIS2_PLACEMENT_3D('',#2095,#2096,#2097);
#2095 = CARTESIAN_POINT('',(-0.364412717364,4.1,-8.045));
#2096 = DIRECTION('',(1.224606353822E-16,0.,-1.));
#2097 = DIRECTION('',(1.,0.,1.224606353822E-16));
#2098 = ORIENTED_EDGE('',*,*,#2045,.T.);
#2099 = ORIENTED_EDGE('',*,*,#1594,.F.);
#2100 = PLANE('',#2101);
#2101 = AXIS2_PLACEMENT_3D('',#2102,#2103,#2104);
#2102 = CARTESIAN_POINT('',(0.,1.3,-8.045));
#2103 = DIRECTION('',(-1.224606353822E-16,0.,1.));
#2104 = DIRECTION('',(0.,-1.,0.));
#2105 = ADVANCED_FACE('',(#2106),#2140,.F.);
#2106 = FACE_BOUND('',#2107,.T.);
#2107 = EDGE_LOOP('',(#2108,#2118,#2126,#2134));
#2108 = ORIENTED_EDGE('',*,*,#2109,.F.);
#2109 = EDGE_CURVE('',#2110,#2112,#2114,.T.);
#2110 = VERTEX_POINT('',#2111);
#2111 = CARTESIAN_POINT('',(-0.921446609407,3.952972865936,
    -8.191446609407));
#2112 = VERTEX_POINT('',#2113);
#2113 = CARTESIAN_POINT('',(-1.15,3.1,-8.42));
#2114 = LINE('',#2115,#2116);
#2115 = CARTESIAN_POINT('',(-3.709282744109,-6.451373231948,
    -10.9792827441));
#2116 = VECTOR('',#2117,1.);
#2117 = DIRECTION('',(-0.250562807086,-0.935113126531,-0.250562807086));
#2118 = ORIENTED_EDGE('',*,*,#2119,.T.);
#2119 = EDGE_CURVE('',#2110,#2120,#2122,.T.);
#2120 = VERTEX_POINT('',#2121);
#2121 = CARTESIAN_POINT('',(-0.921446609407,1.071446609407,
    -8.191446609407));
#2122 = LINE('',#2123,#2124);
#2123 = CARTESIAN_POINT('',(-0.921446609407,0.925,-8.191446609407));
#2124 = VECTOR('',#2125,1.);
#2125 = DIRECTION('',(-0.,-1.,-0.));
#2126 = ORIENTED_EDGE('',*,*,#2127,.F.);
#2127 = EDGE_CURVE('',#2128,#2120,#2130,.T.);
#2128 = VERTEX_POINT('',#2129);
#2129 = CARTESIAN_POINT('',(-1.15,1.3,-8.42));
#2130 = LINE('',#2131,#2132);
#2131 = CARTESIAN_POINT('',(6.601373231948,-6.451373231948,
    -0.668626768053));
#2132 = VECTOR('',#2133,1.);
#2133 = DIRECTION('',(0.57735026919,-0.57735026919,0.57735026919));
#2134 = ORIENTED_EDGE('',*,*,#2135,.T.);
#2135 = EDGE_CURVE('',#2128,#2112,#2136,.T.);
#2136 = LINE('',#2137,#2138);
#2137 = CARTESIAN_POINT('',(-1.15,-6.451373231948,-8.42));
#2138 = VECTOR('',#2139,1.);
#2139 = DIRECTION('',(0.,1.,0.));
#2140 = PLANE('',#2141);
#2141 = AXIS2_PLACEMENT_3D('',#2142,#2143,#2144);
#2142 = CARTESIAN_POINT('',(-0.921446609407,1.3,-8.191446609407));
#2143 = DIRECTION('',(-0.707106781187,0.,0.707106781187));
#2144 = DIRECTION('',(0.,-1.,0.));
#2145 = ADVANCED_FACE('',(#2146),#2180,.F.);
#2146 = FACE_BOUND('',#2147,.T.);
#2147 = EDGE_LOOP('',(#2148,#2158,#2166,#2174));
#2148 = ORIENTED_EDGE('',*,*,#2149,.F.);
#2149 = EDGE_CURVE('',#2150,#2152,#2154,.T.);
#2150 = VERTEX_POINT('',#2151);
#2151 = CARTESIAN_POINT('',(-0.921446609407,1.071446609407,
    -10.04855339059));
#2152 = VERTEX_POINT('',#2153);
#2153 = CARTESIAN_POINT('',(-1.15,1.3,-9.82));
#2154 = LINE('',#2155,#2156);
#2155 = CARTESIAN_POINT('',(6.601373231948,-6.451373231948,
    -17.57137323194));
#2156 = VECTOR('',#2157,1.);
#2157 = DIRECTION('',(-0.57735026919,0.57735026919,0.57735026919));
#2158 = ORIENTED_EDGE('',*,*,#2159,.T.);
#2159 = EDGE_CURVE('',#2150,#2160,#2162,.T.);
#2160 = VERTEX_POINT('',#2161);
#2161 = CARTESIAN_POINT('',(-0.921446609407,3.952972865936,
    -10.04855339059));
#2162 = LINE('',#2163,#2164);
#2163 = CARTESIAN_POINT('',(-0.921446609407,1.3,-10.04855339059));
#2164 = VECTOR('',#2165,1.);
#2165 = DIRECTION('',(0.,1.,0.));
#2166 = ORIENTED_EDGE('',*,*,#2167,.T.);
#2167 = EDGE_CURVE('',#2160,#2168,#2170,.T.);
#2168 = VERTEX_POINT('',#2169);
#2169 = CARTESIAN_POINT('',(-1.15,3.1,-9.82));
#2170 = LINE('',#2171,#2172);
#2171 = CARTESIAN_POINT('',(-3.709282744109,-6.451373231948,
    -7.260717255891));
#2172 = VECTOR('',#2173,1.);
#2173 = DIRECTION('',(-0.250562807086,-0.935113126531,0.250562807086));
#2174 = ORIENTED_EDGE('',*,*,#2175,.F.);
#2175 = EDGE_CURVE('',#2152,#2168,#2176,.T.);
#2176 = LINE('',#2177,#2178);
#2177 = CARTESIAN_POINT('',(-1.15,-6.451373231948,-9.82));
#2178 = VECTOR('',#2179,1.);
#2179 = DIRECTION('',(0.,1.,0.));
#2180 = PLANE('',#2181);
#2181 = AXIS2_PLACEMENT_3D('',#2182,#2183,#2184);
#2182 = CARTESIAN_POINT('',(-1.15,1.3,-9.82));
#2183 = DIRECTION('',(-0.707106781187,-0.,-0.707106781187));
#2184 = DIRECTION('',(0.,-1.,0.));
#2185 = ADVANCED_FACE('',(#2186),#2220,.F.);
#2186 = FACE_BOUND('',#2187,.T.);
#2187 = EDGE_LOOP('',(#2188,#2189,#2198,#2206,#2213,#2214));
#2188 = ORIENTED_EDGE('',*,*,#2167,.F.);
#2189 = ORIENTED_EDGE('',*,*,#2190,.T.);
#2190 = EDGE_CURVE('',#2160,#2191,#2193,.T.);
#2191 = VERTEX_POINT('',#2192);
#2192 = CARTESIAN_POINT('',(-0.847375630508,4.229409522551,
    -10.10959568443));
#2193 = ( BOUNDED_CURVE() B_SPLINE_CURVE(3,(#2194,#2195,#2196,#2197),
.UNSPECIFIED.,.F.,.F.) B_SPLINE_CURVE_WITH_KNOTS((4,4),(3.926990816987,
4.119252123476),.PIECEWISE_BEZIER_KNOTS.) CURVE() 
GEOMETRIC_REPRESENTATION_ITEM() RATIONAL_B_SPLINE_CURVE((1.,
0.996922003938,0.996922003938,1.)) REPRESENTATION_ITEM('') );
#2194 = CARTESIAN_POINT('',(-0.921446609407,3.952972865936,
    -10.04855339059));
#2195 = CARTESIAN_POINT('',(-0.898753429314,4.037664967028,
    -10.07124657068));
#2196 = CARTESIAN_POINT('',(-0.873986871647,4.130095018568,
    -10.09165682464));
#2197 = CARTESIAN_POINT('',(-0.847375630508,4.229409522551,
    -10.10959568443));
#2198 = ORIENTED_EDGE('',*,*,#2199,.T.);
#2199 = EDGE_CURVE('',#2191,#2200,#2202,.T.);
#2200 = VERTEX_POINT('',#2201);
#2201 = CARTESIAN_POINT('',(-0.847375630508,4.229409522551,
    -8.130404315564));
#2202 = LINE('',#2203,#2204);
#2203 = CARTESIAN_POINT('',(-0.847375630508,4.229409522551,-8.045));
#2204 = VECTOR('',#2205,1.);
#2205 = DIRECTION('',(-1.224606353822E-16,-0.,1.));
#2206 = ORIENTED_EDGE('',*,*,#2207,.T.);
#2207 = EDGE_CURVE('',#2200,#2110,#2208,.T.);
#2208 = ( BOUNDED_CURVE() B_SPLINE_CURVE(3,(#2209,#2210,#2211,#2212),
.UNSPECIFIED.,.F.,.F.) B_SPLINE_CURVE_WITH_KNOTS((4,4),(5.305525837293,
5.497787143782),.PIECEWISE_BEZIER_KNOTS.) CURVE() 
GEOMETRIC_REPRESENTATION_ITEM() RATIONAL_B_SPLINE_CURVE((1.,
0.996922003938,0.996922003938,1.)) REPRESENTATION_ITEM('') );
#2209 = CARTESIAN_POINT('',(-0.847375630508,4.229409522551,
    -8.130404315564));
#2210 = CARTESIAN_POINT('',(-0.873986871647,4.130095018568,
    -8.148343175352));
#2211 = CARTESIAN_POINT('',(-0.898753429314,4.037664967028,
    -8.168753429314));
#2212 = CARTESIAN_POINT('',(-0.921446609407,3.952972865936,
    -8.191446609407));
#2213 = ORIENTED_EDGE('',*,*,#2109,.T.);
#2214 = ORIENTED_EDGE('',*,*,#2215,.F.);
#2215 = EDGE_CURVE('',#2168,#2112,#2216,.T.);
#2216 = LINE('',#2217,#2218);
#2217 = CARTESIAN_POINT('',(-1.15,3.1,-9.12));
#2218 = VECTOR('',#2219,1.);
#2219 = DIRECTION('',(-1.224606353822E-16,0.,1.));
#2220 = PLANE('',#2221);
#2221 = AXIS2_PLACEMENT_3D('',#2222,#2223,#2224);
#2222 = CARTESIAN_POINT('',(-1.15,3.1,-9.12));
#2223 = DIRECTION('',(-0.965925826289,0.258819045103,-1.182878904195E-16
    ));
#2224 = DIRECTION('',(-1.224606353822E-16,0.,1.));
#2225 = ADVANCED_FACE('',(#2226),#2237,.T.);
#2226 = FACE_BOUND('',#2227,.T.);
#2227 = EDGE_LOOP('',(#2228,#2229,#2230));
#2228 = ORIENTED_EDGE('',*,*,#1038,.F.);
#2229 = ORIENTED_EDGE('',*,*,#1695,.T.);
#2230 = ORIENTED_EDGE('',*,*,#2231,.F.);
#2231 = EDGE_CURVE('',#904,#1687,#2232,.T.);
#2232 = CIRCLE('',#2233,0.5);
#2233 = AXIS2_PLACEMENT_3D('',#2234,#2235,#2236);
#2234 = CARTESIAN_POINT('',(-4.7,7.230579115706,-6.58));
#2235 = DIRECTION('',(0.,1.,0.));
#2236 = DIRECTION('',(-1.,0.,0.));
#2237 = CYLINDRICAL_SURFACE('',#2238,0.5);
#2238 = AXIS2_PLACEMENT_3D('',#2239,#2240,#2241);
#2239 = CARTESIAN_POINT('',(-4.7,6.711158231413,-6.58));
#2240 = DIRECTION('',(0.,1.,0.));
#2241 = DIRECTION('',(-1.,0.,0.));
#2242 = ADVANCED_FACE('',(#2243),#2248,.T.);
#2243 = FACE_BOUND('',#2244,.T.);
#2244 = EDGE_LOOP('',(#2245,#2246,#2247));
#2245 = ORIENTED_EDGE('',*,*,#1006,.F.);
#2246 = ORIENTED_EDGE('',*,*,#1715,.T.);
#2247 = ORIENTED_EDGE('',*,*,#1876,.F.);
#2248 = CYLINDRICAL_SURFACE('',#2249,0.5);
#2249 = AXIS2_PLACEMENT_3D('',#2250,#2251,#2252);
#2250 = CARTESIAN_POINT('',(-4.7,6.711158231413,-9.12));
#2251 = DIRECTION('',(0.,1.,0.));
#2252 = DIRECTION('',(-1.,0.,0.));
#2253 = ADVANCED_FACE('',(#2254),#2281,.F.);
#2254 = FACE_BOUND('',#2255,.T.);
#2255 = EDGE_LOOP('',(#2256,#2264,#2272,#2279,#2280));
#2256 = ORIENTED_EDGE('',*,*,#2257,.F.);
#2257 = EDGE_CURVE('',#2258,#1611,#2260,.T.);
#2258 = VERTEX_POINT('',#2259);
#2259 = CARTESIAN_POINT('',(-0.567893218813,0.717893218813,-5.505));
#2260 = LINE('',#2261,#2262);
#2261 = CARTESIAN_POINT('',(6.601373231948,-6.451373231948,-5.505));
#2262 = VECTOR('',#2263,1.);
#2263 = DIRECTION('',(0.707106781187,-0.707106781187,8.659274570719E-17)
  );
#2264 = ORIENTED_EDGE('',*,*,#2265,.T.);
#2265 = EDGE_CURVE('',#2258,#2266,#2268,.T.);
#2266 = VERTEX_POINT('',#2267);
#2267 = CARTESIAN_POINT('',(-0.567893218813,4.556722766599,-5.505));
#2268 = LINE('',#2269,#2270);
#2269 = CARTESIAN_POINT('',(-0.567893218813,4.499519052838,-5.505));
#2270 = VECTOR('',#2271,1.);
#2271 = DIRECTION('',(0.,1.,0.));
#2272 = ORIENTED_EDGE('',*,*,#2273,.T.);
#2273 = EDGE_CURVE('',#2266,#2022,#2274,.T.);
#2274 = CIRCLE('',#2275,0.5);
#2275 = AXIS2_PLACEMENT_3D('',#2276,#2277,#2278);
#2276 = CARTESIAN_POINT('',(-0.364412717364,4.1,-5.505));
#2277 = DIRECTION('',(1.224606353822E-16,0.,-1.));
#2278 = DIRECTION('',(1.,-1.734723475977E-15,1.224606353822E-16));
#2279 = ORIENTED_EDGE('',*,*,#2021,.T.);
#2280 = ORIENTED_EDGE('',*,*,#1620,.F.);
#2281 = PLANE('',#2282);
#2282 = AXIS2_PLACEMENT_3D('',#2283,#2284,#2285);
#2283 = CARTESIAN_POINT('',(0.,1.3,-5.505));
#2284 = DIRECTION('',(-1.224606353822E-16,0.,1.));
#2285 = DIRECTION('',(0.,-1.,0.));
#2286 = ADVANCED_FACE('',(#2287),#2312,.F.);
#2287 = FACE_BOUND('',#2288,.T.);
#2288 = EDGE_LOOP('',(#2289,#2290,#2298,#2306));
#2289 = ORIENTED_EDGE('',*,*,#1951,.F.);
#2290 = ORIENTED_EDGE('',*,*,#2291,.T.);
#2291 = EDGE_CURVE('',#1943,#2292,#2294,.T.);
#2292 = VERTEX_POINT('',#2293);
#2293 = CARTESIAN_POINT('',(-0.921446609407,1.071446609407,
    -5.651446609407));
#2294 = LINE('',#2295,#2296);
#2295 = CARTESIAN_POINT('',(-0.921446609407,0.925,-5.651446609407));
#2296 = VECTOR('',#2297,1.);
#2297 = DIRECTION('',(-0.,-1.,-0.));
#2298 = ORIENTED_EDGE('',*,*,#2299,.F.);
#2299 = EDGE_CURVE('',#2300,#2292,#2302,.T.);
#2300 = VERTEX_POINT('',#2301);
#2301 = CARTESIAN_POINT('',(-1.15,1.3,-5.88));
#2302 = LINE('',#2303,#2304);
#2303 = CARTESIAN_POINT('',(6.601373231948,-6.451373231948,
    1.871373231947));
#2304 = VECTOR('',#2305,1.);
#2305 = DIRECTION('',(0.57735026919,-0.57735026919,0.57735026919));
#2306 = ORIENTED_EDGE('',*,*,#2307,.T.);
#2307 = EDGE_CURVE('',#2300,#1952,#2308,.T.);
#2308 = LINE('',#2309,#2310);
#2309 = CARTESIAN_POINT('',(-1.15,-6.451373231948,-5.88));
#2310 = VECTOR('',#2311,1.);
#2311 = DIRECTION('',(0.,1.,0.));
#2312 = PLANE('',#2313);
#2313 = AXIS2_PLACEMENT_3D('',#2314,#2315,#2316);
#2314 = CARTESIAN_POINT('',(-0.921446609407,1.3,-5.651446609407));
#2315 = DIRECTION('',(-0.707106781187,0.,0.707106781187));
#2316 = DIRECTION('',(0.,-1.,0.));
#2317 = ADVANCED_FACE('',(#2318),#2345,.F.);
#2318 = FACE_BOUND('',#2319,.T.);
#2319 = EDGE_LOOP('',(#2320,#2321,#2328,#2329,#2330,#2331,#2338,#2339));
#2320 = ORIENTED_EDGE('',*,*,#2299,.T.);
#2321 = ORIENTED_EDGE('',*,*,#2322,.T.);
#2322 = EDGE_CURVE('',#2292,#2258,#2323,.T.);
#2323 = ( BOUNDED_CURVE() B_SPLINE_CURVE(3,(#2324,#2325,#2326,#2327),
.UNSPECIFIED.,.F.,.F.) B_SPLINE_CURVE_WITH_KNOTS((4,4),(3.926990816987,
4.712388980385),.PIECEWISE_BEZIER_KNOTS.) CURVE() 
GEOMETRIC_REPRESENTATION_ITEM() RATIONAL_B_SPLINE_CURVE((1.,
0.949253021674,0.949253021674,1.)) REPRESENTATION_ITEM('') );
#2324 = CARTESIAN_POINT('',(-0.921446609407,1.071446609407,
    -5.651446609407));
#2325 = CARTESIAN_POINT('',(-0.826425210512,0.976425210512,
    -5.556425210512));
#2326 = CARTESIAN_POINT('',(-0.702273769846,0.852273769846,-5.505));
#2327 = CARTESIAN_POINT('',(-0.567893218813,0.717893218813,-5.505));
#2328 = ORIENTED_EDGE('',*,*,#2257,.T.);
#2329 = ORIENTED_EDGE('',*,*,#1610,.T.);
#2330 = ORIENTED_EDGE('',*,*,#2000,.T.);
#2331 = ORIENTED_EDGE('',*,*,#2332,.T.);
#2332 = EDGE_CURVE('',#1993,#1893,#2333,.T.);
#2333 = ( BOUNDED_CURVE() B_SPLINE_CURVE(3,(#2334,#2335,#2336,#2337),
.UNSPECIFIED.,.F.,.F.) B_SPLINE_CURVE_WITH_KNOTS((4,4),(1.570796326795,
2.356194490192),.PIECEWISE_BEZIER_KNOTS.) CURVE() 
GEOMETRIC_REPRESENTATION_ITEM() RATIONAL_B_SPLINE_CURVE((1.,
0.949253021674,0.949253021674,1.)) REPRESENTATION_ITEM('') );
#2334 = CARTESIAN_POINT('',(-0.567893218813,0.717893218813,-7.655));
#2335 = CARTESIAN_POINT('',(-0.702273769846,0.852273769846,-7.655));
#2336 = CARTESIAN_POINT('',(-0.826425210512,0.976425210512,
    -7.603574789488));
#2337 = CARTESIAN_POINT('',(-0.921446609407,1.071446609407,
    -7.508553390593));
#2338 = ORIENTED_EDGE('',*,*,#1892,.T.);
#2339 = ORIENTED_EDGE('',*,*,#2340,.F.);
#2340 = EDGE_CURVE('',#2300,#1895,#2341,.T.);
#2341 = LINE('',#2342,#2343);
#2342 = CARTESIAN_POINT('',(-1.15,1.3,-6.58));
#2343 = VECTOR('',#2344,1.);
#2344 = DIRECTION('',(1.224606353822E-16,0.,-1.));
#2345 = PLANE('',#2346);
#2346 = AXIS2_PLACEMENT_3D('',#2347,#2348,#2349);
#2347 = CARTESIAN_POINT('',(-0.921446609407,1.071446609407,-7.28));
#2348 = DIRECTION('',(-0.707106781187,-0.707106781187,
    -8.659274570719E-17));
#2349 = DIRECTION('',(-1.224606353822E-16,-1.232595164408E-32,1.));
#2350 = ADVANCED_FACE('',(#2351),#2362,.T.);
#2351 = FACE_BOUND('',#2352,.T.);
#2352 = EDGE_LOOP('',(#2353,#2354,#2355));
#2353 = ORIENTED_EDGE('',*,*,#980,.F.);
#2354 = ORIENTED_EDGE('',*,*,#1755,.T.);
#2355 = ORIENTED_EDGE('',*,*,#2356,.F.);
#2356 = EDGE_CURVE('',#939,#1747,#2357,.T.);
#2357 = CIRCLE('',#2358,0.5);
#2358 = AXIS2_PLACEMENT_3D('',#2359,#2360,#2361);
#2359 = CARTESIAN_POINT('',(-4.7,7.230579115706,-4.04));
#2360 = DIRECTION('',(0.,1.,0.));
#2361 = DIRECTION('',(-1.,0.,0.));
#2362 = CYLINDRICAL_SURFACE('',#2363,0.5);
#2363 = AXIS2_PLACEMENT_3D('',#2364,#2365,#2366);
#2364 = CARTESIAN_POINT('',(-4.7,6.711158231413,-4.04));
#2365 = DIRECTION('',(0.,1.,0.));
#2366 = DIRECTION('',(-1.,0.,0.));
#2367 = ADVANCED_FACE('',(#2368),#2402,.F.);
#2368 = FACE_BOUND('',#2369,.T.);
#2369 = EDGE_LOOP('',(#2370,#2380,#2388,#2396));
#2370 = ORIENTED_EDGE('',*,*,#2371,.F.);
#2371 = EDGE_CURVE('',#2372,#2374,#2376,.T.);
#2372 = VERTEX_POINT('',#2373);
#2373 = CARTESIAN_POINT('',(-0.921446609407,1.071446609407,
    -4.968553390593));
#2374 = VERTEX_POINT('',#2375);
#2375 = CARTESIAN_POINT('',(-1.15,1.3,-4.74));
#2376 = LINE('',#2377,#2378);
#2377 = CARTESIAN_POINT('',(6.601373231948,-6.451373231948,
    -12.49137323194));
#2378 = VECTOR('',#2379,1.);
#2379 = DIRECTION('',(-0.57735026919,0.57735026919,0.57735026919));
#2380 = ORIENTED_EDGE('',*,*,#2381,.T.);
#2381 = EDGE_CURVE('',#2372,#2382,#2384,.T.);
#2382 = VERTEX_POINT('',#2383);
#2383 = CARTESIAN_POINT('',(-0.921446609407,3.952972865936,
    -4.968553390593));
#2384 = LINE('',#2385,#2386);
#2385 = CARTESIAN_POINT('',(-0.921446609407,4.499519052838,
    -4.968553390593));
#2386 = VECTOR('',#2387,1.);
#2387 = DIRECTION('',(0.,1.,0.));
#2388 = ORIENTED_EDGE('',*,*,#2389,.T.);
#2389 = EDGE_CURVE('',#2382,#2390,#2392,.T.);
#2390 = VERTEX_POINT('',#2391);
#2391 = CARTESIAN_POINT('',(-1.15,3.1,-4.74));
#2392 = LINE('',#2393,#2394);
#2393 = CARTESIAN_POINT('',(-3.709282744109,-6.451373231948,
    -2.180717255891));
#2394 = VECTOR('',#2395,1.);
#2395 = DIRECTION('',(-0.250562807086,-0.935113126531,0.250562807086));
#2396 = ORIENTED_EDGE('',*,*,#2397,.F.);
#2397 = EDGE_CURVE('',#2374,#2390,#2398,.T.);
#2398 = LINE('',#2399,#2400);
#2399 = CARTESIAN_POINT('',(-1.15,-6.451373231948,-4.74));
#2400 = VECTOR('',#2401,1.);
#2401 = DIRECTION('',(0.,1.,0.));
#2402 = PLANE('',#2403);
#2403 = AXIS2_PLACEMENT_3D('',#2404,#2405,#2406);
#2404 = CARTESIAN_POINT('',(-1.15,1.3,-4.74));
#2405 = DIRECTION('',(-0.707106781187,-0.,-0.707106781187));
#2406 = DIRECTION('',(0.,-1.,0.));
#2407 = ADVANCED_FACE('',(#2408),#2451,.F.);
#2408 = FACE_BOUND('',#2409,.T.);
#2409 = EDGE_LOOP('',(#2410,#2411,#2420,#2428,#2437,#2445));
#2410 = ORIENTED_EDGE('',*,*,#2389,.F.);
#2411 = ORIENTED_EDGE('',*,*,#2412,.T.);
#2412 = EDGE_CURVE('',#2382,#2413,#2415,.T.);
#2413 = VERTEX_POINT('',#2414);
#2414 = CARTESIAN_POINT('',(-0.847375630508,4.229409522551,
    -5.029595684436));
#2415 = ( BOUNDED_CURVE() B_SPLINE_CURVE(3,(#2416,#2417,#2418,#2419),
.UNSPECIFIED.,.F.,.F.) B_SPLINE_CURVE_WITH_KNOTS((4,4),(0.785398163397,
0.977659469886),.PIECEWISE_BEZIER_KNOTS.) CURVE() 
GEOMETRIC_REPRESENTATION_ITEM() RATIONAL_B_SPLINE_CURVE((1.,
0.996922003938,0.996922003938,1.)) REPRESENTATION_ITEM('') );
#2416 = CARTESIAN_POINT('',(-0.921446609407,3.952972865936,
    -4.968553390593));
#2417 = CARTESIAN_POINT('',(-0.898753429314,4.037664967028,
    -4.991246570686));
#2418 = CARTESIAN_POINT('',(-0.873986871647,4.130095018568,
    -5.011656824648));
#2419 = CARTESIAN_POINT('',(-0.847375630508,4.229409522551,
    -5.029595684436));
#2420 = ORIENTED_EDGE('',*,*,#2421,.T.);
#2421 = EDGE_CURVE('',#2413,#2422,#2424,.T.);
#2422 = VERTEX_POINT('',#2423);
#2423 = CARTESIAN_POINT('',(-0.847375630508,4.229409522551,
    -3.050404315564));
#2424 = LINE('',#2425,#2426);
#2425 = CARTESIAN_POINT('',(-0.847375630508,4.229409522551,-2.965));
#2426 = VECTOR('',#2427,1.);
#2427 = DIRECTION('',(-1.224606353822E-16,0.,1.));
#2428 = ORIENTED_EDGE('',*,*,#2429,.T.);
#2429 = EDGE_CURVE('',#2422,#2430,#2432,.T.);
#2430 = VERTEX_POINT('',#2431);
#2431 = CARTESIAN_POINT('',(-0.921446609407,3.952972865936,
    -3.111446609407));
#2432 = ( BOUNDED_CURVE() B_SPLINE_CURVE(3,(#2433,#2434,#2435,#2436),
.UNSPECIFIED.,.F.,.F.) B_SPLINE_CURVE_WITH_KNOTS((4,4),(2.163933183704,
2.356194490192),.PIECEWISE_BEZIER_KNOTS.) CURVE() 
GEOMETRIC_REPRESENTATION_ITEM() RATIONAL_B_SPLINE_CURVE((1.,
0.996922003938,0.996922003938,1.)) REPRESENTATION_ITEM('') );
#2433 = CARTESIAN_POINT('',(-0.847375630508,4.229409522551,
    -3.050404315564));
#2434 = CARTESIAN_POINT('',(-0.873986871647,4.130095018568,
    -3.068343175352));
#2435 = CARTESIAN_POINT('',(-0.898753429314,4.037664967028,
    -3.088753429314));
#2436 = CARTESIAN_POINT('',(-0.921446609407,3.952972865936,
    -3.111446609407));
#2437 = ORIENTED_EDGE('',*,*,#2438,.T.);
#2438 = EDGE_CURVE('',#2430,#2439,#2441,.T.);
#2439 = VERTEX_POINT('',#2440);
#2440 = CARTESIAN_POINT('',(-1.15,3.1,-3.34));
#2441 = LINE('',#2442,#2443);
#2442 = CARTESIAN_POINT('',(-3.709282744109,-6.451373231948,
    -5.899282744108));
#2443 = VECTOR('',#2444,1.);
#2444 = DIRECTION('',(-0.250562807086,-0.935113126531,-0.250562807086));
#2445 = ORIENTED_EDGE('',*,*,#2446,.F.);
#2446 = EDGE_CURVE('',#2390,#2439,#2447,.T.);
#2447 = LINE('',#2448,#2449);
#2448 = CARTESIAN_POINT('',(-1.15,3.1,-4.04));
#2449 = VECTOR('',#2450,1.);
#2450 = DIRECTION('',(-1.224606353822E-16,0.,1.));
#2451 = PLANE('',#2452);
#2452 = AXIS2_PLACEMENT_3D('',#2453,#2454,#2455);
#2453 = CARTESIAN_POINT('',(-1.15,3.1,-4.04));
#2454 = DIRECTION('',(-0.965925826289,0.258819045103,-1.182878904195E-16
    ));
#2455 = DIRECTION('',(-1.224606353822E-16,0.,1.));
#2456 = ADVANCED_FACE('',(#2457),#2482,.F.);
#2457 = FACE_BOUND('',#2458,.T.);
#2458 = EDGE_LOOP('',(#2459,#2460,#2468,#2476));
#2459 = ORIENTED_EDGE('',*,*,#2438,.F.);
#2460 = ORIENTED_EDGE('',*,*,#2461,.T.);
#2461 = EDGE_CURVE('',#2430,#2462,#2464,.T.);
#2462 = VERTEX_POINT('',#2463);
#2463 = CARTESIAN_POINT('',(-0.921446609407,1.071446609407,
    -3.111446609407));
#2464 = LINE('',#2465,#2466);
#2465 = CARTESIAN_POINT('',(-0.921446609407,0.925,-3.111446609407));
#2466 = VECTOR('',#2467,1.);
#2467 = DIRECTION('',(0.,-1.,0.));
#2468 = ORIENTED_EDGE('',*,*,#2469,.F.);
#2469 = EDGE_CURVE('',#2470,#2462,#2472,.T.);
#2470 = VERTEX_POINT('',#2471);
#2471 = CARTESIAN_POINT('',(-1.15,1.3,-3.34));
#2472 = LINE('',#2473,#2474);
#2473 = CARTESIAN_POINT('',(6.601373231948,-6.451373231948,
    4.411373231947));
#2474 = VECTOR('',#2475,1.);
#2475 = DIRECTION('',(0.57735026919,-0.57735026919,0.57735026919));
#2476 = ORIENTED_EDGE('',*,*,#2477,.T.);
#2477 = EDGE_CURVE('',#2470,#2439,#2478,.T.);
#2478 = LINE('',#2479,#2480);
#2479 = CARTESIAN_POINT('',(-1.15,-6.451373231948,-3.34));
#2480 = VECTOR('',#2481,1.);
#2481 = DIRECTION('',(0.,1.,0.));
#2482 = PLANE('',#2483);
#2483 = AXIS2_PLACEMENT_3D('',#2484,#2485,#2486);
#2484 = CARTESIAN_POINT('',(-0.921446609407,1.3,-3.111446609407));
#2485 = DIRECTION('',(-0.707106781187,0.,0.707106781187));
#2486 = DIRECTION('',(0.,-1.,0.));
#2487 = ADVANCED_FACE('',(#2488),#2522,.F.);
#2488 = FACE_BOUND('',#2489,.T.);
#2489 = EDGE_LOOP('',(#2490,#2498,#2505,#2506,#2512,#2513,#2520,#2521));
#2490 = ORIENTED_EDGE('',*,*,#2491,.T.);
#2491 = EDGE_CURVE('',#1579,#2492,#2494,.T.);
#2492 = VERTEX_POINT('',#2493);
#2493 = CARTESIAN_POINT('',(-0.567893218813,0.717893218813,-10.195));
#2494 = LINE('',#2495,#2496);
#2495 = CARTESIAN_POINT('',(6.601373231948,-6.451373231948,-10.195));
#2496 = VECTOR('',#2497,1.);
#2497 = DIRECTION('',(-0.707106781187,0.707106781187,-8.659274570719E-17
    ));
#2498 = ORIENTED_EDGE('',*,*,#2499,.T.);
#2499 = EDGE_CURVE('',#2492,#2150,#2500,.T.);
#2500 = ( BOUNDED_CURVE() B_SPLINE_CURVE(3,(#2501,#2502,#2503,#2504),
.UNSPECIFIED.,.F.,.F.) B_SPLINE_CURVE_WITH_KNOTS((4,4),(4.712388980385,
5.497787143782),.PIECEWISE_BEZIER_KNOTS.) CURVE() 
GEOMETRIC_REPRESENTATION_ITEM() RATIONAL_B_SPLINE_CURVE((1.,
0.949253021674,0.949253021674,1.)) REPRESENTATION_ITEM('') );
#2501 = CARTESIAN_POINT('',(-0.567893218813,0.717893218813,-10.195));
#2502 = CARTESIAN_POINT('',(-0.702273769846,0.852273769846,-10.195));
#2503 = CARTESIAN_POINT('',(-0.826425210512,0.976425210512,
    -10.14357478948));
#2504 = CARTESIAN_POINT('',(-0.921446609407,1.071446609407,
    -10.04855339059));
#2505 = ORIENTED_EDGE('',*,*,#2149,.T.);
#2506 = ORIENTED_EDGE('',*,*,#2507,.F.);
#2507 = EDGE_CURVE('',#2128,#2152,#2508,.T.);
#2508 = LINE('',#2509,#2510);
#2509 = CARTESIAN_POINT('',(-1.15,1.3,-9.12));
#2510 = VECTOR('',#2511,1.);
#2511 = DIRECTION('',(1.224606353822E-16,0.,-1.));
#2512 = ORIENTED_EDGE('',*,*,#2127,.T.);
#2513 = ORIENTED_EDGE('',*,*,#2514,.T.);
#2514 = EDGE_CURVE('',#2120,#2077,#2515,.T.);
#2515 = ( BOUNDED_CURVE() B_SPLINE_CURVE(3,(#2516,#2517,#2518,#2519),
.UNSPECIFIED.,.F.,.F.) B_SPLINE_CURVE_WITH_KNOTS((4,4),(3.926990816987,
4.712388980385),.PIECEWISE_BEZIER_KNOTS.) CURVE() 
GEOMETRIC_REPRESENTATION_ITEM() RATIONAL_B_SPLINE_CURVE((1.,
0.949253021674,0.949253021674,1.)) REPRESENTATION_ITEM('') );
#2516 = CARTESIAN_POINT('',(-0.921446609407,1.071446609407,
    -8.191446609407));
#2517 = CARTESIAN_POINT('',(-0.826425210512,0.976425210512,
    -8.096425210512));
#2518 = CARTESIAN_POINT('',(-0.702273769846,0.852273769846,-8.045));
#2519 = CARTESIAN_POINT('',(-0.567893218813,0.717893218813,-8.045));
#2520 = ORIENTED_EDGE('',*,*,#2076,.T.);
#2521 = ORIENTED_EDGE('',*,*,#1586,.T.);
#2522 = PLANE('',#2523);
#2523 = AXIS2_PLACEMENT_3D('',#2524,#2525,#2526);
#2524 = CARTESIAN_POINT('',(-0.921446609407,1.071446609407,-9.82));
#2525 = DIRECTION('',(-0.707106781187,-0.707106781187,
    -8.659274570719E-17));
#2526 = DIRECTION('',(-1.224606353822E-16,-1.232595164408E-32,1.));
#2527 = ADVANCED_FACE('',(#2528),#2533,.T.);
#2528 = FACE_BOUND('',#2529,.T.);
#2529 = EDGE_LOOP('',(#2530,#2531,#2532));
#2530 = ORIENTED_EDGE('',*,*,#947,.F.);
#2531 = ORIENTED_EDGE('',*,*,#2356,.T.);
#2532 = ORIENTED_EDGE('',*,*,#1746,.T.);
#2533 = SPHERICAL_SURFACE('',#2534,0.5);
#2534 = AXIS2_PLACEMENT_3D('',#2535,#2536,#2537);
#2535 = CARTESIAN_POINT('',(-4.7,7.230579115706,-4.04));
#2536 = DIRECTION('',(0.,-0.,1.));
#2537 = DIRECTION('',(-1.,0.,0.));
#2538 = ADVANCED_FACE('',(#2539),#2580,.F.);
#2539 = FACE_BOUND('',#2540,.T.);
#2540 = EDGE_LOOP('',(#2541,#2549,#2556,#2557,#2563,#2564,#2573,#2579));
#2541 = ORIENTED_EDGE('',*,*,#2542,.T.);
#2542 = EDGE_CURVE('',#1645,#2543,#2545,.T.);
#2543 = VERTEX_POINT('',#2544);
#2544 = CARTESIAN_POINT('',(-0.567893218813,0.717893218813,-5.115));
#2545 = LINE('',#2546,#2547);
#2546 = CARTESIAN_POINT('',(6.601373231948,-6.451373231948,-5.115));
#2547 = VECTOR('',#2548,1.);
#2548 = DIRECTION('',(-0.707106781187,0.707106781187,-8.659274570719E-17
    ));
#2549 = ORIENTED_EDGE('',*,*,#2550,.T.);
#2550 = EDGE_CURVE('',#2543,#2372,#2551,.T.);
#2551 = ( BOUNDED_CURVE() B_SPLINE_CURVE(3,(#2552,#2553,#2554,#2555),
.UNSPECIFIED.,.F.,.F.) B_SPLINE_CURVE_WITH_KNOTS((4,4),(1.570796326795,
2.356194490192),.PIECEWISE_BEZIER_KNOTS.) CURVE() 
GEOMETRIC_REPRESENTATION_ITEM() RATIONAL_B_SPLINE_CURVE((1.,
0.949253021674,0.949253021674,1.)) REPRESENTATION_ITEM('') );
#2552 = CARTESIAN_POINT('',(-0.567893218813,0.717893218813,-5.115));
#2553 = CARTESIAN_POINT('',(-0.702273769846,0.852273769846,-5.115));
#2554 = CARTESIAN_POINT('',(-0.826425210512,0.976425210512,
    -5.063574789488));
#2555 = CARTESIAN_POINT('',(-0.921446609407,1.071446609407,
    -4.968553390593));
#2556 = ORIENTED_EDGE('',*,*,#2371,.T.);
#2557 = ORIENTED_EDGE('',*,*,#2558,.F.);
#2558 = EDGE_CURVE('',#2470,#2374,#2559,.T.);
#2559 = LINE('',#2560,#2561);
#2560 = CARTESIAN_POINT('',(-1.15,1.3,-4.04));
#2561 = VECTOR('',#2562,1.);
#2562 = DIRECTION('',(1.224606353822E-16,0.,-1.));
#2563 = ORIENTED_EDGE('',*,*,#2469,.T.);
#2564 = ORIENTED_EDGE('',*,*,#2565,.T.);
#2565 = EDGE_CURVE('',#2462,#2566,#2568,.T.);
#2566 = VERTEX_POINT('',#2567);
#2567 = CARTESIAN_POINT('',(-0.567893218813,0.717893218813,-2.965));
#2568 = ( BOUNDED_CURVE() B_SPLINE_CURVE(3,(#2569,#2570,#2571,#2572),
.UNSPECIFIED.,.F.,.F.) B_SPLINE_CURVE_WITH_KNOTS((4,4),(0.785398163397,
1.570796326795),.PIECEWISE_BEZIER_KNOTS.) CURVE() 
GEOMETRIC_REPRESENTATION_ITEM() RATIONAL_B_SPLINE_CURVE((1.,
0.949253021674,0.949253021674,1.)) REPRESENTATION_ITEM('') );
#2569 = CARTESIAN_POINT('',(-0.921446609407,1.071446609407,
    -3.111446609407));
#2570 = CARTESIAN_POINT('',(-0.826425210512,0.976425210512,
    -3.016425210512));
#2571 = CARTESIAN_POINT('',(-0.702273769846,0.852273769846,-2.965));
#2572 = CARTESIAN_POINT('',(-0.567893218813,0.717893218813,-2.965));
#2573 = ORIENTED_EDGE('',*,*,#2574,.T.);
#2574 = EDGE_CURVE('',#2566,#1655,#2575,.T.);
#2575 = LINE('',#2576,#2577);
#2576 = CARTESIAN_POINT('',(6.601373231948,-6.451373231948,-2.965));
#2577 = VECTOR('',#2578,1.);
#2578 = DIRECTION('',(0.707106781187,-0.707106781187,8.659274570719E-17)
  );
#2579 = ORIENTED_EDGE('',*,*,#1654,.T.);
#2580 = PLANE('',#2581);
#2581 = AXIS2_PLACEMENT_3D('',#2582,#2583,#2584);
#2582 = CARTESIAN_POINT('',(-0.921446609407,1.071446609407,-4.74));
#2583 = DIRECTION('',(-0.707106781187,-0.707106781187,
    -8.659274570719E-17));
#2584 = DIRECTION('',(-1.224606353822E-16,-1.232595164408E-32,1.));
#2585 = ADVANCED_FACE('',(#2586),#2591,.T.);
#2586 = FACE_BOUND('',#2587,.T.);
#2587 = EDGE_LOOP('',(#2588,#2589,#2590));
#2588 = ORIENTED_EDGE('',*,*,#912,.F.);
#2589 = ORIENTED_EDGE('',*,*,#2231,.T.);
#2590 = ORIENTED_EDGE('',*,*,#1686,.T.);
#2591 = SPHERICAL_SURFACE('',#2592,0.5);
#2592 = AXIS2_PLACEMENT_3D('',#2593,#2594,#2595);
#2593 = CARTESIAN_POINT('',(-4.7,7.230579115706,-6.58));
#2594 = DIRECTION('',(0.,-0.,1.));
#2595 = DIRECTION('',(-1.,0.,0.));
#2596 = ADVANCED_FACE('',(#2597),#2624,.F.);
#2597 = FACE_BOUND('',#2598,.T.);
#2598 = EDGE_LOOP('',(#2599,#2610,#2616,#2617,#2618));
#2599 = ORIENTED_EDGE('',*,*,#2600,.T.);
#2600 = EDGE_CURVE('',#2601,#2603,#2605,.T.);
#2601 = VERTEX_POINT('',#2602);
#2602 = CARTESIAN_POINT('',(-0.364412717364,4.6,-5.115));
#2603 = VERTEX_POINT('',#2604);
#2604 = CARTESIAN_POINT('',(-0.567893218813,4.556722766599,-5.115));
#2605 = CIRCLE('',#2606,0.5);
#2606 = AXIS2_PLACEMENT_3D('',#2607,#2608,#2609);
#2607 = CARTESIAN_POINT('',(-0.364412717364,4.1,-5.115));
#2608 = DIRECTION('',(-1.224606353822E-16,0.,1.));
#2609 = DIRECTION('',(-1.,5.20417042793E-15,-1.224606353822E-16));
#2610 = ORIENTED_EDGE('',*,*,#2611,.T.);
#2611 = EDGE_CURVE('',#2603,#2543,#2612,.T.);
#2612 = LINE('',#2613,#2614);
#2613 = CARTESIAN_POINT('',(-0.567893218813,0.925,-5.115));
#2614 = VECTOR('',#2615,1.);
#2615 = DIRECTION('',(0.,-1.,-0.));
#2616 = ORIENTED_EDGE('',*,*,#2542,.F.);
#2617 = ORIENTED_EDGE('',*,*,#1644,.T.);
#2618 = ORIENTED_EDGE('',*,*,#2619,.T.);
#2619 = EDGE_CURVE('',#1647,#2601,#2620,.T.);
#2620 = LINE('',#2621,#2622);
#2621 = CARTESIAN_POINT('',(-24.32284445815,4.6,-5.115));
#2622 = VECTOR('',#2623,1.);
#2623 = DIRECTION('',(-1.,0.,-1.224606353822E-16));
#2624 = PLANE('',#2625);
#2625 = AXIS2_PLACEMENT_3D('',#2626,#2627,#2628);
#2626 = CARTESIAN_POINT('',(-0.567893218813,1.3,-5.115));
#2627 = DIRECTION('',(1.224606353822E-16,0.,-1.));
#2628 = DIRECTION('',(-1.,0.,-1.224606353822E-16));
#2629 = ADVANCED_FACE('',(#2630),#2648,.F.);
#2630 = FACE_BOUND('',#2631,.T.);
#2631 = EDGE_LOOP('',(#2632,#2640,#2646,#2647));
#2632 = ORIENTED_EDGE('',*,*,#2633,.F.);
#2633 = EDGE_CURVE('',#2634,#1663,#2636,.T.);
#2634 = VERTEX_POINT('',#2635);
#2635 = CARTESIAN_POINT('',(-0.364412717364,4.6,-2.965));
#2636 = LINE('',#2637,#2638);
#2637 = CARTESIAN_POINT('',(-24.32284445815,4.6,-2.965));
#2638 = VECTOR('',#2639,1.);
#2639 = DIRECTION('',(1.,0.,1.224606353822E-16));
#2640 = ORIENTED_EDGE('',*,*,#2641,.T.);
#2641 = EDGE_CURVE('',#2634,#2601,#2642,.T.);
#2642 = LINE('',#2643,#2644);
#2643 = CARTESIAN_POINT('',(-0.364412717364,4.6,-5.115));
#2644 = VECTOR('',#2645,1.);
#2645 = DIRECTION('',(1.224606353822E-16,-0.,-1.));
#2646 = ORIENTED_EDGE('',*,*,#2619,.F.);
#2647 = ORIENTED_EDGE('',*,*,#1670,.T.);
#2648 = PLANE('',#2649);
#2649 = AXIS2_PLACEMENT_3D('',#2650,#2651,#2652);
#2650 = CARTESIAN_POINT('',(0.,4.6,-4.04));
#2651 = DIRECTION('',(0.,1.,0.));
#2652 = DIRECTION('',(-1.,0.,-1.224606353822E-16));
#2653 = ADVANCED_FACE('',(#2654),#2665,.T.);
#2654 = FACE_BOUND('',#2655,.T.);
#2655 = EDGE_LOOP('',(#2656,#2657,#2658));
#2656 = ORIENTED_EDGE('',*,*,#886,.F.);
#2657 = ORIENTED_EDGE('',*,*,#1733,.T.);
#2658 = ORIENTED_EDGE('',*,*,#2659,.F.);
#2659 = EDGE_CURVE('',#845,#1725,#2660,.T.);
#2660 = CIRCLE('',#2661,0.5);
#2661 = AXIS2_PLACEMENT_3D('',#2662,#2663,#2664);
#2662 = CARTESIAN_POINT('',(-4.7,7.230579115706,-1.5));
#2663 = DIRECTION('',(0.,1.,0.));
#2664 = DIRECTION('',(-1.,0.,0.));
#2665 = CYLINDRICAL_SURFACE('',#2666,0.5);
#2666 = AXIS2_PLACEMENT_3D('',#2667,#2668,#2669);
#2667 = CARTESIAN_POINT('',(-4.7,6.711158231413,-1.5));
#2668 = DIRECTION('',(0.,1.,0.));
#2669 = DIRECTION('',(-1.,0.,0.));
#2670 = ADVANCED_FACE('',(#2671),#2676,.T.);
#2671 = FACE_BOUND('',#2672,.T.);
#2672 = EDGE_LOOP('',(#2673,#2674,#2675));
#2673 = ORIENTED_EDGE('',*,*,#853,.F.);
#2674 = ORIENTED_EDGE('',*,*,#2659,.T.);
#2675 = ORIENTED_EDGE('',*,*,#1724,.T.);
#2676 = SPHERICAL_SURFACE('',#2677,0.5);
#2677 = AXIS2_PLACEMENT_3D('',#2678,#2679,#2680);
#2678 = CARTESIAN_POINT('',(-4.7,7.230579115706,-1.5));
#2679 = DIRECTION('',(0.,-0.,1.));
#2680 = DIRECTION('',(-1.,0.,0.));
#2681 = ADVANCED_FACE('',(#2682),#2716,.F.);
#2682 = FACE_BOUND('',#2683,.T.);
#2683 = EDGE_LOOP('',(#2684,#2694,#2702,#2710));
#2684 = ORIENTED_EDGE('',*,*,#2685,.F.);
#2685 = EDGE_CURVE('',#2686,#2688,#2690,.T.);
#2686 = VERTEX_POINT('',#2687);
#2687 = CARTESIAN_POINT('',(-0.921446609407,3.952972865936,
    -0.571446609407));
#2688 = VERTEX_POINT('',#2689);
#2689 = CARTESIAN_POINT('',(-1.15,3.1,-0.8));
#2690 = LINE('',#2691,#2692);
#2691 = CARTESIAN_POINT('',(-3.709282744109,-6.451373231948,
    -3.359282744108));
#2692 = VECTOR('',#2693,1.);
#2693 = DIRECTION('',(-0.250562807086,-0.935113126531,-0.250562807086));
#2694 = ORIENTED_EDGE('',*,*,#2695,.T.);
#2695 = EDGE_CURVE('',#2686,#2696,#2698,.T.);
#2696 = VERTEX_POINT('',#2697);
#2697 = CARTESIAN_POINT('',(-0.921446609407,1.071446609407,
    -0.571446609407));
#2698 = LINE('',#2699,#2700);
#2699 = CARTESIAN_POINT('',(-0.921446609407,1.3,-0.571446609407));
#2700 = VECTOR('',#2701,1.);
#2701 = DIRECTION('',(-0.,-1.,-0.));
#2702 = ORIENTED_EDGE('',*,*,#2703,.F.);
#2703 = EDGE_CURVE('',#2704,#2696,#2706,.T.);
#2704 = VERTEX_POINT('',#2705);
#2705 = CARTESIAN_POINT('',(-1.15,1.3,-0.8));
#2706 = LINE('',#2707,#2708);
#2707 = CARTESIAN_POINT('',(6.601373231948,-6.451373231948,
    6.951373231947));
#2708 = VECTOR('',#2709,1.);
#2709 = DIRECTION('',(0.57735026919,-0.57735026919,0.57735026919));
#2710 = ORIENTED_EDGE('',*,*,#2711,.T.);
#2711 = EDGE_CURVE('',#2704,#2688,#2712,.T.);
#2712 = LINE('',#2713,#2714);
#2713 = CARTESIAN_POINT('',(-1.15,-6.451373231948,-0.8));
#2714 = VECTOR('',#2715,1.);
#2715 = DIRECTION('',(0.,1.,0.));
#2716 = PLANE('',#2717);
#2717 = AXIS2_PLACEMENT_3D('',#2718,#2719,#2720);
#2718 = CARTESIAN_POINT('',(-0.921446609407,1.3,-0.571446609407));
#2719 = DIRECTION('',(-0.707106781187,0.,0.707106781187));
#2720 = DIRECTION('',(0.,-1.,0.));
#2721 = ADVANCED_FACE('',(#2722),#2747,.F.);
#2722 = FACE_BOUND('',#2723,.T.);
#2723 = EDGE_LOOP('',(#2724,#2732,#2740,#2746));
#2724 = ORIENTED_EDGE('',*,*,#2725,.F.);
#2725 = EDGE_CURVE('',#2726,#1553,#2728,.T.);
#2726 = VERTEX_POINT('',#2727);
#2727 = CARTESIAN_POINT('',(-0.364412717364,4.6,-0.425));
#2728 = LINE('',#2729,#2730);
#2729 = CARTESIAN_POINT('',(-24.32284445815,4.6,-0.425));
#2730 = VECTOR('',#2731,1.);
#2731 = DIRECTION('',(1.,0.,1.224606353822E-16));
#2732 = ORIENTED_EDGE('',*,*,#2733,.T.);
#2733 = EDGE_CURVE('',#2726,#2734,#2736,.T.);
#2734 = VERTEX_POINT('',#2735);
#2735 = CARTESIAN_POINT('',(-0.364412717364,4.6,-2.575));
#2736 = LINE('',#2737,#2738);
#2737 = CARTESIAN_POINT('',(-0.364412717364,4.6,-2.575));
#2738 = VECTOR('',#2739,1.);
#2739 = DIRECTION('',(1.224606353822E-16,0.,-1.));
#2740 = ORIENTED_EDGE('',*,*,#2741,.F.);
#2741 = EDGE_CURVE('',#1561,#2734,#2742,.T.);
#2742 = LINE('',#2743,#2744);
#2743 = CARTESIAN_POINT('',(-24.32284445815,4.6,-2.575));
#2744 = VECTOR('',#2745,1.);
#2745 = DIRECTION('',(-1.,0.,-1.224606353822E-16));
#2746 = ORIENTED_EDGE('',*,*,#1560,.T.);
#2747 = PLANE('',#2748);
#2748 = AXIS2_PLACEMENT_3D('',#2749,#2750,#2751);
#2749 = CARTESIAN_POINT('',(0.,4.6,-1.5));
#2750 = DIRECTION('',(0.,1.,0.));
#2751 = DIRECTION('',(-1.,0.,-1.224606353822E-16));
#2752 = ADVANCED_FACE('',(#2753),#2796,.F.);
#2753 = FACE_BOUND('',#2754,.T.);
#2754 = EDGE_LOOP('',(#2755,#2765,#2772,#2773,#2781,#2789));
#2755 = ORIENTED_EDGE('',*,*,#2756,.T.);
#2756 = EDGE_CURVE('',#2757,#2759,#2761,.T.);
#2757 = VERTEX_POINT('',#2758);
#2758 = CARTESIAN_POINT('',(-0.847375630508,4.229409522551,
    -2.489595684436));
#2759 = VERTEX_POINT('',#2760);
#2760 = CARTESIAN_POINT('',(-0.847375630508,4.229409522551,
    -0.510404315564));
#2761 = LINE('',#2762,#2763);
#2762 = CARTESIAN_POINT('',(-0.847375630508,4.229409522551,-0.425));
#2763 = VECTOR('',#2764,1.);
#2764 = DIRECTION('',(-1.224606353822E-16,-0.,1.));
#2765 = ORIENTED_EDGE('',*,*,#2766,.T.);
#2766 = EDGE_CURVE('',#2759,#2686,#2767,.T.);
#2767 = ( BOUNDED_CURVE() B_SPLINE_CURVE(3,(#2768,#2769,#2770,#2771),
.UNSPECIFIED.,.F.,.F.) B_SPLINE_CURVE_WITH_KNOTS((4,4),(2.163933183704,
2.356194490192),.PIECEWISE_BEZIER_KNOTS.) CURVE() 
GEOMETRIC_REPRESENTATION_ITEM() RATIONAL_B_SPLINE_CURVE((1.,
0.996922003938,0.996922003938,1.)) REPRESENTATION_ITEM('') );
#2768 = CARTESIAN_POINT('',(-0.847375630508,4.229409522551,
    -0.510404315564));
#2769 = CARTESIAN_POINT('',(-0.873986871647,4.130095018568,
    -0.528343175352));
#2770 = CARTESIAN_POINT('',(-0.898753429314,4.037664967028,
    -0.548753429314));
#2771 = CARTESIAN_POINT('',(-0.921446609407,3.952972865936,
    -0.571446609407));
#2772 = ORIENTED_EDGE('',*,*,#2685,.T.);
#2773 = ORIENTED_EDGE('',*,*,#2774,.F.);
#2774 = EDGE_CURVE('',#2775,#2688,#2777,.T.);
#2775 = VERTEX_POINT('',#2776);
#2776 = CARTESIAN_POINT('',(-1.15,3.1,-2.2));
#2777 = LINE('',#2778,#2779);
#2778 = CARTESIAN_POINT('',(-1.15,3.1,-1.5));
#2779 = VECTOR('',#2780,1.);
#2780 = DIRECTION('',(-1.224606353822E-16,0.,1.));
#2781 = ORIENTED_EDGE('',*,*,#2782,.F.);
#2782 = EDGE_CURVE('',#2783,#2775,#2785,.T.);
#2783 = VERTEX_POINT('',#2784);
#2784 = CARTESIAN_POINT('',(-0.921446609407,3.952972865936,
    -2.428553390593));
#2785 = LINE('',#2786,#2787);
#2786 = CARTESIAN_POINT('',(-3.709282744109,-6.451373231948,
    0.359282744109));
#2787 = VECTOR('',#2788,1.);
#2788 = DIRECTION('',(-0.250562807086,-0.935113126531,0.250562807086));
#2789 = ORIENTED_EDGE('',*,*,#2790,.T.);
#2790 = EDGE_CURVE('',#2783,#2757,#2791,.T.);
#2791 = ( BOUNDED_CURVE() B_SPLINE_CURVE(3,(#2792,#2793,#2794,#2795),
.UNSPECIFIED.,.F.,.F.) B_SPLINE_CURVE_WITH_KNOTS((4,4),(3.926990816987,
4.119252123476),.PIECEWISE_BEZIER_KNOTS.) CURVE() 
GEOMETRIC_REPRESENTATION_ITEM() RATIONAL_B_SPLINE_CURVE((1.,
0.996922003938,0.996922003938,1.)) REPRESENTATION_ITEM('') );
#2792 = CARTESIAN_POINT('',(-0.921446609407,3.952972865936,
    -2.428553390593));
#2793 = CARTESIAN_POINT('',(-0.898753429314,4.037664967028,
    -2.451246570686));
#2794 = CARTESIAN_POINT('',(-0.873986871647,4.130095018568,
    -2.471656824648));
#2795 = CARTESIAN_POINT('',(-0.847375630508,4.229409522551,
    -2.489595684436));
#2796 = PLANE('',#2797);
#2797 = AXIS2_PLACEMENT_3D('',#2798,#2799,#2800);
#2798 = CARTESIAN_POINT('',(-1.15,3.1,-1.5));
#2799 = DIRECTION('',(-0.965925826289,0.258819045103,-1.182878904195E-16
    ));
#2800 = DIRECTION('',(-1.224606353822E-16,0.,1.));
#2801 = ADVANCED_FACE('',(#2802),#2822,.F.);
#2802 = FACE_BOUND('',#2803,.T.);
#2803 = EDGE_LOOP('',(#2804,#2812,#2819,#2820,#2821));
#2804 = ORIENTED_EDGE('',*,*,#2805,.T.);
#2805 = EDGE_CURVE('',#2566,#2806,#2808,.T.);
#2806 = VERTEX_POINT('',#2807);
#2807 = CARTESIAN_POINT('',(-0.567893218813,4.556722766599,-2.965));
#2808 = LINE('',#2809,#2810);
#2809 = CARTESIAN_POINT('',(-0.567893218813,4.499519052838,-2.965));
#2810 = VECTOR('',#2811,1.);
#2811 = DIRECTION('',(-0.,1.,-0.));
#2812 = ORIENTED_EDGE('',*,*,#2813,.T.);
#2813 = EDGE_CURVE('',#2806,#2634,#2814,.T.);
#2814 = CIRCLE('',#2815,0.5);
#2815 = AXIS2_PLACEMENT_3D('',#2816,#2817,#2818);
#2816 = CARTESIAN_POINT('',(-0.364412717364,4.1,-2.965));
#2817 = DIRECTION('',(1.224606353822E-16,0.,-1.));
#2818 = DIRECTION('',(1.,-6.938893903907E-15,1.224606353822E-16));
#2819 = ORIENTED_EDGE('',*,*,#2633,.T.);
#2820 = ORIENTED_EDGE('',*,*,#1662,.F.);
#2821 = ORIENTED_EDGE('',*,*,#2574,.F.);
#2822 = PLANE('',#2823);
#2823 = AXIS2_PLACEMENT_3D('',#2824,#2825,#2826);
#2824 = CARTESIAN_POINT('',(0.,1.3,-2.965));
#2825 = DIRECTION('',(-1.224606353822E-16,0.,1.));
#2826 = DIRECTION('',(0.,-1.,0.));
#2827 = ADVANCED_FACE('',(#2828),#2855,.F.);
#2828 = FACE_BOUND('',#2829,.T.);
#2829 = EDGE_LOOP('',(#2830,#2831,#2840,#2848,#2854));
#2830 = ORIENTED_EDGE('',*,*,#2741,.T.);
#2831 = ORIENTED_EDGE('',*,*,#2832,.T.);
#2832 = EDGE_CURVE('',#2734,#2833,#2835,.T.);
#2833 = VERTEX_POINT('',#2834);
#2834 = CARTESIAN_POINT('',(-0.567893218813,4.556722766599,-2.575));
#2835 = CIRCLE('',#2836,0.5);
#2836 = AXIS2_PLACEMENT_3D('',#2837,#2838,#2839);
#2837 = CARTESIAN_POINT('',(-0.364412717364,4.1,-2.575));
#2838 = DIRECTION('',(-1.224606353822E-16,0.,1.));
#2839 = DIRECTION('',(-1.,-1.040834085586E-14,-1.224606353822E-16));
#2840 = ORIENTED_EDGE('',*,*,#2841,.T.);
#2841 = EDGE_CURVE('',#2833,#2842,#2844,.T.);
#2842 = VERTEX_POINT('',#2843);
#2843 = CARTESIAN_POINT('',(-0.567893218813,0.717893218813,-2.575));
#2844 = LINE('',#2845,#2846);
#2845 = CARTESIAN_POINT('',(-0.567893218813,0.925,-2.575));
#2846 = VECTOR('',#2847,1.);
#2847 = DIRECTION('',(0.,-1.,0.));
#2848 = ORIENTED_EDGE('',*,*,#2849,.F.);
#2849 = EDGE_CURVE('',#1545,#2842,#2850,.T.);
#2850 = LINE('',#2851,#2852);
#2851 = CARTESIAN_POINT('',(6.601373231948,-6.451373231948,-2.575));
#2852 = VECTOR('',#2853,1.);
#2853 = DIRECTION('',(-0.707106781187,0.707106781187,-8.659274570719E-17
    ));
#2854 = ORIENTED_EDGE('',*,*,#1568,.T.);
#2855 = PLANE('',#2856);
#2856 = AXIS2_PLACEMENT_3D('',#2857,#2858,#2859);
#2857 = CARTESIAN_POINT('',(-0.567893218813,1.3,-2.575));
#2858 = DIRECTION('',(1.224606353822E-16,0.,-1.));
#2859 = DIRECTION('',(-1.,0.,-1.224606353822E-16));
#2860 = ADVANCED_FACE('',(#2861),#2886,.F.);
#2861 = FACE_BOUND('',#2862,.T.);
#2862 = EDGE_LOOP('',(#2863,#2873,#2879,#2880));
#2863 = ORIENTED_EDGE('',*,*,#2864,.F.);
#2864 = EDGE_CURVE('',#2865,#2867,#2869,.T.);
#2865 = VERTEX_POINT('',#2866);
#2866 = CARTESIAN_POINT('',(-0.921446609407,1.071446609407,
    -2.428553390593));
#2867 = VERTEX_POINT('',#2868);
#2868 = CARTESIAN_POINT('',(-1.15,1.3,-2.2));
#2869 = LINE('',#2870,#2871);
#2870 = CARTESIAN_POINT('',(6.601373231948,-6.451373231948,
    -9.951373231948));
#2871 = VECTOR('',#2872,1.);
#2872 = DIRECTION('',(-0.57735026919,0.57735026919,0.57735026919));
#2873 = ORIENTED_EDGE('',*,*,#2874,.T.);
#2874 = EDGE_CURVE('',#2865,#2783,#2875,.T.);
#2875 = LINE('',#2876,#2877);
#2876 = CARTESIAN_POINT('',(-0.921446609407,4.499519052838,
    -2.428553390593));
#2877 = VECTOR('',#2878,1.);
#2878 = DIRECTION('',(-0.,1.,-0.));
#2879 = ORIENTED_EDGE('',*,*,#2782,.T.);
#2880 = ORIENTED_EDGE('',*,*,#2881,.F.);
#2881 = EDGE_CURVE('',#2867,#2775,#2882,.T.);
#2882 = LINE('',#2883,#2884);
#2883 = CARTESIAN_POINT('',(-1.15,-6.451373231948,-2.2));
#2884 = VECTOR('',#2885,1.);
#2885 = DIRECTION('',(0.,1.,0.));
#2886 = PLANE('',#2887);
#2887 = AXIS2_PLACEMENT_3D('',#2888,#2889,#2890);
#2888 = CARTESIAN_POINT('',(-1.15,1.3,-2.2));
#2889 = DIRECTION('',(-0.707106781187,-0.,-0.707106781187));
#2890 = DIRECTION('',(0.,-1.,0.));
#2891 = ADVANCED_FACE('',(#2892),#2926,.F.);
#2892 = FACE_BOUND('',#2893,.T.);
#2893 = EDGE_LOOP('',(#2894,#2895,#2904,#2910,#2911,#2912,#2919,#2920));
#2894 = ORIENTED_EDGE('',*,*,#2703,.T.);
#2895 = ORIENTED_EDGE('',*,*,#2896,.T.);
#2896 = EDGE_CURVE('',#2696,#2897,#2899,.T.);
#2897 = VERTEX_POINT('',#2898);
#2898 = CARTESIAN_POINT('',(-0.567893218813,0.717893218813,-0.425));
#2899 = ( BOUNDED_CURVE() B_SPLINE_CURVE(3,(#2900,#2901,#2902,#2903),
.UNSPECIFIED.,.F.,.F.) B_SPLINE_CURVE_WITH_KNOTS((4,4),(0.785398163397,
1.570796326795),.PIECEWISE_BEZIER_KNOTS.) CURVE() 
GEOMETRIC_REPRESENTATION_ITEM() RATIONAL_B_SPLINE_CURVE((1.,
0.949253021674,0.949253021674,1.)) REPRESENTATION_ITEM('') );
#2900 = CARTESIAN_POINT('',(-0.921446609407,1.071446609407,
    -0.571446609407));
#2901 = CARTESIAN_POINT('',(-0.826425210512,0.976425210512,
    -0.476425210512));
#2902 = CARTESIAN_POINT('',(-0.702273769846,0.852273769846,-0.425));
#2903 = CARTESIAN_POINT('',(-0.567893218813,0.717893218813,-0.425));
#2904 = ORIENTED_EDGE('',*,*,#2905,.T.);
#2905 = EDGE_CURVE('',#2897,#1543,#2906,.T.);
#2906 = LINE('',#2907,#2908);
#2907 = CARTESIAN_POINT('',(6.601373231948,-6.451373231948,-0.425));
#2908 = VECTOR('',#2909,1.);
#2909 = DIRECTION('',(0.707106781187,-0.707106781187,8.659274570719E-17)
  );
#2910 = ORIENTED_EDGE('',*,*,#1542,.T.);
#2911 = ORIENTED_EDGE('',*,*,#2849,.T.);
#2912 = ORIENTED_EDGE('',*,*,#2913,.T.);
#2913 = EDGE_CURVE('',#2842,#2865,#2914,.T.);
#2914 = ( BOUNDED_CURVE() B_SPLINE_CURVE(3,(#2915,#2916,#2917,#2918),
.UNSPECIFIED.,.F.,.F.) B_SPLINE_CURVE_WITH_KNOTS((4,4),(4.712388980385,
5.497787143782),.PIECEWISE_BEZIER_KNOTS.) CURVE() 
GEOMETRIC_REPRESENTATION_ITEM() RATIONAL_B_SPLINE_CURVE((1.,
0.949253021674,0.949253021674,1.)) REPRESENTATION_ITEM('') );
#2915 = CARTESIAN_POINT('',(-0.567893218813,0.717893218813,-2.575));
#2916 = CARTESIAN_POINT('',(-0.702273769846,0.852273769846,-2.575));
#2917 = CARTESIAN_POINT('',(-0.826425210512,0.976425210512,
    -2.523574789488));
#2918 = CARTESIAN_POINT('',(-0.921446609407,1.071446609407,
    -2.428553390593));
#2919 = ORIENTED_EDGE('',*,*,#2864,.T.);
#2920 = ORIENTED_EDGE('',*,*,#2921,.F.);
#2921 = EDGE_CURVE('',#2704,#2867,#2922,.T.);
#2922 = LINE('',#2923,#2924);
#2923 = CARTESIAN_POINT('',(-1.15,1.3,-1.5));
#2924 = VECTOR('',#2925,1.);
#2925 = DIRECTION('',(1.224606353822E-16,0.,-1.));
#2926 = PLANE('',#2927);
#2927 = AXIS2_PLACEMENT_3D('',#2928,#2929,#2930);
#2928 = CARTESIAN_POINT('',(-0.921446609407,1.071446609407,-2.2));
#2929 = DIRECTION('',(-0.707106781187,-0.707106781187,
    -8.659274570719E-17));
#2930 = DIRECTION('',(-1.224606353822E-16,-1.232595164408E-32,1.));
#2931 = ADVANCED_FACE('',(#2932,#3002),#3053,.F.);
#2932 = FACE_BOUND('',#2933,.T.);
#2933 = EDGE_LOOP('',(#2934,#2944,#2953,#2961,#2970,#2978,#2987,#2995));
#2934 = ORIENTED_EDGE('',*,*,#2935,.F.);
#2935 = EDGE_CURVE('',#2936,#2938,#2940,.T.);
#2936 = VERTEX_POINT('',#2937);
#2937 = CARTESIAN_POINT('',(-2.7,3.289204187422,-10.62));
#2938 = VERTEX_POINT('',#2939);
#2939 = CARTESIAN_POINT('',(-2.7,0.710795812578,-10.62));
#2940 = LINE('',#2941,#2942);
#2941 = CARTESIAN_POINT('',(-2.7,3.5,-10.62));
#2942 = VECTOR('',#2943,1.);
#2943 = DIRECTION('',(-1.445602896647E-16,-1.,0.));
#2944 = ORIENTED_EDGE('',*,*,#2945,.T.);
#2945 = EDGE_CURVE('',#2936,#2946,#2948,.T.);
#2946 = VERTEX_POINT('',#2947);
#2947 = CARTESIAN_POINT('',(-2.910795812578,3.5,-10.62));
#2948 = CIRCLE('',#2949,0.210795812578);
#2949 = AXIS2_PLACEMENT_3D('',#2950,#2951,#2952);
#2950 = CARTESIAN_POINT('',(-2.910795812578,3.289204187422,-10.62));
#2951 = DIRECTION('',(0.,0.,1.));
#2952 = DIRECTION('',(1.,0.,-0.));
#2953 = ORIENTED_EDGE('',*,*,#2954,.F.);
#2954 = EDGE_CURVE('',#2955,#2946,#2957,.T.);
#2955 = VERTEX_POINT('',#2956);
#2956 = CARTESIAN_POINT('',(-5.489204187422,3.5,-10.62));
#2957 = LINE('',#2958,#2959);
#2958 = CARTESIAN_POINT('',(-5.7,3.5,-10.62));
#2959 = VECTOR('',#2960,1.);
#2960 = DIRECTION('',(1.,0.,0.));
#2961 = ORIENTED_EDGE('',*,*,#2962,.T.);
#2962 = EDGE_CURVE('',#2955,#2963,#2965,.T.);
#2963 = VERTEX_POINT('',#2964);
#2964 = CARTESIAN_POINT('',(-5.7,3.289204187422,-10.62));
#2965 = CIRCLE('',#2966,0.210795812578);
#2966 = AXIS2_PLACEMENT_3D('',#2967,#2968,#2969);
#2967 = CARTESIAN_POINT('',(-5.489204187422,3.289204187422,-10.62));
#2968 = DIRECTION('',(0.,0.,1.));
#2969 = DIRECTION('',(1.,0.,-0.));
#2970 = ORIENTED_EDGE('',*,*,#2971,.F.);
#2971 = EDGE_CURVE('',#2972,#2963,#2974,.T.);
#2972 = VERTEX_POINT('',#2973);
#2973 = CARTESIAN_POINT('',(-5.7,0.710795812578,-10.62));
#2974 = LINE('',#2975,#2976);
#2975 = CARTESIAN_POINT('',(-5.7,0.5,-10.62));
#2976 = VECTOR('',#2977,1.);
#2977 = DIRECTION('',(0.,1.,0.));
#2978 = ORIENTED_EDGE('',*,*,#2979,.T.);
#2979 = EDGE_CURVE('',#2972,#2980,#2982,.T.);
#2980 = VERTEX_POINT('',#2981);
#2981 = CARTESIAN_POINT('',(-5.489204187422,0.5,-10.62));
#2982 = CIRCLE('',#2983,0.210795812578);
#2983 = AXIS2_PLACEMENT_3D('',#2984,#2985,#2986);
#2984 = CARTESIAN_POINT('',(-5.489204187422,0.710795812578,-10.62));
#2985 = DIRECTION('',(0.,0.,1.));
#2986 = DIRECTION('',(1.,0.,-0.));
#2987 = ORIENTED_EDGE('',*,*,#2988,.F.);
#2988 = EDGE_CURVE('',#2989,#2980,#2991,.T.);
#2989 = VERTEX_POINT('',#2990);
#2990 = CARTESIAN_POINT('',(-2.910795812578,0.5,-10.62));
#2991 = LINE('',#2992,#2993);
#2992 = CARTESIAN_POINT('',(-2.7,0.5,-10.62));
#2993 = VECTOR('',#2994,1.);
#2994 = DIRECTION('',(-1.,-7.228014483237E-17,0.));
#2995 = ORIENTED_EDGE('',*,*,#2996,.T.);
#2996 = EDGE_CURVE('',#2989,#2938,#2997,.T.);
#2997 = CIRCLE('',#2998,0.210795812578);
#2998 = AXIS2_PLACEMENT_3D('',#2999,#3000,#3001);
#2999 = CARTESIAN_POINT('',(-2.910795812578,0.710795812578,-10.62));
#3000 = DIRECTION('',(0.,0.,1.));
#3001 = DIRECTION('',(1.,0.,-0.));
#3002 = FACE_BOUND('',#3003,.T.);
#3003 = EDGE_LOOP('',(#3004,#3014,#3021,#3022,#3028,#3029,#3030,#3037,
    #3038,#3047));
#3004 = ORIENTED_EDGE('',*,*,#3005,.T.);
#3005 = EDGE_CURVE('',#3006,#3008,#3010,.T.);
#3006 = VERTEX_POINT('',#3007);
#3007 = CARTESIAN_POINT('',(-0.738972745734,5.1,-10.62));
#3008 = VERTEX_POINT('',#3009);
#3009 = CARTESIAN_POINT('',(-0.210795812578,5.1,-10.62));
#3010 = LINE('',#3011,#3012);
#3011 = CARTESIAN_POINT('',(-0.738972745734,5.1,-10.62));
#3012 = VECTOR('',#3013,1.);
#3013 = DIRECTION('',(1.,-1.173739820576E-15,0.));
#3014 = ORIENTED_EDGE('',*,*,#3015,.T.);
#3015 = EDGE_CURVE('',#3008,#1509,#3016,.T.);
#3016 = CIRCLE('',#3017,0.210795812578);
#3017 = AXIS2_PLACEMENT_3D('',#3018,#3019,#3020);
#3018 = CARTESIAN_POINT('',(-0.210795812578,4.889204187422,-10.62));
#3019 = DIRECTION('',(0.,0.,-1.));
#3020 = DIRECTION('',(1.,0.,0.));
#3021 = ORIENTED_EDGE('',*,*,#1508,.T.);
#3022 = ORIENTED_EDGE('',*,*,#3023,.F.);
#3023 = EDGE_CURVE('',#1479,#1511,#3024,.T.);
#3024 = LINE('',#3025,#3026);
#3025 = CARTESIAN_POINT('',(0.,0.,-10.62));
#3026 = VECTOR('',#3027,1.);
#3027 = DIRECTION('',(1.,-0.,-0.));
#3028 = ORIENTED_EDGE('',*,*,#1478,.T.);
#3029 = ORIENTED_EDGE('',*,*,#1780,.T.);
#3030 = ORIENTED_EDGE('',*,*,#3031,.T.);
#3031 = EDGE_CURVE('',#1773,#1836,#3032,.T.);
#3032 = CIRCLE('',#3033,0.210795812578);
#3033 = AXIS2_PLACEMENT_3D('',#3034,#3035,#3036);
#3034 = CARTESIAN_POINT('',(-4.296847877437,8.289204187422,-10.62));
#3035 = DIRECTION('',(0.,-0.,-1.));
#3036 = DIRECTION('',(1.,1.645880394645E-14,-0.));
#3037 = ORIENTED_EDGE('',*,*,#1835,.T.);
#3038 = ORIENTED_EDGE('',*,*,#3039,.T.);
#3039 = EDGE_CURVE('',#1838,#3040,#3042,.T.);
#3040 = VERTEX_POINT('',#3041);
#3041 = CARTESIAN_POINT('',(-1.608136196501,8.343762158345,-10.62));
#3042 = CIRCLE('',#3043,0.210795812578);
#3043 = AXIS2_PLACEMENT_3D('',#3044,#3045,#3046);
#3044 = CARTESIAN_POINT('',(-1.811749315944,8.289204187422,-10.62));
#3045 = DIRECTION('',(0.,0.,-1.));
#3046 = DIRECTION('',(1.,0.,0.));
#3047 = ORIENTED_EDGE('',*,*,#3048,.T.);
#3048 = EDGE_CURVE('',#3040,#3006,#3049,.T.);
#3049 = LINE('',#3050,#3051);
#3050 = CARTESIAN_POINT('',(-1.65,8.5,-10.62));
#3051 = VECTOR('',#3052,1.);
#3052 = DIRECTION('',(0.258819045103,-0.965925826289,0.));
#3053 = PLANE('',#3054);
#3054 = AXIS2_PLACEMENT_3D('',#3055,#3056,#3057);
#3055 = CARTESIAN_POINT('',(5.204577003745E-17,0.,-10.62));
#3056 = DIRECTION('',(0.,0.,1.));
#3057 = DIRECTION('',(1.,0.,-0.));
#3058 = ADVANCED_FACE('',(#3059),#3079,.T.);
#3059 = FACE_BOUND('',#3060,.T.);
#3060 = EDGE_LOOP('',(#3061,#3070,#3076,#3077,#3078));
#3061 = ORIENTED_EDGE('',*,*,#3062,.T.);
#3062 = EDGE_CURVE('',#2054,#3063,#3065,.T.);
#3063 = VERTEX_POINT('',#3064);
#3064 = CARTESIAN_POINT('',(-0.567893218813,4.556722766599,-10.195));
#3065 = CIRCLE('',#3066,0.5);
#3066 = AXIS2_PLACEMENT_3D('',#3067,#3068,#3069);
#3067 = CARTESIAN_POINT('',(-0.364412717364,4.1,-10.195));
#3068 = DIRECTION('',(0.,0.,1.));
#3069 = DIRECTION('',(1.,0.,-0.));
#3070 = ORIENTED_EDGE('',*,*,#3071,.T.);
#3071 = EDGE_CURVE('',#3063,#2492,#3072,.T.);
#3072 = LINE('',#3073,#3074);
#3073 = CARTESIAN_POINT('',(-0.567893218813,-0.,-10.195));
#3074 = VECTOR('',#3075,1.);
#3075 = DIRECTION('',(-0.,-1.,-0.));
#3076 = ORIENTED_EDGE('',*,*,#2491,.F.);
#3077 = ORIENTED_EDGE('',*,*,#1576,.F.);
#3078 = ORIENTED_EDGE('',*,*,#2061,.T.);
#3079 = PLANE('',#3080);
#3080 = AXIS2_PLACEMENT_3D('',#3081,#3082,#3083);
#3081 = CARTESIAN_POINT('',(0.,0.,-10.195));
#3082 = DIRECTION('',(0.,0.,1.));
#3083 = DIRECTION('',(1.,0.,-0.));
#3084 = ADVANCED_FACE('',(#3085,#3095,#3105,#3115,#3125),#3136,.F.);
#3085 = FACE_BOUND('',#3086,.T.);
#3086 = EDGE_LOOP('',(#3087,#3094));
#3087 = ORIENTED_EDGE('',*,*,#3088,.F.);
#3088 = EDGE_CURVE('',#694,#686,#3089,.T.);
#3089 = CIRCLE('',#3090,0.55);
#3090 = AXIS2_PLACEMENT_3D('',#3091,#3092,#3093);
#3091 = CARTESIAN_POINT('',(-3.1,0.,-4.04));
#3092 = DIRECTION('',(0.,-1.,0.));
#3093 = DIRECTION('',(0.,0.,1.));
#3094 = ORIENTED_EDGE('',*,*,#693,.F.);
#3095 = FACE_BOUND('',#3096,.T.);
#3096 = EDGE_LOOP('',(#3097,#3104));
#3097 = ORIENTED_EDGE('',*,*,#3098,.F.);
#3098 = EDGE_CURVE('',#736,#728,#3099,.T.);
#3099 = CIRCLE('',#3100,0.55);
#3100 = AXIS2_PLACEMENT_3D('',#3101,#3102,#3103);
#3101 = CARTESIAN_POINT('',(-3.1,0.,-1.5));
#3102 = DIRECTION('',(0.,-1.,0.));
#3103 = DIRECTION('',(0.,0.,1.));
#3104 = ORIENTED_EDGE('',*,*,#735,.F.);
#3105 = FACE_BOUND('',#3106,.T.);
#3106 = EDGE_LOOP('',(#3107,#3114));
#3107 = ORIENTED_EDGE('',*,*,#3108,.F.);
#3108 = EDGE_CURVE('',#778,#770,#3109,.T.);
#3109 = CIRCLE('',#3110,0.55);
#3110 = AXIS2_PLACEMENT_3D('',#3111,#3112,#3113);
#3111 = CARTESIAN_POINT('',(-3.1,0.,-6.58));
#3112 = DIRECTION('',(0.,-1.,0.));
#3113 = DIRECTION('',(0.,0.,1.));
#3114 = ORIENTED_EDGE('',*,*,#777,.F.);
#3115 = FACE_BOUND('',#3116,.T.);
#3116 = EDGE_LOOP('',(#3117,#3124));
#3117 = ORIENTED_EDGE('',*,*,#3118,.F.);
#3118 = EDGE_CURVE('',#820,#812,#3119,.T.);
#3119 = CIRCLE('',#3120,0.55);
#3120 = AXIS2_PLACEMENT_3D('',#3121,#3122,#3123);
#3121 = CARTESIAN_POINT('',(-3.1,0.,-9.12));
#3122 = DIRECTION('',(0.,-1.,0.));
#3123 = DIRECTION('',(0.,0.,1.));
#3124 = ORIENTED_EDGE('',*,*,#819,.F.);
#3125 = FACE_BOUND('',#3126,.T.);
#3126 = EDGE_LOOP('',(#3127,#3128,#3129,#3130));
#3127 = ORIENTED_EDGE('',*,*,#1486,.T.);
#3128 = ORIENTED_EDGE('',*,*,#3023,.T.);
#3129 = ORIENTED_EDGE('',*,*,#1534,.T.);
#3130 = ORIENTED_EDGE('',*,*,#3131,.F.);
#3131 = EDGE_CURVE('',#1487,#1527,#3132,.T.);
#3132 = LINE('',#3133,#3134);
#3133 = CARTESIAN_POINT('',(5.204577003745E-17,0.,1.626303258728E-16));
#3134 = VECTOR('',#3135,1.);
#3135 = DIRECTION('',(1.,-0.,-0.));
#3136 = PLANE('',#3137);
#3137 = AXIS2_PLACEMENT_3D('',#3138,#3139,#3140);
#3138 = CARTESIAN_POINT('',(0.,0.,0.));
#3139 = DIRECTION('',(0.,1.,0.));
#3140 = DIRECTION('',(0.,-0.,1.));
#3141 = ADVANCED_FACE('',(#3142),#3167,.F.);
#3142 = FACE_BOUND('',#3143,.T.);
#3143 = EDGE_LOOP('',(#3144,#3145,#3153,#3161));
#3144 = ORIENTED_EDGE('',*,*,#2477,.F.);
#3145 = ORIENTED_EDGE('',*,*,#3146,.F.);
#3146 = EDGE_CURVE('',#3147,#2470,#3149,.T.);
#3147 = VERTEX_POINT('',#3148);
#3148 = CARTESIAN_POINT('',(-1.435,1.3,-3.34));
#3149 = LINE('',#3150,#3151);
#3150 = CARTESIAN_POINT('',(-1.435,1.3,-3.34));
#3151 = VECTOR('',#3152,1.);
#3152 = DIRECTION('',(1.,-0.,1.224606353822E-16));
#3153 = ORIENTED_EDGE('',*,*,#3154,.F.);
#3154 = EDGE_CURVE('',#3155,#3147,#3157,.T.);
#3155 = VERTEX_POINT('',#3156);
#3156 = CARTESIAN_POINT('',(-1.435,3.1,-3.34));
#3157 = LINE('',#3158,#3159);
#3158 = CARTESIAN_POINT('',(-1.435,3.1,-3.34));
#3159 = VECTOR('',#3160,1.);
#3160 = DIRECTION('',(0.,-1.,0.));
#3161 = ORIENTED_EDGE('',*,*,#3162,.T.);
#3162 = EDGE_CURVE('',#3155,#2439,#3163,.T.);
#3163 = LINE('',#3164,#3165);
#3164 = CARTESIAN_POINT('',(-1.435,3.1,-3.34));
#3165 = VECTOR('',#3166,1.);
#3166 = DIRECTION('',(1.,-0.,1.224606353822E-16));
#3167 = PLANE('',#3168);
#3168 = AXIS2_PLACEMENT_3D('',#3169,#3170,#3171);
#3169 = CARTESIAN_POINT('',(-1.435,3.1,-3.34));
#3170 = DIRECTION('',(-1.224606353822E-16,0.,1.));
#3171 = DIRECTION('',(1.,0.,1.224606353822E-16));
#3172 = ADVANCED_FACE('',(#3173),#3191,.F.);
#3173 = FACE_BOUND('',#3174,.T.);
#3174 = EDGE_LOOP('',(#3175,#3176,#3177,#3185));
#3175 = ORIENTED_EDGE('',*,*,#2446,.T.);
#3176 = ORIENTED_EDGE('',*,*,#3162,.F.);
#3177 = ORIENTED_EDGE('',*,*,#3178,.F.);
#3178 = EDGE_CURVE('',#3179,#3155,#3181,.T.);
#3179 = VERTEX_POINT('',#3180);
#3180 = CARTESIAN_POINT('',(-1.435,3.1,-4.74));
#3181 = LINE('',#3182,#3183);
#3182 = CARTESIAN_POINT('',(-1.435,3.1,-4.74));
#3183 = VECTOR('',#3184,1.);
#3184 = DIRECTION('',(-1.548860246408E-16,0.,1.));
#3185 = ORIENTED_EDGE('',*,*,#3186,.T.);
#3186 = EDGE_CURVE('',#3179,#2390,#3187,.T.);
#3187 = LINE('',#3188,#3189);
#3188 = CARTESIAN_POINT('',(-1.435,3.1,-4.74));
#3189 = VECTOR('',#3190,1.);
#3190 = DIRECTION('',(1.,-0.,1.224606353822E-16));
#3191 = PLANE('',#3192);
#3192 = AXIS2_PLACEMENT_3D('',#3193,#3194,#3195);
#3193 = CARTESIAN_POINT('',(-1.435,3.1,-4.74));
#3194 = DIRECTION('',(0.,1.,0.));
#3195 = DIRECTION('',(0.,-0.,1.));
#3196 = ADVANCED_FACE('',(#3197),#3215,.F.);
#3197 = FACE_BOUND('',#3198,.T.);
#3198 = EDGE_LOOP('',(#3199,#3200,#3201,#3209));
#3199 = ORIENTED_EDGE('',*,*,#2397,.T.);
#3200 = ORIENTED_EDGE('',*,*,#3186,.F.);
#3201 = ORIENTED_EDGE('',*,*,#3202,.F.);
#3202 = EDGE_CURVE('',#3203,#3179,#3205,.T.);
#3203 = VERTEX_POINT('',#3204);
#3204 = CARTESIAN_POINT('',(-1.435,1.3,-4.74));
#3205 = LINE('',#3206,#3207);
#3206 = CARTESIAN_POINT('',(-1.435,1.3,-4.74));
#3207 = VECTOR('',#3208,1.);
#3208 = DIRECTION('',(0.,1.,0.));
#3209 = ORIENTED_EDGE('',*,*,#3210,.T.);
#3210 = EDGE_CURVE('',#3203,#2374,#3211,.T.);
#3211 = LINE('',#3212,#3213);
#3212 = CARTESIAN_POINT('',(-1.435,1.3,-4.74));
#3213 = VECTOR('',#3214,1.);
#3214 = DIRECTION('',(1.,-0.,1.224606353822E-16));
#3215 = PLANE('',#3216);
#3216 = AXIS2_PLACEMENT_3D('',#3217,#3218,#3219);
#3217 = CARTESIAN_POINT('',(-1.435,1.3,-4.74));
#3218 = DIRECTION('',(1.224606353822E-16,0.,-1.));
#3219 = DIRECTION('',(-1.,0.,-1.224606353822E-16));
#3220 = ADVANCED_FACE('',(#3221),#3232,.F.);
#3221 = FACE_BOUND('',#3222,.T.);
#3222 = EDGE_LOOP('',(#3223,#3224,#3225,#3231));
#3223 = ORIENTED_EDGE('',*,*,#2558,.T.);
#3224 = ORIENTED_EDGE('',*,*,#3210,.F.);
#3225 = ORIENTED_EDGE('',*,*,#3226,.F.);
#3226 = EDGE_CURVE('',#3147,#3203,#3227,.T.);
#3227 = LINE('',#3228,#3229);
#3228 = CARTESIAN_POINT('',(-1.435,1.3,-3.34));
#3229 = VECTOR('',#3230,1.);
#3230 = DIRECTION('',(1.548860246408E-16,0.,-1.));
#3231 = ORIENTED_EDGE('',*,*,#3146,.T.);
#3232 = PLANE('',#3233);
#3233 = AXIS2_PLACEMENT_3D('',#3234,#3235,#3236);
#3234 = CARTESIAN_POINT('',(-1.435,1.3,-3.34));
#3235 = DIRECTION('',(0.,-1.,0.));
#3236 = DIRECTION('',(0.,0.,-1.));
#3237 = ADVANCED_FACE('',(#3238),#3244,.T.);
#3238 = FACE_BOUND('',#3239,.T.);
#3239 = EDGE_LOOP('',(#3240,#3241,#3242,#3243));
#3240 = ORIENTED_EDGE('',*,*,#3154,.T.);
#3241 = ORIENTED_EDGE('',*,*,#3226,.T.);
#3242 = ORIENTED_EDGE('',*,*,#3202,.T.);
#3243 = ORIENTED_EDGE('',*,*,#3178,.T.);
#3244 = PLANE('',#3245);
#3245 = AXIS2_PLACEMENT_3D('',#3246,#3247,#3248);
#3246 = CARTESIAN_POINT('',(-1.435,0.,-2.130202094208E-16));
#3247 = DIRECTION('',(1.,0.,1.548860246408E-16));
#3248 = DIRECTION('',(1.548860246408E-16,0.,-1.));
#3249 = ADVANCED_FACE('',(#3250),#3275,.F.);
#3250 = FACE_BOUND('',#3251,.T.);
#3251 = EDGE_LOOP('',(#3252,#3253,#3261,#3269));
#3252 = ORIENTED_EDGE('',*,*,#1918,.T.);
#3253 = ORIENTED_EDGE('',*,*,#3254,.F.);
#3254 = EDGE_CURVE('',#3255,#1911,#3257,.T.);
#3255 = VERTEX_POINT('',#3256);
#3256 = CARTESIAN_POINT('',(-1.435,3.1,-7.28));
#3257 = LINE('',#3258,#3259);
#3258 = CARTESIAN_POINT('',(-1.435,3.1,-7.28));
#3259 = VECTOR('',#3260,1.);
#3260 = DIRECTION('',(1.,-0.,1.224606353822E-16));
#3261 = ORIENTED_EDGE('',*,*,#3262,.F.);
#3262 = EDGE_CURVE('',#3263,#3255,#3265,.T.);
#3263 = VERTEX_POINT('',#3264);
#3264 = CARTESIAN_POINT('',(-1.435,1.3,-7.28));
#3265 = LINE('',#3266,#3267);
#3266 = CARTESIAN_POINT('',(-1.435,1.3,-7.28));
#3267 = VECTOR('',#3268,1.);
#3268 = DIRECTION('',(0.,1.,0.));
#3269 = ORIENTED_EDGE('',*,*,#3270,.T.);
#3270 = EDGE_CURVE('',#3263,#1895,#3271,.T.);
#3271 = LINE('',#3272,#3273);
#3272 = CARTESIAN_POINT('',(-1.435,1.3,-7.28));
#3273 = VECTOR('',#3274,1.);
#3274 = DIRECTION('',(1.,-0.,1.224606353822E-16));
#3275 = PLANE('',#3276);
#3276 = AXIS2_PLACEMENT_3D('',#3277,#3278,#3279);
#3277 = CARTESIAN_POINT('',(-1.435,1.3,-7.28));
#3278 = DIRECTION('',(1.224606353822E-16,0.,-1.));
#3279 = DIRECTION('',(-1.,0.,-1.224606353822E-16));
#3280 = ADVANCED_FACE('',(#3281),#3299,.F.);
#3281 = FACE_BOUND('',#3282,.T.);
#3282 = EDGE_LOOP('',(#3283,#3284,#3285,#3293));
#3283 = ORIENTED_EDGE('',*,*,#2340,.T.);
#3284 = ORIENTED_EDGE('',*,*,#3270,.F.);
#3285 = ORIENTED_EDGE('',*,*,#3286,.F.);
#3286 = EDGE_CURVE('',#3287,#3263,#3289,.T.);
#3287 = VERTEX_POINT('',#3288);
#3288 = CARTESIAN_POINT('',(-1.435,1.3,-5.88));
#3289 = LINE('',#3290,#3291);
#3290 = CARTESIAN_POINT('',(-1.435,1.3,-5.88));
#3291 = VECTOR('',#3292,1.);
#3292 = DIRECTION('',(1.548860246408E-16,0.,-1.));
#3293 = ORIENTED_EDGE('',*,*,#3294,.T.);
#3294 = EDGE_CURVE('',#3287,#2300,#3295,.T.);
#3295 = LINE('',#3296,#3297);
#3296 = CARTESIAN_POINT('',(-1.435,1.3,-5.88));
#3297 = VECTOR('',#3298,1.);
#3298 = DIRECTION('',(1.,-0.,1.224606353822E-16));
#3299 = PLANE('',#3300);
#3300 = AXIS2_PLACEMENT_3D('',#3301,#3302,#3303);
#3301 = CARTESIAN_POINT('',(-1.435,1.3,-5.88));
#3302 = DIRECTION('',(0.,-1.,0.));
#3303 = DIRECTION('',(0.,0.,-1.));
#3304 = ADVANCED_FACE('',(#3305),#3323,.F.);
#3305 = FACE_BOUND('',#3306,.T.);
#3306 = EDGE_LOOP('',(#3307,#3308,#3309,#3317));
#3307 = ORIENTED_EDGE('',*,*,#2307,.F.);
#3308 = ORIENTED_EDGE('',*,*,#3294,.F.);
#3309 = ORIENTED_EDGE('',*,*,#3310,.F.);
#3310 = EDGE_CURVE('',#3311,#3287,#3313,.T.);
#3311 = VERTEX_POINT('',#3312);
#3312 = CARTESIAN_POINT('',(-1.435,3.1,-5.88));
#3313 = LINE('',#3314,#3315);
#3314 = CARTESIAN_POINT('',(-1.435,3.1,-5.88));
#3315 = VECTOR('',#3316,1.);
#3316 = DIRECTION('',(0.,-1.,0.));
#3317 = ORIENTED_EDGE('',*,*,#3318,.T.);
#3318 = EDGE_CURVE('',#3311,#1952,#3319,.T.);
#3319 = LINE('',#3320,#3321);
#3320 = CARTESIAN_POINT('',(-1.435,3.1,-5.88));
#3321 = VECTOR('',#3322,1.);
#3322 = DIRECTION('',(1.,-0.,1.224606353822E-16));
#3323 = PLANE('',#3324);
#3324 = AXIS2_PLACEMENT_3D('',#3325,#3326,#3327);
#3325 = CARTESIAN_POINT('',(-1.435,3.1,-5.88));
#3326 = DIRECTION('',(-1.224606353822E-16,0.,1.));
#3327 = DIRECTION('',(1.,0.,1.224606353822E-16));
#3328 = ADVANCED_FACE('',(#3329),#3340,.F.);
#3329 = FACE_BOUND('',#3330,.T.);
#3330 = EDGE_LOOP('',(#3331,#3332,#3333,#3339));
#3331 = ORIENTED_EDGE('',*,*,#1959,.T.);
#3332 = ORIENTED_EDGE('',*,*,#3318,.F.);
#3333 = ORIENTED_EDGE('',*,*,#3334,.F.);
#3334 = EDGE_CURVE('',#3255,#3311,#3335,.T.);
#3335 = LINE('',#3336,#3337);
#3336 = CARTESIAN_POINT('',(-1.435,3.1,-7.28));
#3337 = VECTOR('',#3338,1.);
#3338 = DIRECTION('',(-1.548860246408E-16,0.,1.));
#3339 = ORIENTED_EDGE('',*,*,#3254,.T.);
#3340 = PLANE('',#3341);
#3341 = AXIS2_PLACEMENT_3D('',#3342,#3343,#3344);
#3342 = CARTESIAN_POINT('',(-1.435,3.1,-7.28));
#3343 = DIRECTION('',(0.,1.,0.));
#3344 = DIRECTION('',(0.,-0.,1.));
#3345 = ADVANCED_FACE('',(#3346),#3352,.T.);
#3346 = FACE_BOUND('',#3347,.T.);
#3347 = EDGE_LOOP('',(#3348,#3349,#3350,#3351));
#3348 = ORIENTED_EDGE('',*,*,#3262,.T.);
#3349 = ORIENTED_EDGE('',*,*,#3334,.T.);
#3350 = ORIENTED_EDGE('',*,*,#3310,.T.);
#3351 = ORIENTED_EDGE('',*,*,#3286,.T.);
#3352 = PLANE('',#3353);
#3353 = AXIS2_PLACEMENT_3D('',#3354,#3355,#3356);
#3354 = CARTESIAN_POINT('',(-1.435,0.,-2.130202094208E-16));
#3355 = DIRECTION('',(1.,-0.,1.548860246408E-16));
#3356 = DIRECTION('',(1.548860246408E-16,0.,-1.));
#3357 = ADVANCED_FACE('',(#3358),#3383,.F.);
#3358 = FACE_BOUND('',#3359,.T.);
#3359 = EDGE_LOOP('',(#3360,#3361,#3369,#3377));
#3360 = ORIENTED_EDGE('',*,*,#2175,.T.);
#3361 = ORIENTED_EDGE('',*,*,#3362,.F.);
#3362 = EDGE_CURVE('',#3363,#2168,#3365,.T.);
#3363 = VERTEX_POINT('',#3364);
#3364 = CARTESIAN_POINT('',(-1.435,3.1,-9.82));
#3365 = LINE('',#3366,#3367);
#3366 = CARTESIAN_POINT('',(-1.435,3.1,-9.82));
#3367 = VECTOR('',#3368,1.);
#3368 = DIRECTION('',(1.,-0.,1.224606353822E-16));
#3369 = ORIENTED_EDGE('',*,*,#3370,.F.);
#3370 = EDGE_CURVE('',#3371,#3363,#3373,.T.);
#3371 = VERTEX_POINT('',#3372);
#3372 = CARTESIAN_POINT('',(-1.435,1.3,-9.82));
#3373 = LINE('',#3374,#3375);
#3374 = CARTESIAN_POINT('',(-1.435,1.3,-9.82));
#3375 = VECTOR('',#3376,1.);
#3376 = DIRECTION('',(0.,1.,0.));
#3377 = ORIENTED_EDGE('',*,*,#3378,.T.);
#3378 = EDGE_CURVE('',#3371,#2152,#3379,.T.);
#3379 = LINE('',#3380,#3381);
#3380 = CARTESIAN_POINT('',(-1.435,1.3,-9.82));
#3381 = VECTOR('',#3382,1.);
#3382 = DIRECTION('',(1.,-0.,1.224606353822E-16));
#3383 = PLANE('',#3384);
#3384 = AXIS2_PLACEMENT_3D('',#3385,#3386,#3387);
#3385 = CARTESIAN_POINT('',(-1.435,1.3,-9.82));
#3386 = DIRECTION('',(1.224606353822E-16,0.,-1.));
#3387 = DIRECTION('',(-1.,0.,-1.224606353822E-16));
#3388 = ADVANCED_FACE('',(#3389),#3407,.F.);
#3389 = FACE_BOUND('',#3390,.T.);
#3390 = EDGE_LOOP('',(#3391,#3392,#3393,#3401));
#3391 = ORIENTED_EDGE('',*,*,#2507,.T.);
#3392 = ORIENTED_EDGE('',*,*,#3378,.F.);
#3393 = ORIENTED_EDGE('',*,*,#3394,.F.);
#3394 = EDGE_CURVE('',#3395,#3371,#3397,.T.);
#3395 = VERTEX_POINT('',#3396);
#3396 = CARTESIAN_POINT('',(-1.435,1.3,-8.42));
#3397 = LINE('',#3398,#3399);
#3398 = CARTESIAN_POINT('',(-1.435,1.3,-8.42));
#3399 = VECTOR('',#3400,1.);
#3400 = DIRECTION('',(1.548860246408E-16,0.,-1.));
#3401 = ORIENTED_EDGE('',*,*,#3402,.T.);
#3402 = EDGE_CURVE('',#3395,#2128,#3403,.T.);
#3403 = LINE('',#3404,#3405);
#3404 = CARTESIAN_POINT('',(-1.435,1.3,-8.42));
#3405 = VECTOR('',#3406,1.);
#3406 = DIRECTION('',(1.,-0.,1.224606353822E-16));
#3407 = PLANE('',#3408);
#3408 = AXIS2_PLACEMENT_3D('',#3409,#3410,#3411);
#3409 = CARTESIAN_POINT('',(-1.435,1.3,-8.42));
#3410 = DIRECTION('',(0.,-1.,0.));
#3411 = DIRECTION('',(0.,0.,-1.));
#3412 = ADVANCED_FACE('',(#3413),#3431,.F.);
#3413 = FACE_BOUND('',#3414,.T.);
#3414 = EDGE_LOOP('',(#3415,#3416,#3417,#3425));
#3415 = ORIENTED_EDGE('',*,*,#2135,.F.);
#3416 = ORIENTED_EDGE('',*,*,#3402,.F.);
#3417 = ORIENTED_EDGE('',*,*,#3418,.F.);
#3418 = EDGE_CURVE('',#3419,#3395,#3421,.T.);
#3419 = VERTEX_POINT('',#3420);
#3420 = CARTESIAN_POINT('',(-1.435,3.1,-8.42));
#3421 = LINE('',#3422,#3423);
#3422 = CARTESIAN_POINT('',(-1.435,3.1,-8.42));
#3423 = VECTOR('',#3424,1.);
#3424 = DIRECTION('',(0.,-1.,0.));
#3425 = ORIENTED_EDGE('',*,*,#3426,.T.);
#3426 = EDGE_CURVE('',#3419,#2112,#3427,.T.);
#3427 = LINE('',#3428,#3429);
#3428 = CARTESIAN_POINT('',(-1.435,3.1,-8.42));
#3429 = VECTOR('',#3430,1.);
#3430 = DIRECTION('',(1.,-0.,1.224606353822E-16));
#3431 = PLANE('',#3432);
#3432 = AXIS2_PLACEMENT_3D('',#3433,#3434,#3435);
#3433 = CARTESIAN_POINT('',(-1.435,3.1,-8.42));
#3434 = DIRECTION('',(-1.224606353822E-16,0.,1.));
#3435 = DIRECTION('',(1.,0.,1.224606353822E-16));
#3436 = ADVANCED_FACE('',(#3437),#3448,.F.);
#3437 = FACE_BOUND('',#3438,.T.);
#3438 = EDGE_LOOP('',(#3439,#3440,#3441,#3447));
#3439 = ORIENTED_EDGE('',*,*,#2215,.T.);
#3440 = ORIENTED_EDGE('',*,*,#3426,.F.);
#3441 = ORIENTED_EDGE('',*,*,#3442,.F.);
#3442 = EDGE_CURVE('',#3363,#3419,#3443,.T.);
#3443 = LINE('',#3444,#3445);
#3444 = CARTESIAN_POINT('',(-1.435,3.1,-9.82));
#3445 = VECTOR('',#3446,1.);
#3446 = DIRECTION('',(-1.548860246408E-16,0.,1.));
#3447 = ORIENTED_EDGE('',*,*,#3362,.T.);
#3448 = PLANE('',#3449);
#3449 = AXIS2_PLACEMENT_3D('',#3450,#3451,#3452);
#3450 = CARTESIAN_POINT('',(-1.435,3.1,-9.82));
#3451 = DIRECTION('',(0.,1.,0.));
#3452 = DIRECTION('',(0.,-0.,1.));
#3453 = ADVANCED_FACE('',(#3454),#3460,.T.);
#3454 = FACE_BOUND('',#3455,.T.);
#3455 = EDGE_LOOP('',(#3456,#3457,#3458,#3459));
#3456 = ORIENTED_EDGE('',*,*,#3370,.T.);
#3457 = ORIENTED_EDGE('',*,*,#3442,.T.);
#3458 = ORIENTED_EDGE('',*,*,#3418,.T.);
#3459 = ORIENTED_EDGE('',*,*,#3394,.T.);
#3460 = PLANE('',#3461);
#3461 = AXIS2_PLACEMENT_3D('',#3462,#3463,#3464);
#3462 = CARTESIAN_POINT('',(-1.435,0.,-2.130202094208E-16));
#3463 = DIRECTION('',(1.,-0.,1.548860246408E-16));
#3464 = DIRECTION('',(1.548860246408E-16,0.,-1.));
#3465 = ADVANCED_FACE('',(#3466),#3491,.F.);
#3466 = FACE_BOUND('',#3467,.T.);
#3467 = EDGE_LOOP('',(#3468,#3469,#3477,#3485));
#3468 = ORIENTED_EDGE('',*,*,#2711,.F.);
#3469 = ORIENTED_EDGE('',*,*,#3470,.F.);
#3470 = EDGE_CURVE('',#3471,#2704,#3473,.T.);
#3471 = VERTEX_POINT('',#3472);
#3472 = CARTESIAN_POINT('',(-1.435,1.3,-0.8));
#3473 = LINE('',#3474,#3475);
#3474 = CARTESIAN_POINT('',(-1.435,1.3,-0.8));
#3475 = VECTOR('',#3476,1.);
#3476 = DIRECTION('',(1.,-0.,1.224606353822E-16));
#3477 = ORIENTED_EDGE('',*,*,#3478,.F.);
#3478 = EDGE_CURVE('',#3479,#3471,#3481,.T.);
#3479 = VERTEX_POINT('',#3480);
#3480 = CARTESIAN_POINT('',(-1.435,3.1,-0.8));
#3481 = LINE('',#3482,#3483);
#3482 = CARTESIAN_POINT('',(-1.435,3.1,-0.8));
#3483 = VECTOR('',#3484,1.);
#3484 = DIRECTION('',(0.,-1.,0.));
#3485 = ORIENTED_EDGE('',*,*,#3486,.T.);
#3486 = EDGE_CURVE('',#3479,#2688,#3487,.T.);
#3487 = LINE('',#3488,#3489);
#3488 = CARTESIAN_POINT('',(-1.435,3.1,-0.8));
#3489 = VECTOR('',#3490,1.);
#3490 = DIRECTION('',(1.,-0.,1.224606353822E-16));
#3491 = PLANE('',#3492);
#3492 = AXIS2_PLACEMENT_3D('',#3493,#3494,#3495);
#3493 = CARTESIAN_POINT('',(-1.435,3.1,-0.8));
#3494 = DIRECTION('',(-1.224606353822E-16,0.,1.));
#3495 = DIRECTION('',(1.,0.,1.224606353822E-16));
#3496 = ADVANCED_FACE('',(#3497),#3515,.F.);
#3497 = FACE_BOUND('',#3498,.T.);
#3498 = EDGE_LOOP('',(#3499,#3500,#3501,#3509));
#3499 = ORIENTED_EDGE('',*,*,#2774,.T.);
#3500 = ORIENTED_EDGE('',*,*,#3486,.F.);
#3501 = ORIENTED_EDGE('',*,*,#3502,.F.);
#3502 = EDGE_CURVE('',#3503,#3479,#3505,.T.);
#3503 = VERTEX_POINT('',#3504);
#3504 = CARTESIAN_POINT('',(-1.435,3.1,-2.2));
#3505 = LINE('',#3506,#3507);
#3506 = CARTESIAN_POINT('',(-1.435,3.1,-2.2));
#3507 = VECTOR('',#3508,1.);
#3508 = DIRECTION('',(-1.548860246408E-16,0.,1.));
#3509 = ORIENTED_EDGE('',*,*,#3510,.T.);
#3510 = EDGE_CURVE('',#3503,#2775,#3511,.T.);
#3511 = LINE('',#3512,#3513);
#3512 = CARTESIAN_POINT('',(-1.435,3.1,-2.2));
#3513 = VECTOR('',#3514,1.);
#3514 = DIRECTION('',(1.,-0.,1.224606353822E-16));
#3515 = PLANE('',#3516);
#3516 = AXIS2_PLACEMENT_3D('',#3517,#3518,#3519);
#3517 = CARTESIAN_POINT('',(-1.435,3.1,-2.2));
#3518 = DIRECTION('',(0.,1.,0.));
#3519 = DIRECTION('',(0.,-0.,1.));
#3520 = ADVANCED_FACE('',(#3521),#3539,.F.);
#3521 = FACE_BOUND('',#3522,.T.);
#3522 = EDGE_LOOP('',(#3523,#3524,#3525,#3533));
#3523 = ORIENTED_EDGE('',*,*,#2881,.T.);
#3524 = ORIENTED_EDGE('',*,*,#3510,.F.);
#3525 = ORIENTED_EDGE('',*,*,#3526,.F.);
#3526 = EDGE_CURVE('',#3527,#3503,#3529,.T.);
#3527 = VERTEX_POINT('',#3528);
#3528 = CARTESIAN_POINT('',(-1.435,1.3,-2.2));
#3529 = LINE('',#3530,#3531);
#3530 = CARTESIAN_POINT('',(-1.435,1.3,-2.2));
#3531 = VECTOR('',#3532,1.);
#3532 = DIRECTION('',(0.,1.,0.));
#3533 = ORIENTED_EDGE('',*,*,#3534,.T.);
#3534 = EDGE_CURVE('',#3527,#2867,#3535,.T.);
#3535 = LINE('',#3536,#3537);
#3536 = CARTESIAN_POINT('',(-1.435,1.3,-2.2));
#3537 = VECTOR('',#3538,1.);
#3538 = DIRECTION('',(1.,-0.,1.224606353822E-16));
#3539 = PLANE('',#3540);
#3540 = AXIS2_PLACEMENT_3D('',#3541,#3542,#3543);
#3541 = CARTESIAN_POINT('',(-1.435,1.3,-2.2));
#3542 = DIRECTION('',(1.224606353822E-16,0.,-1.));
#3543 = DIRECTION('',(-1.,0.,-1.224606353822E-16));
#3544 = ADVANCED_FACE('',(#3545),#3556,.F.);
#3545 = FACE_BOUND('',#3546,.T.);
#3546 = EDGE_LOOP('',(#3547,#3548,#3549,#3555));
#3547 = ORIENTED_EDGE('',*,*,#2921,.T.);
#3548 = ORIENTED_EDGE('',*,*,#3534,.F.);
#3549 = ORIENTED_EDGE('',*,*,#3550,.F.);
#3550 = EDGE_CURVE('',#3471,#3527,#3551,.T.);
#3551 = LINE('',#3552,#3553);
#3552 = CARTESIAN_POINT('',(-1.435,1.3,-0.8));
#3553 = VECTOR('',#3554,1.);
#3554 = DIRECTION('',(1.548860246408E-16,0.,-1.));
#3555 = ORIENTED_EDGE('',*,*,#3470,.T.);
#3556 = PLANE('',#3557);
#3557 = AXIS2_PLACEMENT_3D('',#3558,#3559,#3560);
#3558 = CARTESIAN_POINT('',(-1.435,1.3,-0.8));
#3559 = DIRECTION('',(0.,-1.,0.));
#3560 = DIRECTION('',(0.,0.,-1.));
#3561 = ADVANCED_FACE('',(#3562),#3568,.T.);
#3562 = FACE_BOUND('',#3563,.T.);
#3563 = EDGE_LOOP('',(#3564,#3565,#3566,#3567));
#3564 = ORIENTED_EDGE('',*,*,#3478,.T.);
#3565 = ORIENTED_EDGE('',*,*,#3550,.T.);
#3566 = ORIENTED_EDGE('',*,*,#3526,.T.);
#3567 = ORIENTED_EDGE('',*,*,#3502,.T.);
#3568 = PLANE('',#3569);
#3569 = AXIS2_PLACEMENT_3D('',#3570,#3571,#3572);
#3570 = CARTESIAN_POINT('',(-1.435,0.,-2.130202094208E-16));
#3571 = DIRECTION('',(1.,0.,1.548860246408E-16));
#3572 = DIRECTION('',(1.548860246408E-16,0.,-1.));
#3573 = ADVANCED_FACE('',(#3574),#3594,.T.);
#3574 = FACE_BOUND('',#3575,.T.);
#3575 = EDGE_LOOP('',(#3576,#3577,#3585,#3592,#3593));
#3576 = ORIENTED_EDGE('',*,*,#2905,.F.);
#3577 = ORIENTED_EDGE('',*,*,#3578,.T.);
#3578 = EDGE_CURVE('',#2897,#3579,#3581,.T.);
#3579 = VERTEX_POINT('',#3580);
#3580 = CARTESIAN_POINT('',(-0.567893218813,4.556722766599,-0.425));
#3581 = LINE('',#3582,#3583);
#3582 = CARTESIAN_POINT('',(-0.567893218813,0.,-0.425));
#3583 = VECTOR('',#3584,1.);
#3584 = DIRECTION('',(0.,1.,0.));
#3585 = ORIENTED_EDGE('',*,*,#3586,.T.);
#3586 = EDGE_CURVE('',#3579,#2726,#3587,.T.);
#3587 = CIRCLE('',#3588,0.5);
#3588 = AXIS2_PLACEMENT_3D('',#3589,#3590,#3591);
#3589 = CARTESIAN_POINT('',(-0.364412717364,4.1,-0.425));
#3590 = DIRECTION('',(0.,0.,-1.));
#3591 = DIRECTION('',(-1.,0.,0.));
#3592 = ORIENTED_EDGE('',*,*,#2725,.T.);
#3593 = ORIENTED_EDGE('',*,*,#1552,.F.);
#3594 = PLANE('',#3595);
#3595 = AXIS2_PLACEMENT_3D('',#3596,#3597,#3598);
#3596 = CARTESIAN_POINT('',(0.,0.,-0.425));
#3597 = DIRECTION('',(0.,0.,-1.));
#3598 = DIRECTION('',(-1.,0.,-0.));
#3599 = ADVANCED_FACE('',(#3600),#3646,.F.);
#3600 = FACE_BOUND('',#3601,.T.);
#3601 = EDGE_LOOP('',(#3602,#3603,#3612,#3620,#3628,#3635,#3636,#3643,
    #3644,#3645));
#3602 = ORIENTED_EDGE('',*,*,#1526,.T.);
#3603 = ORIENTED_EDGE('',*,*,#3604,.T.);
#3604 = EDGE_CURVE('',#1519,#3605,#3607,.T.);
#3605 = VERTEX_POINT('',#3606);
#3606 = CARTESIAN_POINT('',(-0.210795812578,5.1,0.));
#3607 = CIRCLE('',#3608,0.210795812578);
#3608 = AXIS2_PLACEMENT_3D('',#3609,#3610,#3611);
#3609 = CARTESIAN_POINT('',(-0.210795812578,4.889204187422,0.));
#3610 = DIRECTION('',(0.,-0.,1.));
#3611 = DIRECTION('',(-1.,0.,0.));
#3612 = ORIENTED_EDGE('',*,*,#3613,.F.);
#3613 = EDGE_CURVE('',#3614,#3605,#3616,.T.);
#3614 = VERTEX_POINT('',#3615);
#3615 = CARTESIAN_POINT('',(-0.738972745734,5.1,0.));
#3616 = LINE('',#3617,#3618);
#3617 = CARTESIAN_POINT('',(-0.738972745734,5.1,0.));
#3618 = VECTOR('',#3619,1.);
#3619 = DIRECTION('',(1.,-1.173739820576E-15,0.));
#3620 = ORIENTED_EDGE('',*,*,#3621,.F.);
#3621 = EDGE_CURVE('',#3622,#3614,#3624,.T.);
#3622 = VERTEX_POINT('',#3623);
#3623 = CARTESIAN_POINT('',(-1.608136196501,8.343762158345,0.));
#3624 = LINE('',#3625,#3626);
#3625 = CARTESIAN_POINT('',(-1.65,8.5,0.));
#3626 = VECTOR('',#3627,1.);
#3627 = DIRECTION('',(0.258819045103,-0.965925826289,0.));
#3628 = ORIENTED_EDGE('',*,*,#3629,.T.);
#3629 = EDGE_CURVE('',#3622,#1854,#3630,.T.);
#3630 = CIRCLE('',#3631,0.210795812578);
#3631 = AXIS2_PLACEMENT_3D('',#3632,#3633,#3634);
#3632 = CARTESIAN_POINT('',(-1.811749315944,8.289204187422,0.));
#3633 = DIRECTION('',(0.,-0.,1.));
#3634 = DIRECTION('',(-1.,0.,0.));
#3635 = ORIENTED_EDGE('',*,*,#1853,.T.);
#3636 = ORIENTED_EDGE('',*,*,#3637,.T.);
#3637 = EDGE_CURVE('',#1846,#1765,#3638,.T.);
#3638 = CIRCLE('',#3639,0.210795812578);
#3639 = AXIS2_PLACEMENT_3D('',#3640,#3641,#3642);
#3640 = CARTESIAN_POINT('',(-4.296847877437,8.289204187422,0.));
#3641 = DIRECTION('',(-0.,0.,1.));
#3642 = DIRECTION('',(-1.,-8.229401973227E-15,-0.));
#3643 = ORIENTED_EDGE('',*,*,#1764,.T.);
#3644 = ORIENTED_EDGE('',*,*,#1494,.T.);
#3645 = ORIENTED_EDGE('',*,*,#3131,.T.);
#3646 = PLANE('',#3647);
#3647 = AXIS2_PLACEMENT_3D('',#3648,#3649,#3650);
#3648 = CARTESIAN_POINT('',(0.,0.,1.626303258728E-16));
#3649 = DIRECTION('',(0.,0.,-1.));
#3650 = DIRECTION('',(-1.,0.,-0.));
#3651 = ADVANCED_FACE('',(#3652),#3668,.F.);
#3652 = FACE_BOUND('',#3653,.T.);
#3653 = EDGE_LOOP('',(#3654,#3655,#3661,#3662));
#3654 = ORIENTED_EDGE('',*,*,#3613,.T.);
#3655 = ORIENTED_EDGE('',*,*,#3656,.T.);
#3656 = EDGE_CURVE('',#3605,#3008,#3657,.T.);
#3657 = LINE('',#3658,#3659);
#3658 = CARTESIAN_POINT('',(-0.210795812578,5.1,-10.62));
#3659 = VECTOR('',#3660,1.);
#3660 = DIRECTION('',(1.224606353822E-16,-1.437369242011E-31,-1.));
#3661 = ORIENTED_EDGE('',*,*,#3005,.F.);
#3662 = ORIENTED_EDGE('',*,*,#3663,.T.);
#3663 = EDGE_CURVE('',#3006,#3614,#3664,.T.);
#3664 = LINE('',#3665,#3666);
#3665 = CARTESIAN_POINT('',(-0.738972745734,5.1,-10.62));
#3666 = VECTOR('',#3667,1.);
#3667 = DIRECTION('',(-0.,-0.,1.));
#3668 = PLANE('',#3669);
#3669 = AXIS2_PLACEMENT_3D('',#3670,#3671,#3672);
#3670 = CARTESIAN_POINT('',(-0.738972745734,5.1,-10.62));
#3671 = DIRECTION('',(-1.173739820576E-15,-1.,0.));
#3672 = DIRECTION('',(1.,-1.173739820576E-15,0.));
#3673 = ADVANCED_FACE('',(#3674),#3685,.F.);
#3674 = FACE_BOUND('',#3675,.T.);
#3675 = EDGE_LOOP('',(#3676,#3677,#3683,#3684));
#3676 = ORIENTED_EDGE('',*,*,#3048,.F.);
#3677 = ORIENTED_EDGE('',*,*,#3678,.T.);
#3678 = EDGE_CURVE('',#3040,#3622,#3679,.T.);
#3679 = LINE('',#3680,#3681);
#3680 = CARTESIAN_POINT('',(-1.608136196501,8.343762158345,0.));
#3681 = VECTOR('',#3682,1.);
#3682 = DIRECTION('',(-3.179345597001E-31,1.186547930283E-30,1.));
#3683 = ORIENTED_EDGE('',*,*,#3621,.T.);
#3684 = ORIENTED_EDGE('',*,*,#3663,.F.);
#3685 = PLANE('',#3686);
#3686 = AXIS2_PLACEMENT_3D('',#3687,#3688,#3689);
#3687 = CARTESIAN_POINT('',(-1.65,8.5,-10.62));
#3688 = DIRECTION('',(-0.965925826289,-0.258819045103,0.));
#3689 = DIRECTION('',(0.258819045103,-0.965925826289,0.));
#3690 = ADVANCED_FACE('',(#3691),#3703,.T.);
#3691 = FACE_BOUND('',#3692,.T.);
#3692 = EDGE_LOOP('',(#3693,#3694,#3701,#3702));
#3693 = ORIENTED_EDGE('',*,*,#811,.F.);
#3694 = ORIENTED_EDGE('',*,*,#3695,.F.);
#3695 = EDGE_CURVE('',#803,#801,#3696,.T.);
#3696 = CIRCLE('',#3697,0.55);
#3697 = AXIS2_PLACEMENT_3D('',#3698,#3699,#3700);
#3698 = CARTESIAN_POINT('',(-3.1,-0.5,-9.12));
#3699 = DIRECTION('',(0.,-1.,0.));
#3700 = DIRECTION('',(0.,0.,-1.));
#3701 = ORIENTED_EDGE('',*,*,#828,.T.);
#3702 = ORIENTED_EDGE('',*,*,#3118,.T.);
#3703 = CYLINDRICAL_SURFACE('',#3704,0.55);
#3704 = AXIS2_PLACEMENT_3D('',#3705,#3706,#3707);
#3705 = CARTESIAN_POINT('',(-3.1,-0.5,-9.12));
#3706 = DIRECTION('',(-0.,1.,-0.));
#3707 = DIRECTION('',(0.,0.,1.));
#3708 = ADVANCED_FACE('',(#3709,#3743),#3747,.T.);
#3709 = FACE_BOUND('',#3710,.T.);
#3710 = EDGE_LOOP('',(#3711,#3721,#3729,#3737));
#3711 = ORIENTED_EDGE('',*,*,#3712,.F.);
#3712 = EDGE_CURVE('',#3713,#3715,#3717,.T.);
#3713 = VERTEX_POINT('',#3714);
#3714 = CARTESIAN_POINT('',(-2.85,-0.5,-9.57));
#3715 = VERTEX_POINT('',#3716);
#3716 = CARTESIAN_POINT('',(-2.85,-0.5,-8.67));
#3717 = LINE('',#3718,#3719);
#3718 = CARTESIAN_POINT('',(-2.85,-0.5,-9.57));
#3719 = VECTOR('',#3720,1.);
#3720 = DIRECTION('',(0.,0.,1.));
#3721 = ORIENTED_EDGE('',*,*,#3722,.F.);
#3722 = EDGE_CURVE('',#3723,#3713,#3725,.T.);
#3723 = VERTEX_POINT('',#3724);
#3724 = CARTESIAN_POINT('',(-3.35,-0.5,-9.57));
#3725 = LINE('',#3726,#3727);
#3726 = CARTESIAN_POINT('',(-3.35,-0.5,-9.57));
#3727 = VECTOR('',#3728,1.);
#3728 = DIRECTION('',(1.,0.,0.));
#3729 = ORIENTED_EDGE('',*,*,#3730,.T.);
#3730 = EDGE_CURVE('',#3723,#3731,#3733,.T.);
#3731 = VERTEX_POINT('',#3732);
#3732 = CARTESIAN_POINT('',(-3.35,-0.5,-8.67));
#3733 = LINE('',#3734,#3735);
#3734 = CARTESIAN_POINT('',(-3.35,-0.5,-9.57));
#3735 = VECTOR('',#3736,1.);
#3736 = DIRECTION('',(0.,0.,1.));
#3737 = ORIENTED_EDGE('',*,*,#3738,.T.);
#3738 = EDGE_CURVE('',#3731,#3715,#3739,.T.);
#3739 = LINE('',#3740,#3741);
#3740 = CARTESIAN_POINT('',(-3.35,-0.5,-8.67));
#3741 = VECTOR('',#3742,1.);
#3742 = DIRECTION('',(1.,0.,0.));
#3743 = FACE_BOUND('',#3744,.T.);
#3744 = EDGE_LOOP('',(#3745,#3746));
#3745 = ORIENTED_EDGE('',*,*,#3695,.T.);
#3746 = ORIENTED_EDGE('',*,*,#800,.T.);
#3747 = PLANE('',#3748);
#3748 = AXIS2_PLACEMENT_3D('',#3749,#3750,#3751);
#3749 = CARTESIAN_POINT('',(-3.1,-0.5,-9.12));
#3750 = DIRECTION('',(0.,-1.,0.));
#3751 = DIRECTION('',(0.,-0.,-1.));
#3752 = ADVANCED_FACE('',(#3753),#3778,.T.);
#3753 = FACE_BOUND('',#3754,.T.);
#3754 = EDGE_LOOP('',(#3755,#3763,#3771,#3777));
#3755 = ORIENTED_EDGE('',*,*,#3756,.F.);
#3756 = EDGE_CURVE('',#3757,#3713,#3759,.T.);
#3757 = VERTEX_POINT('',#3758);
#3758 = CARTESIAN_POINT('',(-2.85,-2.5,-9.57));
#3759 = LINE('',#3760,#3761);
#3760 = CARTESIAN_POINT('',(-2.85,-2.5,-9.57));
#3761 = VECTOR('',#3762,1.);
#3762 = DIRECTION('',(0.,1.,0.));
#3763 = ORIENTED_EDGE('',*,*,#3764,.F.);
#3764 = EDGE_CURVE('',#3765,#3757,#3767,.T.);
#3765 = VERTEX_POINT('',#3766);
#3766 = CARTESIAN_POINT('',(-3.35,-2.5,-9.57));
#3767 = LINE('',#3768,#3769);
#3768 = CARTESIAN_POINT('',(-3.35,-2.5,-9.57));
#3769 = VECTOR('',#3770,1.);
#3770 = DIRECTION('',(1.,0.,0.));
#3771 = ORIENTED_EDGE('',*,*,#3772,.T.);
#3772 = EDGE_CURVE('',#3765,#3723,#3773,.T.);
#3773 = LINE('',#3774,#3775);
#3774 = CARTESIAN_POINT('',(-3.35,-2.5,-9.57));
#3775 = VECTOR('',#3776,1.);
#3776 = DIRECTION('',(0.,1.,0.));
#3777 = ORIENTED_EDGE('',*,*,#3722,.T.);
#3778 = PLANE('',#3779);
#3779 = AXIS2_PLACEMENT_3D('',#3780,#3781,#3782);
#3780 = CARTESIAN_POINT('',(-3.35,-2.5,-9.57));
#3781 = DIRECTION('',(0.,0.,-1.));
#3782 = DIRECTION('',(-1.,0.,-0.));
#3783 = ADVANCED_FACE('',(#3784),#3809,.T.);
#3784 = FACE_BOUND('',#3785,.T.);
#3785 = EDGE_LOOP('',(#3786,#3794,#3802,#3808));
#3786 = ORIENTED_EDGE('',*,*,#3787,.F.);
#3787 = EDGE_CURVE('',#3788,#3757,#3790,.T.);
#3788 = VERTEX_POINT('',#3789);
#3789 = CARTESIAN_POINT('',(-2.85,-3.5,-9.302050807569));
#3790 = LINE('',#3791,#3792);
#3791 = CARTESIAN_POINT('',(-2.85,-3.5,-9.302050807569));
#3792 = VECTOR('',#3793,1.);
#3793 = DIRECTION('',(0.,0.965925826289,-0.258819045103));
#3794 = ORIENTED_EDGE('',*,*,#3795,.F.);
#3795 = EDGE_CURVE('',#3796,#3788,#3798,.T.);
#3796 = VERTEX_POINT('',#3797);
#3797 = CARTESIAN_POINT('',(-3.35,-3.5,-9.302050807569));
#3798 = LINE('',#3799,#3800);
#3799 = CARTESIAN_POINT('',(-3.35,-3.5,-9.302050807569));
#3800 = VECTOR('',#3801,1.);
#3801 = DIRECTION('',(1.,0.,0.));
#3802 = ORIENTED_EDGE('',*,*,#3803,.T.);
#3803 = EDGE_CURVE('',#3796,#3765,#3804,.T.);
#3804 = LINE('',#3805,#3806);
#3805 = CARTESIAN_POINT('',(-3.35,-3.5,-9.302050807569));
#3806 = VECTOR('',#3807,1.);
#3807 = DIRECTION('',(0.,0.965925826289,-0.258819045103));
#3808 = ORIENTED_EDGE('',*,*,#3764,.T.);
#3809 = PLANE('',#3810);
#3810 = AXIS2_PLACEMENT_3D('',#3811,#3812,#3813);
#3811 = CARTESIAN_POINT('',(-3.35,-3.5,-9.302050807569));
#3812 = DIRECTION('',(0.,-0.258819045103,-0.965925826289));
#3813 = DIRECTION('',(0.,0.965925826289,-0.258819045103));
#3814 = ADVANCED_FACE('',(#3815),#3840,.T.);
#3815 = FACE_BOUND('',#3816,.T.);
#3816 = EDGE_LOOP('',(#3817,#3825,#3833,#3839));
#3817 = ORIENTED_EDGE('',*,*,#3818,.F.);
#3818 = EDGE_CURVE('',#3819,#3788,#3821,.T.);
#3819 = VERTEX_POINT('',#3820);
#3820 = CARTESIAN_POINT('',(-2.85,-3.5,-8.937949192431));
#3821 = LINE('',#3822,#3823);
#3822 = CARTESIAN_POINT('',(-2.85,-3.5,-8.937949192431));
#3823 = VECTOR('',#3824,1.);
#3824 = DIRECTION('',(0.,0.,-1.));
#3825 = ORIENTED_EDGE('',*,*,#3826,.F.);
#3826 = EDGE_CURVE('',#3827,#3819,#3829,.T.);
#3827 = VERTEX_POINT('',#3828);
#3828 = CARTESIAN_POINT('',(-3.35,-3.5,-8.937949192431));
#3829 = LINE('',#3830,#3831);
#3830 = CARTESIAN_POINT('',(-3.35,-3.5,-8.937949192431));
#3831 = VECTOR('',#3832,1.);
#3832 = DIRECTION('',(1.,0.,0.));
#3833 = ORIENTED_EDGE('',*,*,#3834,.T.);
#3834 = EDGE_CURVE('',#3827,#3796,#3835,.T.);
#3835 = LINE('',#3836,#3837);
#3836 = CARTESIAN_POINT('',(-3.35,-3.5,-8.937949192431));
#3837 = VECTOR('',#3838,1.);
#3838 = DIRECTION('',(0.,0.,-1.));
#3839 = ORIENTED_EDGE('',*,*,#3795,.T.);
#3840 = PLANE('',#3841);
#3841 = AXIS2_PLACEMENT_3D('',#3842,#3843,#3844);
#3842 = CARTESIAN_POINT('',(-3.35,-3.5,-8.937949192431));
#3843 = DIRECTION('',(0.,-1.,0.));
#3844 = DIRECTION('',(0.,-0.,-1.));
#3845 = ADVANCED_FACE('',(#3846),#3871,.T.);
#3846 = FACE_BOUND('',#3847,.T.);
#3847 = EDGE_LOOP('',(#3848,#3856,#3864,#3870));
#3848 = ORIENTED_EDGE('',*,*,#3849,.F.);
#3849 = EDGE_CURVE('',#3850,#3819,#3852,.T.);
#3850 = VERTEX_POINT('',#3851);
#3851 = CARTESIAN_POINT('',(-2.85,-2.5,-8.67));
#3852 = LINE('',#3853,#3854);
#3853 = CARTESIAN_POINT('',(-2.85,-2.5,-8.67));
#3854 = VECTOR('',#3855,1.);
#3855 = DIRECTION('',(0.,-0.965925826289,-0.258819045103));
#3856 = ORIENTED_EDGE('',*,*,#3857,.F.);
#3857 = EDGE_CURVE('',#3858,#3850,#3860,.T.);
#3858 = VERTEX_POINT('',#3859);
#3859 = CARTESIAN_POINT('',(-3.35,-2.5,-8.67));
#3860 = LINE('',#3861,#3862);
#3861 = CARTESIAN_POINT('',(-3.35,-2.5,-8.67));
#3862 = VECTOR('',#3863,1.);
#3863 = DIRECTION('',(1.,0.,0.));
#3864 = ORIENTED_EDGE('',*,*,#3865,.T.);
#3865 = EDGE_CURVE('',#3858,#3827,#3866,.T.);
#3866 = LINE('',#3867,#3868);
#3867 = CARTESIAN_POINT('',(-3.35,-2.5,-8.67));
#3868 = VECTOR('',#3869,1.);
#3869 = DIRECTION('',(0.,-0.965925826289,-0.258819045103));
#3870 = ORIENTED_EDGE('',*,*,#3826,.T.);
#3871 = PLANE('',#3872);
#3872 = AXIS2_PLACEMENT_3D('',#3873,#3874,#3875);
#3873 = CARTESIAN_POINT('',(-3.35,-2.5,-8.67));
#3874 = DIRECTION('',(0.,-0.258819045103,0.965925826289));
#3875 = DIRECTION('',(0.,-0.965925826289,-0.258819045103));
#3876 = ADVANCED_FACE('',(#3877),#3893,.T.);
#3877 = FACE_BOUND('',#3878,.T.);
#3878 = EDGE_LOOP('',(#3879,#3885,#3886,#3892));
#3879 = ORIENTED_EDGE('',*,*,#3880,.F.);
#3880 = EDGE_CURVE('',#3715,#3850,#3881,.T.);
#3881 = LINE('',#3882,#3883);
#3882 = CARTESIAN_POINT('',(-2.85,-0.5,-8.67));
#3883 = VECTOR('',#3884,1.);
#3884 = DIRECTION('',(0.,-1.,0.));
#3885 = ORIENTED_EDGE('',*,*,#3738,.F.);
#3886 = ORIENTED_EDGE('',*,*,#3887,.T.);
#3887 = EDGE_CURVE('',#3731,#3858,#3888,.T.);
#3888 = LINE('',#3889,#3890);
#3889 = CARTESIAN_POINT('',(-3.35,-0.5,-8.67));
#3890 = VECTOR('',#3891,1.);
#3891 = DIRECTION('',(0.,-1.,0.));
#3892 = ORIENTED_EDGE('',*,*,#3857,.T.);
#3893 = PLANE('',#3894);
#3894 = AXIS2_PLACEMENT_3D('',#3895,#3896,#3897);
#3895 = CARTESIAN_POINT('',(-3.35,-0.5,-8.67));
#3896 = DIRECTION('',(-0.,0.,1.));
#3897 = DIRECTION('',(1.,0.,0.));
#3898 = ADVANCED_FACE('',(#3899),#3907,.F.);
#3899 = FACE_BOUND('',#3900,.T.);
#3900 = EDGE_LOOP('',(#3901,#3902,#3903,#3904,#3905,#3906));
#3901 = ORIENTED_EDGE('',*,*,#3772,.F.);
#3902 = ORIENTED_EDGE('',*,*,#3803,.F.);
#3903 = ORIENTED_EDGE('',*,*,#3834,.F.);
#3904 = ORIENTED_EDGE('',*,*,#3865,.F.);
#3905 = ORIENTED_EDGE('',*,*,#3887,.F.);
#3906 = ORIENTED_EDGE('',*,*,#3730,.F.);
#3907 = PLANE('',#3908);
#3908 = AXIS2_PLACEMENT_3D('',#3909,#3910,#3911);
#3909 = CARTESIAN_POINT('',(-3.35,0.,0.));
#3910 = DIRECTION('',(1.,0.,0.));
#3911 = DIRECTION('',(0.,0.,-1.));
#3912 = ADVANCED_FACE('',(#3913),#3921,.T.);
#3913 = FACE_BOUND('',#3914,.T.);
#3914 = EDGE_LOOP('',(#3915,#3916,#3917,#3918,#3919,#3920));
#3915 = ORIENTED_EDGE('',*,*,#3756,.T.);
#3916 = ORIENTED_EDGE('',*,*,#3712,.T.);
#3917 = ORIENTED_EDGE('',*,*,#3880,.T.);
#3918 = ORIENTED_EDGE('',*,*,#3849,.T.);
#3919 = ORIENTED_EDGE('',*,*,#3818,.T.);
#3920 = ORIENTED_EDGE('',*,*,#3787,.T.);
#3921 = PLANE('',#3922);
#3922 = AXIS2_PLACEMENT_3D('',#3923,#3924,#3925);
#3923 = CARTESIAN_POINT('',(-2.85,0.,0.));
#3924 = DIRECTION('',(1.,0.,0.));
#3925 = DIRECTION('',(0.,0.,-1.));
#3926 = ADVANCED_FACE('',(#3927),#3939,.T.);
#3927 = FACE_BOUND('',#3928,.T.);
#3928 = EDGE_LOOP('',(#3929,#3930,#3937,#3938));
#3929 = ORIENTED_EDGE('',*,*,#769,.F.);
#3930 = ORIENTED_EDGE('',*,*,#3931,.F.);
#3931 = EDGE_CURVE('',#761,#759,#3932,.T.);
#3932 = CIRCLE('',#3933,0.55);
#3933 = AXIS2_PLACEMENT_3D('',#3934,#3935,#3936);
#3934 = CARTESIAN_POINT('',(-3.1,-0.5,-6.58));
#3935 = DIRECTION('',(0.,-1.,0.));
#3936 = DIRECTION('',(0.,0.,-1.));
#3937 = ORIENTED_EDGE('',*,*,#786,.T.);
#3938 = ORIENTED_EDGE('',*,*,#3108,.T.);
#3939 = CYLINDRICAL_SURFACE('',#3940,0.55);
#3940 = AXIS2_PLACEMENT_3D('',#3941,#3942,#3943);
#3941 = CARTESIAN_POINT('',(-3.1,-0.5,-6.58));
#3942 = DIRECTION('',(-0.,1.,-0.));
#3943 = DIRECTION('',(0.,0.,1.));
#3944 = ADVANCED_FACE('',(#3945,#3979),#3983,.T.);
#3945 = FACE_BOUND('',#3946,.T.);
#3946 = EDGE_LOOP('',(#3947,#3957,#3965,#3973));
#3947 = ORIENTED_EDGE('',*,*,#3948,.F.);
#3948 = EDGE_CURVE('',#3949,#3951,#3953,.T.);
#3949 = VERTEX_POINT('',#3950);
#3950 = CARTESIAN_POINT('',(-2.85,-0.5,-7.03));
#3951 = VERTEX_POINT('',#3952);
#3952 = CARTESIAN_POINT('',(-2.85,-0.5,-6.13));
#3953 = LINE('',#3954,#3955);
#3954 = CARTESIAN_POINT('',(-2.85,-0.5,-7.03));
#3955 = VECTOR('',#3956,1.);
#3956 = DIRECTION('',(0.,0.,1.));
#3957 = ORIENTED_EDGE('',*,*,#3958,.F.);
#3958 = EDGE_CURVE('',#3959,#3949,#3961,.T.);
#3959 = VERTEX_POINT('',#3960);
#3960 = CARTESIAN_POINT('',(-3.35,-0.5,-7.03));
#3961 = LINE('',#3962,#3963);
#3962 = CARTESIAN_POINT('',(-3.35,-0.5,-7.03));
#3963 = VECTOR('',#3964,1.);
#3964 = DIRECTION('',(1.,0.,0.));
#3965 = ORIENTED_EDGE('',*,*,#3966,.T.);
#3966 = EDGE_CURVE('',#3959,#3967,#3969,.T.);
#3967 = VERTEX_POINT('',#3968);
#3968 = CARTESIAN_POINT('',(-3.35,-0.5,-6.13));
#3969 = LINE('',#3970,#3971);
#3970 = CARTESIAN_POINT('',(-3.35,-0.5,-7.03));
#3971 = VECTOR('',#3972,1.);
#3972 = DIRECTION('',(0.,0.,1.));
#3973 = ORIENTED_EDGE('',*,*,#3974,.T.);
#3974 = EDGE_CURVE('',#3967,#3951,#3975,.T.);
#3975 = LINE('',#3976,#3977);
#3976 = CARTESIAN_POINT('',(-3.35,-0.5,-6.13));
#3977 = VECTOR('',#3978,1.);
#3978 = DIRECTION('',(1.,0.,0.));
#3979 = FACE_BOUND('',#3980,.T.);
#3980 = EDGE_LOOP('',(#3981,#3982));
#3981 = ORIENTED_EDGE('',*,*,#3931,.T.);
#3982 = ORIENTED_EDGE('',*,*,#758,.T.);
#3983 = PLANE('',#3984);
#3984 = AXIS2_PLACEMENT_3D('',#3985,#3986,#3987);
#3985 = CARTESIAN_POINT('',(-3.1,-0.5,-6.58));
#3986 = DIRECTION('',(0.,-1.,0.));
#3987 = DIRECTION('',(0.,-0.,-1.));
#3988 = ADVANCED_FACE('',(#3989),#4014,.T.);
#3989 = FACE_BOUND('',#3990,.T.);
#3990 = EDGE_LOOP('',(#3991,#3999,#4007,#4013));
#3991 = ORIENTED_EDGE('',*,*,#3992,.F.);
#3992 = EDGE_CURVE('',#3993,#3949,#3995,.T.);
#3993 = VERTEX_POINT('',#3994);
#3994 = CARTESIAN_POINT('',(-2.85,-2.5,-7.03));
#3995 = LINE('',#3996,#3997);
#3996 = CARTESIAN_POINT('',(-2.85,-2.5,-7.03));
#3997 = VECTOR('',#3998,1.);
#3998 = DIRECTION('',(0.,1.,0.));
#3999 = ORIENTED_EDGE('',*,*,#4000,.F.);
#4000 = EDGE_CURVE('',#4001,#3993,#4003,.T.);
#4001 = VERTEX_POINT('',#4002);
#4002 = CARTESIAN_POINT('',(-3.35,-2.5,-7.03));
#4003 = LINE('',#4004,#4005);
#4004 = CARTESIAN_POINT('',(-3.35,-2.5,-7.03));
#4005 = VECTOR('',#4006,1.);
#4006 = DIRECTION('',(1.,0.,0.));
#4007 = ORIENTED_EDGE('',*,*,#4008,.T.);
#4008 = EDGE_CURVE('',#4001,#3959,#4009,.T.);
#4009 = LINE('',#4010,#4011);
#4010 = CARTESIAN_POINT('',(-3.35,-2.5,-7.03));
#4011 = VECTOR('',#4012,1.);
#4012 = DIRECTION('',(0.,1.,0.));
#4013 = ORIENTED_EDGE('',*,*,#3958,.T.);
#4014 = PLANE('',#4015);
#4015 = AXIS2_PLACEMENT_3D('',#4016,#4017,#4018);
#4016 = CARTESIAN_POINT('',(-3.35,-2.5,-7.03));
#4017 = DIRECTION('',(0.,0.,-1.));
#4018 = DIRECTION('',(-1.,0.,-0.));
#4019 = ADVANCED_FACE('',(#4020),#4045,.T.);
#4020 = FACE_BOUND('',#4021,.T.);
#4021 = EDGE_LOOP('',(#4022,#4030,#4038,#4044));
#4022 = ORIENTED_EDGE('',*,*,#4023,.F.);
#4023 = EDGE_CURVE('',#4024,#3993,#4026,.T.);
#4024 = VERTEX_POINT('',#4025);
#4025 = CARTESIAN_POINT('',(-2.85,-3.5,-6.762050807569));
#4026 = LINE('',#4027,#4028);
#4027 = CARTESIAN_POINT('',(-2.85,-3.5,-6.762050807569));
#4028 = VECTOR('',#4029,1.);
#4029 = DIRECTION('',(0.,0.965925826289,-0.258819045103));
#4030 = ORIENTED_EDGE('',*,*,#4031,.F.);
#4031 = EDGE_CURVE('',#4032,#4024,#4034,.T.);
#4032 = VERTEX_POINT('',#4033);
#4033 = CARTESIAN_POINT('',(-3.35,-3.5,-6.762050807569));
#4034 = LINE('',#4035,#4036);
#4035 = CARTESIAN_POINT('',(-3.35,-3.5,-6.762050807569));
#4036 = VECTOR('',#4037,1.);
#4037 = DIRECTION('',(1.,0.,0.));
#4038 = ORIENTED_EDGE('',*,*,#4039,.T.);
#4039 = EDGE_CURVE('',#4032,#4001,#4040,.T.);
#4040 = LINE('',#4041,#4042);
#4041 = CARTESIAN_POINT('',(-3.35,-3.5,-6.762050807569));
#4042 = VECTOR('',#4043,1.);
#4043 = DIRECTION('',(0.,0.965925826289,-0.258819045103));
#4044 = ORIENTED_EDGE('',*,*,#4000,.T.);
#4045 = PLANE('',#4046);
#4046 = AXIS2_PLACEMENT_3D('',#4047,#4048,#4049);
#4047 = CARTESIAN_POINT('',(-3.35,-3.5,-6.762050807569));
#4048 = DIRECTION('',(0.,-0.258819045103,-0.965925826289));
#4049 = DIRECTION('',(0.,0.965925826289,-0.258819045103));
#4050 = ADVANCED_FACE('',(#4051),#4076,.T.);
#4051 = FACE_BOUND('',#4052,.T.);
#4052 = EDGE_LOOP('',(#4053,#4061,#4069,#4075));
#4053 = ORIENTED_EDGE('',*,*,#4054,.F.);
#4054 = EDGE_CURVE('',#4055,#4024,#4057,.T.);
#4055 = VERTEX_POINT('',#4056);
#4056 = CARTESIAN_POINT('',(-2.85,-3.5,-6.397949192431));
#4057 = LINE('',#4058,#4059);
#4058 = CARTESIAN_POINT('',(-2.85,-3.5,-6.397949192431));
#4059 = VECTOR('',#4060,1.);
#4060 = DIRECTION('',(0.,0.,-1.));
#4061 = ORIENTED_EDGE('',*,*,#4062,.F.);
#4062 = EDGE_CURVE('',#4063,#4055,#4065,.T.);
#4063 = VERTEX_POINT('',#4064);
#4064 = CARTESIAN_POINT('',(-3.35,-3.5,-6.397949192431));
#4065 = LINE('',#4066,#4067);
#4066 = CARTESIAN_POINT('',(-3.35,-3.5,-6.397949192431));
#4067 = VECTOR('',#4068,1.);
#4068 = DIRECTION('',(1.,0.,0.));
#4069 = ORIENTED_EDGE('',*,*,#4070,.T.);
#4070 = EDGE_CURVE('',#4063,#4032,#4071,.T.);
#4071 = LINE('',#4072,#4073);
#4072 = CARTESIAN_POINT('',(-3.35,-3.5,-6.397949192431));
#4073 = VECTOR('',#4074,1.);
#4074 = DIRECTION('',(0.,0.,-1.));
#4075 = ORIENTED_EDGE('',*,*,#4031,.T.);
#4076 = PLANE('',#4077);
#4077 = AXIS2_PLACEMENT_3D('',#4078,#4079,#4080);
#4078 = CARTESIAN_POINT('',(-3.35,-3.5,-6.397949192431));
#4079 = DIRECTION('',(0.,-1.,0.));
#4080 = DIRECTION('',(0.,-0.,-1.));
#4081 = ADVANCED_FACE('',(#4082),#4107,.T.);
#4082 = FACE_BOUND('',#4083,.T.);
#4083 = EDGE_LOOP('',(#4084,#4092,#4100,#4106));
#4084 = ORIENTED_EDGE('',*,*,#4085,.F.);
#4085 = EDGE_CURVE('',#4086,#4055,#4088,.T.);
#4086 = VERTEX_POINT('',#4087);
#4087 = CARTESIAN_POINT('',(-2.85,-2.5,-6.13));
#4088 = LINE('',#4089,#4090);
#4089 = CARTESIAN_POINT('',(-2.85,-2.5,-6.13));
#4090 = VECTOR('',#4091,1.);
#4091 = DIRECTION('',(0.,-0.965925826289,-0.258819045103));
#4092 = ORIENTED_EDGE('',*,*,#4093,.F.);
#4093 = EDGE_CURVE('',#4094,#4086,#4096,.T.);
#4094 = VERTEX_POINT('',#4095);
#4095 = CARTESIAN_POINT('',(-3.35,-2.5,-6.13));
#4096 = LINE('',#4097,#4098);
#4097 = CARTESIAN_POINT('',(-3.35,-2.5,-6.13));
#4098 = VECTOR('',#4099,1.);
#4099 = DIRECTION('',(1.,0.,0.));
#4100 = ORIENTED_EDGE('',*,*,#4101,.T.);
#4101 = EDGE_CURVE('',#4094,#4063,#4102,.T.);
#4102 = LINE('',#4103,#4104);
#4103 = CARTESIAN_POINT('',(-3.35,-2.5,-6.13));
#4104 = VECTOR('',#4105,1.);
#4105 = DIRECTION('',(0.,-0.965925826289,-0.258819045103));
#4106 = ORIENTED_EDGE('',*,*,#4062,.T.);
#4107 = PLANE('',#4108);
#4108 = AXIS2_PLACEMENT_3D('',#4109,#4110,#4111);
#4109 = CARTESIAN_POINT('',(-3.35,-2.5,-6.13));
#4110 = DIRECTION('',(0.,-0.258819045103,0.965925826289));
#4111 = DIRECTION('',(0.,-0.965925826289,-0.258819045103));
#4112 = ADVANCED_FACE('',(#4113),#4129,.T.);
#4113 = FACE_BOUND('',#4114,.T.);
#4114 = EDGE_LOOP('',(#4115,#4121,#4122,#4128));
#4115 = ORIENTED_EDGE('',*,*,#4116,.F.);
#4116 = EDGE_CURVE('',#3951,#4086,#4117,.T.);
#4117 = LINE('',#4118,#4119);
#4118 = CARTESIAN_POINT('',(-2.85,-0.5,-6.13));
#4119 = VECTOR('',#4120,1.);
#4120 = DIRECTION('',(0.,-1.,0.));
#4121 = ORIENTED_EDGE('',*,*,#3974,.F.);
#4122 = ORIENTED_EDGE('',*,*,#4123,.T.);
#4123 = EDGE_CURVE('',#3967,#4094,#4124,.T.);
#4124 = LINE('',#4125,#4126);
#4125 = CARTESIAN_POINT('',(-3.35,-0.5,-6.13));
#4126 = VECTOR('',#4127,1.);
#4127 = DIRECTION('',(0.,-1.,0.));
#4128 = ORIENTED_EDGE('',*,*,#4093,.T.);
#4129 = PLANE('',#4130);
#4130 = AXIS2_PLACEMENT_3D('',#4131,#4132,#4133);
#4131 = CARTESIAN_POINT('',(-3.35,-0.5,-6.13));
#4132 = DIRECTION('',(-0.,0.,1.));
#4133 = DIRECTION('',(1.,0.,0.));
#4134 = ADVANCED_FACE('',(#4135),#4143,.F.);
#4135 = FACE_BOUND('',#4136,.T.);
#4136 = EDGE_LOOP('',(#4137,#4138,#4139,#4140,#4141,#4142));
#4137 = ORIENTED_EDGE('',*,*,#4008,.F.);
#4138 = ORIENTED_EDGE('',*,*,#4039,.F.);
#4139 = ORIENTED_EDGE('',*,*,#4070,.F.);
#4140 = ORIENTED_EDGE('',*,*,#4101,.F.);
#4141 = ORIENTED_EDGE('',*,*,#4123,.F.);
#4142 = ORIENTED_EDGE('',*,*,#3966,.F.);
#4143 = PLANE('',#4144);
#4144 = AXIS2_PLACEMENT_3D('',#4145,#4146,#4147);
#4145 = CARTESIAN_POINT('',(-3.35,0.,0.));
#4146 = DIRECTION('',(1.,0.,0.));
#4147 = DIRECTION('',(0.,0.,-1.));
#4148 = ADVANCED_FACE('',(#4149),#4157,.T.);
#4149 = FACE_BOUND('',#4150,.T.);
#4150 = EDGE_LOOP('',(#4151,#4152,#4153,#4154,#4155,#4156));
#4151 = ORIENTED_EDGE('',*,*,#3992,.T.);
#4152 = ORIENTED_EDGE('',*,*,#3948,.T.);
#4153 = ORIENTED_EDGE('',*,*,#4116,.T.);
#4154 = ORIENTED_EDGE('',*,*,#4085,.T.);
#4155 = ORIENTED_EDGE('',*,*,#4054,.T.);
#4156 = ORIENTED_EDGE('',*,*,#4023,.T.);
#4157 = PLANE('',#4158);
#4158 = AXIS2_PLACEMENT_3D('',#4159,#4160,#4161);
#4159 = CARTESIAN_POINT('',(-2.85,0.,0.));
#4160 = DIRECTION('',(1.,0.,0.));
#4161 = DIRECTION('',(0.,0.,-1.));
#4162 = ADVANCED_FACE('',(#4163),#4175,.T.);
#4163 = FACE_BOUND('',#4164,.T.);
#4164 = EDGE_LOOP('',(#4165,#4166,#4173,#4174));
#4165 = ORIENTED_EDGE('',*,*,#727,.F.);
#4166 = ORIENTED_EDGE('',*,*,#4167,.F.);
#4167 = EDGE_CURVE('',#719,#717,#4168,.T.);
#4168 = CIRCLE('',#4169,0.55);
#4169 = AXIS2_PLACEMENT_3D('',#4170,#4171,#4172);
#4170 = CARTESIAN_POINT('',(-3.1,-0.5,-1.5));
#4171 = DIRECTION('',(0.,-1.,0.));
#4172 = DIRECTION('',(0.,0.,-1.));
#4173 = ORIENTED_EDGE('',*,*,#744,.T.);
#4174 = ORIENTED_EDGE('',*,*,#3098,.T.);
#4175 = CYLINDRICAL_SURFACE('',#4176,0.55);
#4176 = AXIS2_PLACEMENT_3D('',#4177,#4178,#4179);
#4177 = CARTESIAN_POINT('',(-3.1,-0.5,-1.5));
#4178 = DIRECTION('',(-0.,1.,-0.));
#4179 = DIRECTION('',(0.,0.,1.));
#4180 = ADVANCED_FACE('',(#4181,#4215),#4219,.T.);
#4181 = FACE_BOUND('',#4182,.T.);
#4182 = EDGE_LOOP('',(#4183,#4193,#4201,#4209));
#4183 = ORIENTED_EDGE('',*,*,#4184,.F.);
#4184 = EDGE_CURVE('',#4185,#4187,#4189,.T.);
#4185 = VERTEX_POINT('',#4186);
#4186 = CARTESIAN_POINT('',(-3.35,-0.5,-1.05));
#4187 = VERTEX_POINT('',#4188);
#4188 = CARTESIAN_POINT('',(-3.35,-0.5,-1.95));
#4189 = LINE('',#4190,#4191);
#4190 = CARTESIAN_POINT('',(-3.35,-0.5,-1.05));
#4191 = VECTOR('',#4192,1.);
#4192 = DIRECTION('',(4.818676322158E-16,0.,-1.));
#4193 = ORIENTED_EDGE('',*,*,#4194,.F.);
#4194 = EDGE_CURVE('',#4195,#4185,#4197,.T.);
#4195 = VERTEX_POINT('',#4196);
#4196 = CARTESIAN_POINT('',(-2.85,-0.5,-1.05));
#4197 = LINE('',#4198,#4199);
#4198 = CARTESIAN_POINT('',(-2.85,-0.5,-1.05));
#4199 = VECTOR('',#4200,1.);
#4200 = DIRECTION('',(-1.,0.,-1.222980050564E-16));
#4201 = ORIENTED_EDGE('',*,*,#4202,.T.);
#4202 = EDGE_CURVE('',#4195,#4203,#4205,.T.);
#4203 = VERTEX_POINT('',#4204);
#4204 = CARTESIAN_POINT('',(-2.85,-0.5,-1.95));
#4205 = LINE('',#4206,#4207);
#4206 = CARTESIAN_POINT('',(-2.85,-0.5,-1.05));
#4207 = VECTOR('',#4208,1.);
#4208 = DIRECTION('',(4.818676322158E-16,0.,-1.));
#4209 = ORIENTED_EDGE('',*,*,#4210,.T.);
#4210 = EDGE_CURVE('',#4203,#4187,#4211,.T.);
#4211 = LINE('',#4212,#4213);
#4212 = CARTESIAN_POINT('',(-2.85,-0.5,-1.95));
#4213 = VECTOR('',#4214,1.);
#4214 = DIRECTION('',(-1.,0.,-1.222980050564E-16));
#4215 = FACE_BOUND('',#4216,.T.);
#4216 = EDGE_LOOP('',(#4217,#4218));
#4217 = ORIENTED_EDGE('',*,*,#4167,.T.);
#4218 = ORIENTED_EDGE('',*,*,#716,.T.);
#4219 = PLANE('',#4220);
#4220 = AXIS2_PLACEMENT_3D('',#4221,#4222,#4223);
#4221 = CARTESIAN_POINT('',(-3.1,-0.5,-1.5));
#4222 = DIRECTION('',(0.,-1.,0.));
#4223 = DIRECTION('',(0.,-0.,-1.));
#4224 = ADVANCED_FACE('',(#4225),#4250,.T.);
#4225 = FACE_BOUND('',#4226,.T.);
#4226 = EDGE_LOOP('',(#4227,#4235,#4243,#4249));
#4227 = ORIENTED_EDGE('',*,*,#4228,.F.);
#4228 = EDGE_CURVE('',#4229,#4185,#4231,.T.);
#4229 = VERTEX_POINT('',#4230);
#4230 = CARTESIAN_POINT('',(-3.35,-2.5,-1.05));
#4231 = LINE('',#4232,#4233);
#4232 = CARTESIAN_POINT('',(-3.35,-2.5,-1.05));
#4233 = VECTOR('',#4234,1.);
#4234 = DIRECTION('',(0.,1.,0.));
#4235 = ORIENTED_EDGE('',*,*,#4236,.F.);
#4236 = EDGE_CURVE('',#4237,#4229,#4239,.T.);
#4237 = VERTEX_POINT('',#4238);
#4238 = CARTESIAN_POINT('',(-2.85,-2.5,-1.05));
#4239 = LINE('',#4240,#4241);
#4240 = CARTESIAN_POINT('',(-2.85,-2.5,-1.05));
#4241 = VECTOR('',#4242,1.);
#4242 = DIRECTION('',(-1.,0.,-1.222980050564E-16));
#4243 = ORIENTED_EDGE('',*,*,#4244,.T.);
#4244 = EDGE_CURVE('',#4237,#4195,#4245,.T.);
#4245 = LINE('',#4246,#4247);
#4246 = CARTESIAN_POINT('',(-2.85,-2.5,-1.05));
#4247 = VECTOR('',#4248,1.);
#4248 = DIRECTION('',(0.,1.,0.));
#4249 = ORIENTED_EDGE('',*,*,#4194,.T.);
#4250 = PLANE('',#4251);
#4251 = AXIS2_PLACEMENT_3D('',#4252,#4253,#4254);
#4252 = CARTESIAN_POINT('',(-2.85,-2.5,-1.05));
#4253 = DIRECTION('',(-1.222980050564E-16,0.,1.));
#4254 = DIRECTION('',(1.,0.,1.222980050564E-16));
#4255 = ADVANCED_FACE('',(#4256),#4281,.T.);
#4256 = FACE_BOUND('',#4257,.T.);
#4257 = EDGE_LOOP('',(#4258,#4266,#4274,#4280));
#4258 = ORIENTED_EDGE('',*,*,#4259,.F.);
#4259 = EDGE_CURVE('',#4260,#4229,#4262,.T.);
#4260 = VERTEX_POINT('',#4261);
#4261 = CARTESIAN_POINT('',(-3.35,-3.5,-1.317949192431));
#4262 = LINE('',#4263,#4264);
#4263 = CARTESIAN_POINT('',(-3.35,-3.5,-1.317949192431));
#4264 = VECTOR('',#4265,1.);
#4265 = DIRECTION('',(0.,0.965925826289,0.258819045103));
#4266 = ORIENTED_EDGE('',*,*,#4267,.F.);
#4267 = EDGE_CURVE('',#4268,#4260,#4270,.T.);
#4268 = VERTEX_POINT('',#4269);
#4269 = CARTESIAN_POINT('',(-2.85,-3.5,-1.317949192431));
#4270 = LINE('',#4271,#4272);
#4271 = CARTESIAN_POINT('',(-2.85,-3.5,-1.317949192431));
#4272 = VECTOR('',#4273,1.);
#4273 = DIRECTION('',(-1.,0.,-1.222980050564E-16));
#4274 = ORIENTED_EDGE('',*,*,#4275,.T.);
#4275 = EDGE_CURVE('',#4268,#4237,#4276,.T.);
#4276 = LINE('',#4277,#4278);
#4277 = CARTESIAN_POINT('',(-2.85,-3.5,-1.317949192431));
#4278 = VECTOR('',#4279,1.);
#4279 = DIRECTION('',(0.,0.965925826289,0.258819045103));
#4280 = ORIENTED_EDGE('',*,*,#4236,.T.);
#4281 = PLANE('',#4282);
#4282 = AXIS2_PLACEMENT_3D('',#4283,#4284,#4285);
#4283 = CARTESIAN_POINT('',(-2.85,-3.5,-1.317949192431));
#4284 = DIRECTION('',(-1.181308015876E-16,-0.258819045103,0.965925826289
    ));
#4285 = DIRECTION('',(0.,-0.965925826289,-0.258819045103));
#4286 = ADVANCED_FACE('',(#4287),#4312,.T.);
#4287 = FACE_BOUND('',#4288,.T.);
#4288 = EDGE_LOOP('',(#4289,#4297,#4305,#4311));
#4289 = ORIENTED_EDGE('',*,*,#4290,.F.);
#4290 = EDGE_CURVE('',#4291,#4260,#4293,.T.);
#4291 = VERTEX_POINT('',#4292);
#4292 = CARTESIAN_POINT('',(-3.35,-3.5,-1.682050807569));
#4293 = LINE('',#4294,#4295);
#4294 = CARTESIAN_POINT('',(-3.35,-3.5,-1.682050807569));
#4295 = VECTOR('',#4296,1.);
#4296 = DIRECTION('',(0.,0.,1.));
#4297 = ORIENTED_EDGE('',*,*,#4298,.F.);
#4298 = EDGE_CURVE('',#4299,#4291,#4301,.T.);
#4299 = VERTEX_POINT('',#4300);
#4300 = CARTESIAN_POINT('',(-2.85,-3.5,-1.682050807569));
#4301 = LINE('',#4302,#4303);
#4302 = CARTESIAN_POINT('',(-2.85,-3.5,-1.682050807569));
#4303 = VECTOR('',#4304,1.);
#4304 = DIRECTION('',(-1.,0.,-1.222980050564E-16));
#4305 = ORIENTED_EDGE('',*,*,#4306,.T.);
#4306 = EDGE_CURVE('',#4299,#4268,#4307,.T.);
#4307 = LINE('',#4308,#4309);
#4308 = CARTESIAN_POINT('',(-2.85,-3.5,-1.682050807569));
#4309 = VECTOR('',#4310,1.);
#4310 = DIRECTION('',(0.,0.,1.));
#4311 = ORIENTED_EDGE('',*,*,#4267,.T.);
#4312 = PLANE('',#4313);
#4313 = AXIS2_PLACEMENT_3D('',#4314,#4315,#4316);
#4314 = CARTESIAN_POINT('',(-2.85,-3.5,-1.682050807569));
#4315 = DIRECTION('',(0.,-1.,0.));
#4316 = DIRECTION('',(0.,-0.,-1.));
#4317 = ADVANCED_FACE('',(#4318),#4343,.T.);
#4318 = FACE_BOUND('',#4319,.T.);
#4319 = EDGE_LOOP('',(#4320,#4328,#4336,#4342));
#4320 = ORIENTED_EDGE('',*,*,#4321,.F.);
#4321 = EDGE_CURVE('',#4322,#4291,#4324,.T.);
#4322 = VERTEX_POINT('',#4323);
#4323 = CARTESIAN_POINT('',(-3.35,-2.5,-1.95));
#4324 = LINE('',#4325,#4326);
#4325 = CARTESIAN_POINT('',(-3.35,-2.5,-1.95));
#4326 = VECTOR('',#4327,1.);
#4327 = DIRECTION('',(-4.18903551729E-16,-0.965925826289,0.258819045103)
  );
#4328 = ORIENTED_EDGE('',*,*,#4329,.F.);
#4329 = EDGE_CURVE('',#4330,#4322,#4332,.T.);
#4330 = VERTEX_POINT('',#4331);
#4331 = CARTESIAN_POINT('',(-2.85,-2.5,-1.95));
#4332 = LINE('',#4333,#4334);
#4333 = CARTESIAN_POINT('',(-2.85,-2.5,-1.95));
#4334 = VECTOR('',#4335,1.);
#4335 = DIRECTION('',(-1.,0.,-1.222980050564E-16));
#4336 = ORIENTED_EDGE('',*,*,#4337,.T.);
#4337 = EDGE_CURVE('',#4330,#4299,#4338,.T.);
#4338 = LINE('',#4339,#4340);
#4339 = CARTESIAN_POINT('',(-2.85,-2.5,-1.95));
#4340 = VECTOR('',#4341,1.);
#4341 = DIRECTION('',(-4.18903551729E-16,-0.965925826289,0.258819045103)
  );
#4342 = ORIENTED_EDGE('',*,*,#4298,.T.);
#4343 = PLANE('',#4344);
#4344 = AXIS2_PLACEMENT_3D('',#4345,#4346,#4347);
#4345 = CARTESIAN_POINT('',(-2.85,-2.5,-1.95));
#4346 = DIRECTION('',(1.181308015876E-16,-0.258819045103,-0.965925826289
    ));
#4347 = DIRECTION('',(6.162975822039E-33,0.965925826289,-0.258819045103)
  );
#4348 = ADVANCED_FACE('',(#4349),#4365,.T.);
#4349 = FACE_BOUND('',#4350,.T.);
#4350 = EDGE_LOOP('',(#4351,#4357,#4358,#4364));
#4351 = ORIENTED_EDGE('',*,*,#4352,.F.);
#4352 = EDGE_CURVE('',#4187,#4322,#4353,.T.);
#4353 = LINE('',#4354,#4355);
#4354 = CARTESIAN_POINT('',(-3.35,-0.5,-1.95));
#4355 = VECTOR('',#4356,1.);
#4356 = DIRECTION('',(0.,-1.,0.));
#4357 = ORIENTED_EDGE('',*,*,#4210,.F.);
#4358 = ORIENTED_EDGE('',*,*,#4359,.T.);
#4359 = EDGE_CURVE('',#4203,#4330,#4360,.T.);
#4360 = LINE('',#4361,#4362);
#4361 = CARTESIAN_POINT('',(-2.85,-0.5,-1.95));
#4362 = VECTOR('',#4363,1.);
#4363 = DIRECTION('',(0.,-1.,0.));
#4364 = ORIENTED_EDGE('',*,*,#4329,.T.);
#4365 = PLANE('',#4366);
#4366 = AXIS2_PLACEMENT_3D('',#4367,#4368,#4369);
#4367 = CARTESIAN_POINT('',(-2.85,-0.5,-1.95));
#4368 = DIRECTION('',(1.222980050564E-16,0.,-1.));
#4369 = DIRECTION('',(-1.,0.,-1.222980050564E-16));
#4370 = ADVANCED_FACE('',(#4371),#4379,.F.);
#4371 = FACE_BOUND('',#4372,.T.);
#4372 = EDGE_LOOP('',(#4373,#4374,#4375,#4376,#4377,#4378));
#4373 = ORIENTED_EDGE('',*,*,#4244,.F.);
#4374 = ORIENTED_EDGE('',*,*,#4275,.F.);
#4375 = ORIENTED_EDGE('',*,*,#4306,.F.);
#4376 = ORIENTED_EDGE('',*,*,#4337,.F.);
#4377 = ORIENTED_EDGE('',*,*,#4359,.F.);
#4378 = ORIENTED_EDGE('',*,*,#4202,.F.);
#4379 = PLANE('',#4380);
#4380 = AXIS2_PLACEMENT_3D('',#4381,#4382,#4383);
#4381 = CARTESIAN_POINT('',(-2.85,0.,-1.553107565395E-15));
#4382 = DIRECTION('',(-1.,0.,-4.818676322158E-16));
#4383 = DIRECTION('',(-4.818676322158E-16,0.,1.));
#4384 = ADVANCED_FACE('',(#4385),#4393,.T.);
#4385 = FACE_BOUND('',#4386,.T.);
#4386 = EDGE_LOOP('',(#4387,#4388,#4389,#4390,#4391,#4392));
#4387 = ORIENTED_EDGE('',*,*,#4228,.T.);
#4388 = ORIENTED_EDGE('',*,*,#4184,.T.);
#4389 = ORIENTED_EDGE('',*,*,#4352,.T.);
#4390 = ORIENTED_EDGE('',*,*,#4321,.T.);
#4391 = ORIENTED_EDGE('',*,*,#4290,.T.);
#4392 = ORIENTED_EDGE('',*,*,#4259,.T.);
#4393 = PLANE('',#4394);
#4394 = AXIS2_PLACEMENT_3D('',#4395,#4396,#4397);
#4395 = CARTESIAN_POINT('',(-3.35,0.,-1.614256567923E-15));
#4396 = DIRECTION('',(-1.,0.,-4.818676322158E-16));
#4397 = DIRECTION('',(-4.818676322158E-16,0.,1.));
#4398 = ADVANCED_FACE('',(#4399),#4411,.T.);
#4399 = FACE_BOUND('',#4400,.T.);
#4400 = EDGE_LOOP('',(#4401,#4402,#4409,#4410));
#4401 = ORIENTED_EDGE('',*,*,#685,.F.);
#4402 = ORIENTED_EDGE('',*,*,#4403,.F.);
#4403 = EDGE_CURVE('',#677,#675,#4404,.T.);
#4404 = CIRCLE('',#4405,0.55);
#4405 = AXIS2_PLACEMENT_3D('',#4406,#4407,#4408);
#4406 = CARTESIAN_POINT('',(-3.1,-0.5,-4.04));
#4407 = DIRECTION('',(0.,-1.,0.));
#4408 = DIRECTION('',(0.,0.,-1.));
#4409 = ORIENTED_EDGE('',*,*,#702,.T.);
#4410 = ORIENTED_EDGE('',*,*,#3088,.T.);
#4411 = CYLINDRICAL_SURFACE('',#4412,0.55);
#4412 = AXIS2_PLACEMENT_3D('',#4413,#4414,#4415);
#4413 = CARTESIAN_POINT('',(-3.1,-0.5,-4.04));
#4414 = DIRECTION('',(-0.,1.,-0.));
#4415 = DIRECTION('',(0.,0.,1.));
#4416 = ADVANCED_FACE('',(#4417,#4451),#4455,.T.);
#4417 = FACE_BOUND('',#4418,.T.);
#4418 = EDGE_LOOP('',(#4419,#4429,#4437,#4445));
#4419 = ORIENTED_EDGE('',*,*,#4420,.F.);
#4420 = EDGE_CURVE('',#4421,#4423,#4425,.T.);
#4421 = VERTEX_POINT('',#4422);
#4422 = CARTESIAN_POINT('',(-2.85,-0.5,-4.49));
#4423 = VERTEX_POINT('',#4424);
#4424 = CARTESIAN_POINT('',(-2.85,-0.5,-3.59));
#4425 = LINE('',#4426,#4427);
#4426 = CARTESIAN_POINT('',(-2.85,-0.5,-4.49));
#4427 = VECTOR('',#4428,1.);
#4428 = DIRECTION('',(0.,0.,1.));
#4429 = ORIENTED_EDGE('',*,*,#4430,.F.);
#4430 = EDGE_CURVE('',#4431,#4421,#4433,.T.);
#4431 = VERTEX_POINT('',#4432);
#4432 = CARTESIAN_POINT('',(-3.35,-0.5,-4.49));
#4433 = LINE('',#4434,#4435);
#4434 = CARTESIAN_POINT('',(-3.35,-0.5,-4.49));
#4435 = VECTOR('',#4436,1.);
#4436 = DIRECTION('',(1.,0.,0.));
#4437 = ORIENTED_EDGE('',*,*,#4438,.T.);
#4438 = EDGE_CURVE('',#4431,#4439,#4441,.T.);
#4439 = VERTEX_POINT('',#4440);
#4440 = CARTESIAN_POINT('',(-3.35,-0.5,-3.59));
#4441 = LINE('',#4442,#4443);
#4442 = CARTESIAN_POINT('',(-3.35,-0.5,-4.49));
#4443 = VECTOR('',#4444,1.);
#4444 = DIRECTION('',(0.,0.,1.));
#4445 = ORIENTED_EDGE('',*,*,#4446,.T.);
#4446 = EDGE_CURVE('',#4439,#4423,#4447,.T.);
#4447 = LINE('',#4448,#4449);
#4448 = CARTESIAN_POINT('',(-3.35,-0.5,-3.59));
#4449 = VECTOR('',#4450,1.);
#4450 = DIRECTION('',(1.,0.,0.));
#4451 = FACE_BOUND('',#4452,.T.);
#4452 = EDGE_LOOP('',(#4453,#4454));
#4453 = ORIENTED_EDGE('',*,*,#4403,.T.);
#4454 = ORIENTED_EDGE('',*,*,#674,.T.);
#4455 = PLANE('',#4456);
#4456 = AXIS2_PLACEMENT_3D('',#4457,#4458,#4459);
#4457 = CARTESIAN_POINT('',(-3.1,-0.5,-4.04));
#4458 = DIRECTION('',(0.,-1.,0.));
#4459 = DIRECTION('',(0.,-0.,-1.));
#4460 = ADVANCED_FACE('',(#4461),#4486,.T.);
#4461 = FACE_BOUND('',#4462,.T.);
#4462 = EDGE_LOOP('',(#4463,#4471,#4479,#4485));
#4463 = ORIENTED_EDGE('',*,*,#4464,.F.);
#4464 = EDGE_CURVE('',#4465,#4421,#4467,.T.);
#4465 = VERTEX_POINT('',#4466);
#4466 = CARTESIAN_POINT('',(-2.85,-2.5,-4.49));
#4467 = LINE('',#4468,#4469);
#4468 = CARTESIAN_POINT('',(-2.85,-2.5,-4.49));
#4469 = VECTOR('',#4470,1.);
#4470 = DIRECTION('',(0.,1.,0.));
#4471 = ORIENTED_EDGE('',*,*,#4472,.F.);
#4472 = EDGE_CURVE('',#4473,#4465,#4475,.T.);
#4473 = VERTEX_POINT('',#4474);
#4474 = CARTESIAN_POINT('',(-3.35,-2.5,-4.49));
#4475 = LINE('',#4476,#4477);
#4476 = CARTESIAN_POINT('',(-3.35,-2.5,-4.49));
#4477 = VECTOR('',#4478,1.);
#4478 = DIRECTION('',(1.,0.,0.));
#4479 = ORIENTED_EDGE('',*,*,#4480,.T.);
#4480 = EDGE_CURVE('',#4473,#4431,#4481,.T.);
#4481 = LINE('',#4482,#4483);
#4482 = CARTESIAN_POINT('',(-3.35,-2.5,-4.49));
#4483 = VECTOR('',#4484,1.);
#4484 = DIRECTION('',(0.,1.,0.));
#4485 = ORIENTED_EDGE('',*,*,#4430,.T.);
#4486 = PLANE('',#4487);
#4487 = AXIS2_PLACEMENT_3D('',#4488,#4489,#4490);
#4488 = CARTESIAN_POINT('',(-3.35,-2.5,-4.49));
#4489 = DIRECTION('',(0.,0.,-1.));
#4490 = DIRECTION('',(-1.,0.,-0.));
#4491 = ADVANCED_FACE('',(#4492),#4517,.T.);
#4492 = FACE_BOUND('',#4493,.T.);
#4493 = EDGE_LOOP('',(#4494,#4502,#4510,#4516));
#4494 = ORIENTED_EDGE('',*,*,#4495,.F.);
#4495 = EDGE_CURVE('',#4496,#4465,#4498,.T.);
#4496 = VERTEX_POINT('',#4497);
#4497 = CARTESIAN_POINT('',(-2.85,-3.5,-4.222050807569));
#4498 = LINE('',#4499,#4500);
#4499 = CARTESIAN_POINT('',(-2.85,-3.5,-4.222050807569));
#4500 = VECTOR('',#4501,1.);
#4501 = DIRECTION('',(0.,0.965925826289,-0.258819045103));
#4502 = ORIENTED_EDGE('',*,*,#4503,.F.);
#4503 = EDGE_CURVE('',#4504,#4496,#4506,.T.);
#4504 = VERTEX_POINT('',#4505);
#4505 = CARTESIAN_POINT('',(-3.35,-3.5,-4.222050807569));
#4506 = LINE('',#4507,#4508);
#4507 = CARTESIAN_POINT('',(-3.35,-3.5,-4.222050807569));
#4508 = VECTOR('',#4509,1.);
#4509 = DIRECTION('',(1.,0.,0.));
#4510 = ORIENTED_EDGE('',*,*,#4511,.T.);
#4511 = EDGE_CURVE('',#4504,#4473,#4512,.T.);
#4512 = LINE('',#4513,#4514);
#4513 = CARTESIAN_POINT('',(-3.35,-3.5,-4.222050807569));
#4514 = VECTOR('',#4515,1.);
#4515 = DIRECTION('',(0.,0.965925826289,-0.258819045103));
#4516 = ORIENTED_EDGE('',*,*,#4472,.T.);
#4517 = PLANE('',#4518);
#4518 = AXIS2_PLACEMENT_3D('',#4519,#4520,#4521);
#4519 = CARTESIAN_POINT('',(-3.35,-3.5,-4.222050807569));
#4520 = DIRECTION('',(0.,-0.258819045103,-0.965925826289));
#4521 = DIRECTION('',(0.,0.965925826289,-0.258819045103));
#4522 = ADVANCED_FACE('',(#4523),#4548,.T.);
#4523 = FACE_BOUND('',#4524,.T.);
#4524 = EDGE_LOOP('',(#4525,#4533,#4541,#4547));
#4525 = ORIENTED_EDGE('',*,*,#4526,.F.);
#4526 = EDGE_CURVE('',#4527,#4496,#4529,.T.);
#4527 = VERTEX_POINT('',#4528);
#4528 = CARTESIAN_POINT('',(-2.85,-3.5,-3.857949192431));
#4529 = LINE('',#4530,#4531);
#4530 = CARTESIAN_POINT('',(-2.85,-3.5,-3.857949192431));
#4531 = VECTOR('',#4532,1.);
#4532 = DIRECTION('',(0.,0.,-1.));
#4533 = ORIENTED_EDGE('',*,*,#4534,.F.);
#4534 = EDGE_CURVE('',#4535,#4527,#4537,.T.);
#4535 = VERTEX_POINT('',#4536);
#4536 = CARTESIAN_POINT('',(-3.35,-3.5,-3.857949192431));
#4537 = LINE('',#4538,#4539);
#4538 = CARTESIAN_POINT('',(-3.35,-3.5,-3.857949192431));
#4539 = VECTOR('',#4540,1.);
#4540 = DIRECTION('',(1.,0.,0.));
#4541 = ORIENTED_EDGE('',*,*,#4542,.T.);
#4542 = EDGE_CURVE('',#4535,#4504,#4543,.T.);
#4543 = LINE('',#4544,#4545);
#4544 = CARTESIAN_POINT('',(-3.35,-3.5,-3.857949192431));
#4545 = VECTOR('',#4546,1.);
#4546 = DIRECTION('',(0.,0.,-1.));
#4547 = ORIENTED_EDGE('',*,*,#4503,.T.);
#4548 = PLANE('',#4549);
#4549 = AXIS2_PLACEMENT_3D('',#4550,#4551,#4552);
#4550 = CARTESIAN_POINT('',(-3.35,-3.5,-3.857949192431));
#4551 = DIRECTION('',(0.,-1.,0.));
#4552 = DIRECTION('',(0.,-0.,-1.));
#4553 = ADVANCED_FACE('',(#4554),#4579,.T.);
#4554 = FACE_BOUND('',#4555,.T.);
#4555 = EDGE_LOOP('',(#4556,#4564,#4572,#4578));
#4556 = ORIENTED_EDGE('',*,*,#4557,.F.);
#4557 = EDGE_CURVE('',#4558,#4527,#4560,.T.);
#4558 = VERTEX_POINT('',#4559);
#4559 = CARTESIAN_POINT('',(-2.85,-2.5,-3.59));
#4560 = LINE('',#4561,#4562);
#4561 = CARTESIAN_POINT('',(-2.85,-2.5,-3.59));
#4562 = VECTOR('',#4563,1.);
#4563 = DIRECTION('',(0.,-0.965925826289,-0.258819045103));
#4564 = ORIENTED_EDGE('',*,*,#4565,.F.);
#4565 = EDGE_CURVE('',#4566,#4558,#4568,.T.);
#4566 = VERTEX_POINT('',#4567);
#4567 = CARTESIAN_POINT('',(-3.35,-2.5,-3.59));
#4568 = LINE('',#4569,#4570);
#4569 = CARTESIAN_POINT('',(-3.35,-2.5,-3.59));
#4570 = VECTOR('',#4571,1.);
#4571 = DIRECTION('',(1.,0.,0.));
#4572 = ORIENTED_EDGE('',*,*,#4573,.T.);
#4573 = EDGE_CURVE('',#4566,#4535,#4574,.T.);
#4574 = LINE('',#4575,#4576);
#4575 = CARTESIAN_POINT('',(-3.35,-2.5,-3.59));
#4576 = VECTOR('',#4577,1.);
#4577 = DIRECTION('',(0.,-0.965925826289,-0.258819045103));
#4578 = ORIENTED_EDGE('',*,*,#4534,.T.);
#4579 = PLANE('',#4580);
#4580 = AXIS2_PLACEMENT_3D('',#4581,#4582,#4583);
#4581 = CARTESIAN_POINT('',(-3.35,-2.5,-3.59));
#4582 = DIRECTION('',(0.,-0.258819045103,0.965925826289));
#4583 = DIRECTION('',(0.,-0.965925826289,-0.258819045103));
#4584 = ADVANCED_FACE('',(#4585),#4601,.T.);
#4585 = FACE_BOUND('',#4586,.T.);
#4586 = EDGE_LOOP('',(#4587,#4593,#4594,#4600));
#4587 = ORIENTED_EDGE('',*,*,#4588,.F.);
#4588 = EDGE_CURVE('',#4423,#4558,#4589,.T.);
#4589 = LINE('',#4590,#4591);
#4590 = CARTESIAN_POINT('',(-2.85,-0.5,-3.59));
#4591 = VECTOR('',#4592,1.);
#4592 = DIRECTION('',(0.,-1.,0.));
#4593 = ORIENTED_EDGE('',*,*,#4446,.F.);
#4594 = ORIENTED_EDGE('',*,*,#4595,.T.);
#4595 = EDGE_CURVE('',#4439,#4566,#4596,.T.);
#4596 = LINE('',#4597,#4598);
#4597 = CARTESIAN_POINT('',(-3.35,-0.5,-3.59));
#4598 = VECTOR('',#4599,1.);
#4599 = DIRECTION('',(0.,-1.,0.));
#4600 = ORIENTED_EDGE('',*,*,#4565,.T.);
#4601 = PLANE('',#4602);
#4602 = AXIS2_PLACEMENT_3D('',#4603,#4604,#4605);
#4603 = CARTESIAN_POINT('',(-3.35,-0.5,-3.59));
#4604 = DIRECTION('',(-0.,0.,1.));
#4605 = DIRECTION('',(1.,0.,0.));
#4606 = ADVANCED_FACE('',(#4607),#4615,.F.);
#4607 = FACE_BOUND('',#4608,.T.);
#4608 = EDGE_LOOP('',(#4609,#4610,#4611,#4612,#4613,#4614));
#4609 = ORIENTED_EDGE('',*,*,#4480,.F.);
#4610 = ORIENTED_EDGE('',*,*,#4511,.F.);
#4611 = ORIENTED_EDGE('',*,*,#4542,.F.);
#4612 = ORIENTED_EDGE('',*,*,#4573,.F.);
#4613 = ORIENTED_EDGE('',*,*,#4595,.F.);
#4614 = ORIENTED_EDGE('',*,*,#4438,.F.);
#4615 = PLANE('',#4616);
#4616 = AXIS2_PLACEMENT_3D('',#4617,#4618,#4619);
#4617 = CARTESIAN_POINT('',(-3.35,0.,0.));
#4618 = DIRECTION('',(1.,0.,0.));
#4619 = DIRECTION('',(0.,0.,-1.));
#4620 = ADVANCED_FACE('',(#4621),#4629,.T.);
#4621 = FACE_BOUND('',#4622,.T.);
#4622 = EDGE_LOOP('',(#4623,#4624,#4625,#4626,#4627,#4628));
#4623 = ORIENTED_EDGE('',*,*,#4464,.T.);
#4624 = ORIENTED_EDGE('',*,*,#4420,.T.);
#4625 = ORIENTED_EDGE('',*,*,#4588,.T.);
#4626 = ORIENTED_EDGE('',*,*,#4557,.T.);
#4627 = ORIENTED_EDGE('',*,*,#4526,.T.);
#4628 = ORIENTED_EDGE('',*,*,#4495,.T.);
#4629 = PLANE('',#4630);
#4630 = AXIS2_PLACEMENT_3D('',#4631,#4632,#4633);
#4631 = CARTESIAN_POINT('',(-2.85,0.,0.));
#4632 = DIRECTION('',(1.,0.,0.));
#4633 = DIRECTION('',(0.,0.,-1.));
#4634 = ADVANCED_FACE('',(#4635,#4645),#4655,.F.);
#4635 = FACE_BOUND('',#4636,.T.);
#4636 = EDGE_LOOP('',(#4637,#4644));
#4637 = ORIENTED_EDGE('',*,*,#4638,.F.);
#4638 = EDGE_CURVE('',#576,#568,#4639,.T.);
#4639 = CIRCLE('',#4640,1.05);
#4640 = AXIS2_PLACEMENT_3D('',#4641,#4642,#4643);
#4641 = CARTESIAN_POINT('',(-3.05,6.8,-6.58));
#4642 = DIRECTION('',(-0.,1.,-1.186547930283E-30));
#4643 = DIRECTION('',(0.,-1.186547930283E-30,-1.));
#4644 = ORIENTED_EDGE('',*,*,#575,.F.);
#4645 = FACE_BOUND('',#4646,.T.);
#4646 = EDGE_LOOP('',(#4647,#4654));
#4647 = ORIENTED_EDGE('',*,*,#4648,.T.);
#4648 = EDGE_CURVE('',#633,#652,#4649,.T.);
#4649 = CIRCLE('',#4650,1.1);
#4650 = AXIS2_PLACEMENT_3D('',#4651,#4652,#4653);
#4651 = CARTESIAN_POINT('',(-3.05,6.8,-6.58));
#4652 = DIRECTION('',(-0.,1.,-1.186547930283E-30));
#4653 = DIRECTION('',(0.,1.186547930283E-30,1.));
#4654 = ORIENTED_EDGE('',*,*,#659,.T.);
#4655 = PLANE('',#4656);
#4656 = AXIS2_PLACEMENT_3D('',#4657,#4658,#4659);
#4657 = CARTESIAN_POINT('',(-3.05,6.8,-6.58));
#4658 = DIRECTION('',(0.,-1.,1.186547930283E-30));
#4659 = DIRECTION('',(0.,-1.186547930283E-30,-1.));
#4660 = ADVANCED_FACE('',(#4661),#4667,.F.);
#4661 = FACE_BOUND('',#4662,.F.);
#4662 = EDGE_LOOP('',(#4663,#4664,#4665,#4666));
#4663 = ORIENTED_EDGE('',*,*,#1825,.F.);
#4664 = ORIENTED_EDGE('',*,*,#632,.F.);
#4665 = ORIENTED_EDGE('',*,*,#4648,.T.);
#4666 = ORIENTED_EDGE('',*,*,#651,.T.);
#4667 = CYLINDRICAL_SURFACE('',#4668,1.1);
#4668 = AXIS2_PLACEMENT_3D('',#4669,#4670,#4671);
#4669 = CARTESIAN_POINT('',(-3.05,8.5,-6.58));
#4670 = DIRECTION('',(-0.,1.,-1.186547930283E-30));
#4671 = DIRECTION('',(0.,1.186547930283E-30,1.));
#4672 = ADVANCED_FACE('',(#4673),#4709,.T.);
#4673 = FACE_BOUND('',#4674,.T.);
#4674 = EDGE_LOOP('',(#4675,#4676,#4685,#4691,#4692,#4700,#4707,#4708));
#4675 = ORIENTED_EDGE('',*,*,#567,.F.);
#4676 = ORIENTED_EDGE('',*,*,#4677,.F.);
#4677 = EDGE_CURVE('',#4678,#557,#4680,.T.);
#4678 = VERTEX_POINT('',#4679);
#4679 = CARTESIAN_POINT('',(-3.947886950389,8.1,-7.124333559796));
#4680 = CIRCLE('',#4681,1.05);
#4681 = AXIS2_PLACEMENT_3D('',#4682,#4683,#4684);
#4682 = CARTESIAN_POINT('',(-3.05,8.1,-6.58));
#4683 = DIRECTION('',(0.,1.,-1.186547930283E-30));
#4684 = DIRECTION('',(0.,1.186547930283E-30,1.));
#4685 = ORIENTED_EDGE('',*,*,#4686,.F.);
#4686 = EDGE_CURVE('',#1446,#4678,#4687,.T.);
#4687 = LINE('',#4688,#4689);
#4688 = CARTESIAN_POINT('',(-3.947886950389,7.55,-7.124333559796));
#4689 = VECTOR('',#4690,1.);
#4690 = DIRECTION('',(-0.,1.,-1.186547930283E-30));
#4691 = ORIENTED_EDGE('',*,*,#1445,.F.);
#4692 = ORIENTED_EDGE('',*,*,#4693,.F.);
#4693 = EDGE_CURVE('',#4694,#1438,#4696,.T.);
#4694 = VERTEX_POINT('',#4695);
#4695 = CARTESIAN_POINT('',(-3.594333559796,8.1,-7.477886950389));
#4696 = LINE('',#4697,#4698);
#4697 = CARTESIAN_POINT('',(-3.594333559796,8.1,-7.477886950389));
#4698 = VECTOR('',#4699,1.);
#4699 = DIRECTION('',(-0.,-1.,1.186547930283E-30));
#4700 = ORIENTED_EDGE('',*,*,#4701,.F.);
#4701 = EDGE_CURVE('',#585,#4694,#4702,.T.);
#4702 = CIRCLE('',#4703,1.05);
#4703 = AXIS2_PLACEMENT_3D('',#4704,#4705,#4706);
#4704 = CARTESIAN_POINT('',(-3.05,8.1,-6.58));
#4705 = DIRECTION('',(-0.,1.,-1.186547930283E-30));
#4706 = DIRECTION('',(0.,-1.186547930283E-30,-1.));
#4707 = ORIENTED_EDGE('',*,*,#584,.T.);
#4708 = ORIENTED_EDGE('',*,*,#4638,.T.);
#4709 = CYLINDRICAL_SURFACE('',#4710,1.05);
#4710 = AXIS2_PLACEMENT_3D('',#4711,#4712,#4713);
#4711 = CARTESIAN_POINT('',(-3.05,8.1,-6.58));
#4712 = DIRECTION('',(-0.,-1.,1.186547930283E-30));
#4713 = DIRECTION('',(-0.,-1.186547930283E-30,-1.));
#4714 = ADVANCED_FACE('',(#4715),#4725,.T.);
#4715 = FACE_BOUND('',#4716,.T.);
#4716 = EDGE_LOOP('',(#4717,#4723,#4724));
#4717 = ORIENTED_EDGE('',*,*,#4718,.F.);
#4718 = EDGE_CURVE('',#4678,#559,#4719,.T.);
#4719 = LINE('',#4720,#4721);
#4720 = CARTESIAN_POINT('',(-3.947886950389,8.1,-7.124333559796));
#4721 = VECTOR('',#4722,1.);
#4722 = DIRECTION('',(0.707106781187,0.,0.707106781187));
#4723 = ORIENTED_EDGE('',*,*,#4677,.T.);
#4724 = ORIENTED_EDGE('',*,*,#556,.T.);
#4725 = PLANE('',#4726);
#4726 = AXIS2_PLACEMENT_3D('',#4727,#4728,#4729);
#4727 = CARTESIAN_POINT('',(-3.05,8.1,-6.58));
#4728 = DIRECTION('',(0.,1.,-1.186547930283E-30));
#4729 = DIRECTION('',(0.,1.186547930283E-30,1.));
#4730 = ADVANCED_FACE('',(#4731),#4737,.F.);
#4731 = FACE_BOUND('',#4732,.T.);
#4732 = EDGE_LOOP('',(#4733,#4734,#4735,#4736));
#4733 = ORIENTED_EDGE('',*,*,#4718,.T.);
#4734 = ORIENTED_EDGE('',*,*,#618,.F.);
#4735 = ORIENTED_EDGE('',*,*,#1454,.F.);
#4736 = ORIENTED_EDGE('',*,*,#4686,.T.);
#4737 = PLANE('',#4738);
#4738 = AXIS2_PLACEMENT_3D('',#4739,#4740,#4741);
#4739 = CARTESIAN_POINT('',(-3.947886950389,7.55,-7.124333559796));
#4740 = DIRECTION('',(-0.707106781187,8.390160877059E-31,0.707106781187)
  );
#4741 = DIRECTION('',(0.707106781187,1.751623080406E-46,0.707106781187)
  );
#4742 = ADVANCED_FACE('',(#4743),#4754,.F.);
#4743 = FACE_BOUND('',#4744,.T.);
#4744 = EDGE_LOOP('',(#4745,#4746,#4747,#4753));
#4745 = ORIENTED_EDGE('',*,*,#1437,.T.);
#4746 = ORIENTED_EDGE('',*,*,#601,.F.);
#4747 = ORIENTED_EDGE('',*,*,#4748,.F.);
#4748 = EDGE_CURVE('',#4694,#593,#4749,.T.);
#4749 = LINE('',#4750,#4751);
#4750 = CARTESIAN_POINT('',(-2.152113049611,8.1,-6.035666440204));
#4751 = VECTOR('',#4752,1.);
#4752 = DIRECTION('',(0.707106781187,-0.,0.707106781187));
#4753 = ORIENTED_EDGE('',*,*,#4693,.T.);
#4754 = PLANE('',#4755);
#4755 = AXIS2_PLACEMENT_3D('',#4756,#4757,#4758);
#4756 = CARTESIAN_POINT('',(-2.152113049611,8.1,-6.035666440204));
#4757 = DIRECTION('',(0.707106781187,-8.390160877059E-31,-0.707106781187
    ));
#4758 = DIRECTION('',(-0.707106781187,0.,-0.707106781187));
#4759 = ADVANCED_FACE('',(#4760),#4765,.F.);
#4760 = FACE_BOUND('',#4761,.T.);
#4761 = EDGE_LOOP('',(#4762,#4763,#4764));
#4762 = ORIENTED_EDGE('',*,*,#592,.T.);
#4763 = ORIENTED_EDGE('',*,*,#4701,.T.);
#4764 = ORIENTED_EDGE('',*,*,#4748,.T.);
#4765 = PLANE('',#4766);
#4766 = AXIS2_PLACEMENT_3D('',#4767,#4768,#4769);
#4767 = CARTESIAN_POINT('',(-3.05,8.1,-6.58));
#4768 = DIRECTION('',(0.,-1.,1.186547930283E-30));
#4769 = DIRECTION('',(0.,-1.186547930283E-30,-1.));
#4770 = ADVANCED_FACE('',(#4771,#4781),#4791,.F.);
#4771 = FACE_BOUND('',#4772,.T.);
#4772 = EDGE_LOOP('',(#4773,#4780));
#4773 = ORIENTED_EDGE('',*,*,#4774,.F.);
#4774 = EDGE_CURVE('',#458,#450,#4775,.T.);
#4775 = CIRCLE('',#4776,1.05);
#4776 = AXIS2_PLACEMENT_3D('',#4777,#4778,#4779);
#4777 = CARTESIAN_POINT('',(-3.05,6.8,-9.12));
#4778 = DIRECTION('',(-0.,1.,-1.186547930283E-30));
#4779 = DIRECTION('',(0.,-1.186547930283E-30,-1.));
#4780 = ORIENTED_EDGE('',*,*,#457,.F.);
#4781 = FACE_BOUND('',#4782,.T.);
#4782 = EDGE_LOOP('',(#4783,#4790));
#4783 = ORIENTED_EDGE('',*,*,#4784,.T.);
#4784 = EDGE_CURVE('',#515,#534,#4785,.T.);
#4785 = CIRCLE('',#4786,1.1);
#4786 = AXIS2_PLACEMENT_3D('',#4787,#4788,#4789);
#4787 = CARTESIAN_POINT('',(-3.05,6.8,-9.12));
#4788 = DIRECTION('',(-0.,1.,-1.186547930283E-30));
#4789 = DIRECTION('',(0.,1.186547930283E-30,1.));
#4790 = ORIENTED_EDGE('',*,*,#541,.T.);
#4791 = PLANE('',#4792);
#4792 = AXIS2_PLACEMENT_3D('',#4793,#4794,#4795);
#4793 = CARTESIAN_POINT('',(-3.05,6.8,-9.12));
#4794 = DIRECTION('',(0.,-1.,1.186547930283E-30));
#4795 = DIRECTION('',(0.,-1.186547930283E-30,-1.));
#4796 = ADVANCED_FACE('',(#4797),#4803,.F.);
#4797 = FACE_BOUND('',#4798,.F.);
#4798 = EDGE_LOOP('',(#4799,#4800,#4801,#4802));
#4799 = ORIENTED_EDGE('',*,*,#1815,.F.);
#4800 = ORIENTED_EDGE('',*,*,#514,.F.);
#4801 = ORIENTED_EDGE('',*,*,#4784,.T.);
#4802 = ORIENTED_EDGE('',*,*,#533,.T.);
#4803 = CYLINDRICAL_SURFACE('',#4804,1.1);
#4804 = AXIS2_PLACEMENT_3D('',#4805,#4806,#4807);
#4805 = CARTESIAN_POINT('',(-3.05,8.5,-9.12));
#4806 = DIRECTION('',(-0.,1.,-1.186547930283E-30));
#4807 = DIRECTION('',(0.,1.186547930283E-30,1.));
#4808 = ADVANCED_FACE('',(#4809),#4845,.T.);
#4809 = FACE_BOUND('',#4810,.T.);
#4810 = EDGE_LOOP('',(#4811,#4812,#4821,#4827,#4828,#4836,#4843,#4844));
#4811 = ORIENTED_EDGE('',*,*,#449,.F.);
#4812 = ORIENTED_EDGE('',*,*,#4813,.F.);
#4813 = EDGE_CURVE('',#4814,#439,#4816,.T.);
#4814 = VERTEX_POINT('',#4815);
#4815 = CARTESIAN_POINT('',(-3.947886950389,8.1,-9.664333559796));
#4816 = CIRCLE('',#4817,1.05);
#4817 = AXIS2_PLACEMENT_3D('',#4818,#4819,#4820);
#4818 = CARTESIAN_POINT('',(-3.05,8.1,-9.12));
#4819 = DIRECTION('',(-0.,1.,-1.186547930283E-30));
#4820 = DIRECTION('',(0.,-1.186547930283E-30,-1.));
#4821 = ORIENTED_EDGE('',*,*,#4822,.T.);
#4822 = EDGE_CURVE('',#4814,#1407,#4823,.T.);
#4823 = LINE('',#4824,#4825);
#4824 = CARTESIAN_POINT('',(-3.947886950389,8.1,-9.664333559796));
#4825 = VECTOR('',#4826,1.);
#4826 = DIRECTION('',(-0.,-1.,1.186547930283E-30));
#4827 = ORIENTED_EDGE('',*,*,#1404,.F.);
#4828 = ORIENTED_EDGE('',*,*,#4829,.T.);
#4829 = EDGE_CURVE('',#1405,#4830,#4832,.T.);
#4830 = VERTEX_POINT('',#4831);
#4831 = CARTESIAN_POINT('',(-3.594333559796,8.1,-10.01788695038));
#4832 = LINE('',#4833,#4834);
#4833 = CARTESIAN_POINT('',(-3.594333559796,7.55,-10.01788695038));
#4834 = VECTOR('',#4835,1.);
#4835 = DIRECTION('',(-0.,1.,-1.186547930283E-30));
#4836 = ORIENTED_EDGE('',*,*,#4837,.F.);
#4837 = EDGE_CURVE('',#467,#4830,#4838,.T.);
#4838 = CIRCLE('',#4839,1.05);
#4839 = AXIS2_PLACEMENT_3D('',#4840,#4841,#4842);
#4840 = CARTESIAN_POINT('',(-3.05,8.1,-9.12));
#4841 = DIRECTION('',(0.,1.,-1.186547930283E-30));
#4842 = DIRECTION('',(0.,1.186547930283E-30,1.));
#4843 = ORIENTED_EDGE('',*,*,#466,.T.);
#4844 = ORIENTED_EDGE('',*,*,#4774,.T.);
#4845 = CYLINDRICAL_SURFACE('',#4846,1.05);
#4846 = AXIS2_PLACEMENT_3D('',#4847,#4848,#4849);
#4847 = CARTESIAN_POINT('',(-3.05,8.1,-9.12));
#4848 = DIRECTION('',(-0.,-1.,1.186547930283E-30));
#4849 = DIRECTION('',(-0.,-1.186547930283E-30,-1.));
#4850 = ADVANCED_FACE('',(#4851),#4861,.T.);
#4851 = FACE_BOUND('',#4852,.T.);
#4852 = EDGE_LOOP('',(#4853,#4859,#4860));
#4853 = ORIENTED_EDGE('',*,*,#4854,.F.);
#4854 = EDGE_CURVE('',#475,#4830,#4855,.T.);
#4855 = LINE('',#4856,#4857);
#4856 = CARTESIAN_POINT('',(-2.152113049611,8.1,-8.575666440204));
#4857 = VECTOR('',#4858,1.);
#4858 = DIRECTION('',(-0.707106781187,0.,-0.707106781187));
#4859 = ORIENTED_EDGE('',*,*,#474,.T.);
#4860 = ORIENTED_EDGE('',*,*,#4837,.T.);
#4861 = PLANE('',#4862);
#4862 = AXIS2_PLACEMENT_3D('',#4863,#4864,#4865);
#4863 = CARTESIAN_POINT('',(-3.05,8.1,-9.12));
#4864 = DIRECTION('',(0.,1.,-1.186547930283E-30));
#4865 = DIRECTION('',(0.,1.186547930283E-30,1.));
#4866 = ADVANCED_FACE('',(#4867),#4873,.F.);
#4867 = FACE_BOUND('',#4868,.T.);
#4868 = EDGE_LOOP('',(#4869,#4870,#4871,#4872));
#4869 = ORIENTED_EDGE('',*,*,#4854,.T.);
#4870 = ORIENTED_EDGE('',*,*,#4829,.F.);
#4871 = ORIENTED_EDGE('',*,*,#1422,.F.);
#4872 = ORIENTED_EDGE('',*,*,#483,.T.);
#4873 = PLANE('',#4874);
#4874 = AXIS2_PLACEMENT_3D('',#4875,#4876,#4877);
#4875 = CARTESIAN_POINT('',(-2.152113049611,7.55,-8.575666440204));
#4876 = DIRECTION('',(0.707106781187,-8.390160877059E-31,-0.707106781187
    ));
#4877 = DIRECTION('',(-0.707106781187,1.751623080406E-46,-0.707106781187
    ));
#4878 = ADVANCED_FACE('',(#4879),#4890,.F.);
#4879 = FACE_BOUND('',#4880,.T.);
#4880 = EDGE_LOOP('',(#4881,#4882,#4883,#4889));
#4881 = ORIENTED_EDGE('',*,*,#1415,.T.);
#4882 = ORIENTED_EDGE('',*,*,#4822,.F.);
#4883 = ORIENTED_EDGE('',*,*,#4884,.F.);
#4884 = EDGE_CURVE('',#441,#4814,#4885,.T.);
#4885 = LINE('',#4886,#4887);
#4886 = CARTESIAN_POINT('',(-3.947886950389,8.1,-9.664333559796));
#4887 = VECTOR('',#4888,1.);
#4888 = DIRECTION('',(-0.707106781187,-0.,-0.707106781187));
#4889 = ORIENTED_EDGE('',*,*,#500,.T.);
#4890 = PLANE('',#4891);
#4891 = AXIS2_PLACEMENT_3D('',#4892,#4893,#4894);
#4892 = CARTESIAN_POINT('',(-3.947886950389,8.1,-9.664333559796));
#4893 = DIRECTION('',(-0.707106781187,8.390160877059E-31,0.707106781187)
  );
#4894 = DIRECTION('',(0.707106781187,0.,0.707106781187));
#4895 = ADVANCED_FACE('',(#4896),#4901,.F.);
#4896 = FACE_BOUND('',#4897,.T.);
#4897 = EDGE_LOOP('',(#4898,#4899,#4900));
#4898 = ORIENTED_EDGE('',*,*,#4813,.T.);
#4899 = ORIENTED_EDGE('',*,*,#438,.T.);
#4900 = ORIENTED_EDGE('',*,*,#4884,.T.);
#4901 = PLANE('',#4902);
#4902 = AXIS2_PLACEMENT_3D('',#4903,#4904,#4905);
#4903 = CARTESIAN_POINT('',(-3.05,8.1,-9.12));
#4904 = DIRECTION('',(0.,-1.,1.186547930283E-30));
#4905 = DIRECTION('',(0.,-1.186547930283E-30,-1.));
#4906 = ADVANCED_FACE('',(#4907,#4917),#4927,.F.);
#4907 = FACE_BOUND('',#4908,.T.);
#4908 = EDGE_LOOP('',(#4909,#4916));
#4909 = ORIENTED_EDGE('',*,*,#4910,.F.);
#4910 = EDGE_CURVE('',#340,#332,#4911,.T.);
#4911 = CIRCLE('',#4912,1.05);
#4912 = AXIS2_PLACEMENT_3D('',#4913,#4914,#4915);
#4913 = CARTESIAN_POINT('',(-3.05,6.8,-4.04));
#4914 = DIRECTION('',(-0.,1.,-1.186547930283E-30));
#4915 = DIRECTION('',(0.,-1.186547930283E-30,-1.));
#4916 = ORIENTED_EDGE('',*,*,#339,.F.);
#4917 = FACE_BOUND('',#4918,.T.);
#4918 = EDGE_LOOP('',(#4919,#4926));
#4919 = ORIENTED_EDGE('',*,*,#4920,.T.);
#4920 = EDGE_CURVE('',#397,#416,#4921,.T.);
#4921 = CIRCLE('',#4922,1.1);
#4922 = AXIS2_PLACEMENT_3D('',#4923,#4924,#4925);
#4923 = CARTESIAN_POINT('',(-3.05,6.8,-4.04));
#4924 = DIRECTION('',(-0.,1.,-1.186547930283E-30));
#4925 = DIRECTION('',(0.,1.186547930283E-30,1.));
#4926 = ORIENTED_EDGE('',*,*,#423,.T.);
#4927 = PLANE('',#4928);
#4928 = AXIS2_PLACEMENT_3D('',#4929,#4930,#4931);
#4929 = CARTESIAN_POINT('',(-3.05,6.8,-4.04));
#4930 = DIRECTION('',(0.,-1.,1.186547930283E-30));
#4931 = DIRECTION('',(0.,-1.186547930283E-30,-1.));
#4932 = ADVANCED_FACE('',(#4933),#4939,.F.);
#4933 = FACE_BOUND('',#4934,.F.);
#4934 = EDGE_LOOP('',(#4935,#4936,#4937,#4938));
#4935 = ORIENTED_EDGE('',*,*,#1805,.F.);
#4936 = ORIENTED_EDGE('',*,*,#396,.F.);
#4937 = ORIENTED_EDGE('',*,*,#4920,.T.);
#4938 = ORIENTED_EDGE('',*,*,#415,.T.);
#4939 = CYLINDRICAL_SURFACE('',#4940,1.1);
#4940 = AXIS2_PLACEMENT_3D('',#4941,#4942,#4943);
#4941 = CARTESIAN_POINT('',(-3.05,8.5,-4.04));
#4942 = DIRECTION('',(-0.,1.,-1.186547930283E-30));
#4943 = DIRECTION('',(0.,1.186547930283E-30,1.));
#4944 = ADVANCED_FACE('',(#4945),#4981,.T.);
#4945 = FACE_BOUND('',#4946,.T.);
#4946 = EDGE_LOOP('',(#4947,#4948,#4957,#4963,#4964,#4972,#4979,#4980));
#4947 = ORIENTED_EDGE('',*,*,#331,.F.);
#4948 = ORIENTED_EDGE('',*,*,#4949,.F.);
#4949 = EDGE_CURVE('',#4950,#321,#4952,.T.);
#4950 = VERTEX_POINT('',#4951);
#4951 = CARTESIAN_POINT('',(-3.947886950389,8.1,-4.584333559796));
#4952 = CIRCLE('',#4953,1.05);
#4953 = AXIS2_PLACEMENT_3D('',#4954,#4955,#4956);
#4954 = CARTESIAN_POINT('',(-3.05,8.1,-4.04));
#4955 = DIRECTION('',(0.,1.,-1.186547930283E-30));
#4956 = DIRECTION('',(0.,1.186547930283E-30,1.));
#4957 = ORIENTED_EDGE('',*,*,#4958,.F.);
#4958 = EDGE_CURVE('',#1382,#4950,#4959,.T.);
#4959 = LINE('',#4960,#4961);
#4960 = CARTESIAN_POINT('',(-3.947886950389,7.55,-4.584333559796));
#4961 = VECTOR('',#4962,1.);
#4962 = DIRECTION('',(-0.,1.,-1.186547930283E-30));
#4963 = ORIENTED_EDGE('',*,*,#1381,.F.);
#4964 = ORIENTED_EDGE('',*,*,#4965,.F.);
#4965 = EDGE_CURVE('',#4966,#1374,#4968,.T.);
#4966 = VERTEX_POINT('',#4967);
#4967 = CARTESIAN_POINT('',(-3.594333559796,8.1,-4.937886950389));
#4968 = LINE('',#4969,#4970);
#4969 = CARTESIAN_POINT('',(-3.594333559796,8.1,-4.937886950389));
#4970 = VECTOR('',#4971,1.);
#4971 = DIRECTION('',(-0.,-1.,1.186547930283E-30));
#4972 = ORIENTED_EDGE('',*,*,#4973,.F.);
#4973 = EDGE_CURVE('',#349,#4966,#4974,.T.);
#4974 = CIRCLE('',#4975,1.05);
#4975 = AXIS2_PLACEMENT_3D('',#4976,#4977,#4978);
#4976 = CARTESIAN_POINT('',(-3.05,8.1,-4.04));
#4977 = DIRECTION('',(-0.,1.,-1.186547930283E-30));
#4978 = DIRECTION('',(0.,-1.186547930283E-30,-1.));
#4979 = ORIENTED_EDGE('',*,*,#348,.T.);
#4980 = ORIENTED_EDGE('',*,*,#4910,.T.);
#4981 = CYLINDRICAL_SURFACE('',#4982,1.05);
#4982 = AXIS2_PLACEMENT_3D('',#4983,#4984,#4985);
#4983 = CARTESIAN_POINT('',(-3.05,8.1,-4.04));
#4984 = DIRECTION('',(-0.,-1.,1.186547930283E-30));
#4985 = DIRECTION('',(-0.,-1.186547930283E-30,-1.));
#4986 = ADVANCED_FACE('',(#4987),#4997,.T.);
#4987 = FACE_BOUND('',#4988,.T.);
#4988 = EDGE_LOOP('',(#4989,#4995,#4996));
#4989 = ORIENTED_EDGE('',*,*,#4990,.F.);
#4990 = EDGE_CURVE('',#4950,#323,#4991,.T.);
#4991 = LINE('',#4992,#4993);
#4992 = CARTESIAN_POINT('',(-3.947886950389,8.1,-4.584333559796));
#4993 = VECTOR('',#4994,1.);
#4994 = DIRECTION('',(0.707106781187,0.,0.707106781187));
#4995 = ORIENTED_EDGE('',*,*,#4949,.T.);
#4996 = ORIENTED_EDGE('',*,*,#320,.T.);
#4997 = PLANE('',#4998);
#4998 = AXIS2_PLACEMENT_3D('',#4999,#5000,#5001);
#4999 = CARTESIAN_POINT('',(-3.05,8.1,-4.04));
#5000 = DIRECTION('',(0.,1.,-1.186547930283E-30));
#5001 = DIRECTION('',(0.,1.186547930283E-30,1.));
#5002 = ADVANCED_FACE('',(#5003),#5009,.F.);
#5003 = FACE_BOUND('',#5004,.T.);
#5004 = EDGE_LOOP('',(#5005,#5006,#5007,#5008));
#5005 = ORIENTED_EDGE('',*,*,#4990,.T.);
#5006 = ORIENTED_EDGE('',*,*,#382,.F.);
#5007 = ORIENTED_EDGE('',*,*,#1390,.F.);
#5008 = ORIENTED_EDGE('',*,*,#4958,.T.);
#5009 = PLANE('',#5010);
#5010 = AXIS2_PLACEMENT_3D('',#5011,#5012,#5013);
#5011 = CARTESIAN_POINT('',(-3.947886950389,7.55,-4.584333559796));
#5012 = DIRECTION('',(-0.707106781187,8.390160877059E-31,0.707106781187)
  );
#5013 = DIRECTION('',(0.707106781187,0.,0.707106781187));
#5014 = ADVANCED_FACE('',(#5015),#5026,.F.);
#5015 = FACE_BOUND('',#5016,.T.);
#5016 = EDGE_LOOP('',(#5017,#5018,#5019,#5025));
#5017 = ORIENTED_EDGE('',*,*,#1373,.T.);
#5018 = ORIENTED_EDGE('',*,*,#365,.F.);
#5019 = ORIENTED_EDGE('',*,*,#5020,.F.);
#5020 = EDGE_CURVE('',#4966,#357,#5021,.T.);
#5021 = LINE('',#5022,#5023);
#5022 = CARTESIAN_POINT('',(-2.152113049611,8.1,-3.495666440204));
#5023 = VECTOR('',#5024,1.);
#5024 = DIRECTION('',(0.707106781187,-0.,0.707106781187));
#5025 = ORIENTED_EDGE('',*,*,#4965,.T.);
#5026 = PLANE('',#5027);
#5027 = AXIS2_PLACEMENT_3D('',#5028,#5029,#5030);
#5028 = CARTESIAN_POINT('',(-2.152113049611,8.1,-3.495666440204));
#5029 = DIRECTION('',(0.707106781187,-8.390160877059E-31,-0.707106781187
    ));
#5030 = DIRECTION('',(-0.707106781187,0.,-0.707106781187));
#5031 = ADVANCED_FACE('',(#5032),#5037,.F.);
#5032 = FACE_BOUND('',#5033,.T.);
#5033 = EDGE_LOOP('',(#5034,#5035,#5036));
#5034 = ORIENTED_EDGE('',*,*,#356,.T.);
#5035 = ORIENTED_EDGE('',*,*,#4973,.T.);
#5036 = ORIENTED_EDGE('',*,*,#5020,.T.);
#5037 = PLANE('',#5038);
#5038 = AXIS2_PLACEMENT_3D('',#5039,#5040,#5041);
#5039 = CARTESIAN_POINT('',(-3.05,8.1,-4.04));
#5040 = DIRECTION('',(0.,-1.,1.186547930283E-30));
#5041 = DIRECTION('',(0.,-1.186547930283E-30,-1.));
#5042 = ADVANCED_FACE('',(#5043,#5053),#5063,.F.);
#5043 = FACE_BOUND('',#5044,.T.);
#5044 = EDGE_LOOP('',(#5045,#5052));
#5045 = ORIENTED_EDGE('',*,*,#5046,.F.);
#5046 = EDGE_CURVE('',#222,#214,#5047,.T.);
#5047 = CIRCLE('',#5048,1.05);
#5048 = AXIS2_PLACEMENT_3D('',#5049,#5050,#5051);
#5049 = CARTESIAN_POINT('',(-3.05,6.8,-1.5));
#5050 = DIRECTION('',(-0.,1.,-1.186547930283E-30));
#5051 = DIRECTION('',(0.,-1.186547930283E-30,-1.));
#5052 = ORIENTED_EDGE('',*,*,#221,.F.);
#5053 = FACE_BOUND('',#5054,.T.);
#5054 = EDGE_LOOP('',(#5055,#5062));
#5055 = ORIENTED_EDGE('',*,*,#5056,.T.);
#5056 = EDGE_CURVE('',#279,#298,#5057,.T.);
#5057 = CIRCLE('',#5058,1.1);
#5058 = AXIS2_PLACEMENT_3D('',#5059,#5060,#5061);
#5059 = CARTESIAN_POINT('',(-3.05,6.8,-1.5));
#5060 = DIRECTION('',(-0.,1.,-1.186547930283E-30));
#5061 = DIRECTION('',(0.,1.186547930283E-30,1.));
#5062 = ORIENTED_EDGE('',*,*,#305,.T.);
#5063 = PLANE('',#5064);
#5064 = AXIS2_PLACEMENT_3D('',#5065,#5066,#5067);
#5065 = CARTESIAN_POINT('',(-3.05,6.8,-1.5));
#5066 = DIRECTION('',(0.,-1.,1.186547930283E-30));
#5067 = DIRECTION('',(0.,-1.186547930283E-30,-1.));
#5068 = ADVANCED_FACE('',(#5069),#5075,.F.);
#5069 = FACE_BOUND('',#5070,.F.);
#5070 = EDGE_LOOP('',(#5071,#5072,#5073,#5074));
#5071 = ORIENTED_EDGE('',*,*,#1795,.F.);
#5072 = ORIENTED_EDGE('',*,*,#278,.F.);
#5073 = ORIENTED_EDGE('',*,*,#5056,.T.);
#5074 = ORIENTED_EDGE('',*,*,#297,.T.);
#5075 = CYLINDRICAL_SURFACE('',#5076,1.1);
#5076 = AXIS2_PLACEMENT_3D('',#5077,#5078,#5079);
#5077 = CARTESIAN_POINT('',(-3.05,8.5,-1.5));
#5078 = DIRECTION('',(-0.,1.,-1.186547930283E-30));
#5079 = DIRECTION('',(0.,1.186547930283E-30,1.));
#5080 = ADVANCED_FACE('',(#5081),#5117,.T.);
#5081 = FACE_BOUND('',#5082,.T.);
#5082 = EDGE_LOOP('',(#5083,#5084,#5093,#5099,#5100,#5108,#5115,#5116));
#5083 = ORIENTED_EDGE('',*,*,#213,.F.);
#5084 = ORIENTED_EDGE('',*,*,#5085,.F.);
#5085 = EDGE_CURVE('',#5086,#203,#5088,.T.);
#5086 = VERTEX_POINT('',#5087);
#5087 = CARTESIAN_POINT('',(-3.947886950389,8.1,-2.044333559796));
#5088 = CIRCLE('',#5089,1.05);
#5089 = AXIS2_PLACEMENT_3D('',#5090,#5091,#5092);
#5090 = CARTESIAN_POINT('',(-3.05,8.1,-1.5));
#5091 = DIRECTION('',(0.,1.,-1.186547930283E-30));
#5092 = DIRECTION('',(0.,1.186547930283E-30,1.));
#5093 = ORIENTED_EDGE('',*,*,#5094,.F.);
#5094 = EDGE_CURVE('',#1350,#5086,#5095,.T.);
#5095 = LINE('',#5096,#5097);
#5096 = CARTESIAN_POINT('',(-3.947886950389,7.55,-2.044333559796));
#5097 = VECTOR('',#5098,1.);
#5098 = DIRECTION('',(-0.,1.,-1.186547930283E-30));
#5099 = ORIENTED_EDGE('',*,*,#1349,.F.);
#5100 = ORIENTED_EDGE('',*,*,#5101,.F.);
#5101 = EDGE_CURVE('',#5102,#1342,#5104,.T.);
#5102 = VERTEX_POINT('',#5103);
#5103 = CARTESIAN_POINT('',(-3.594333559796,8.1,-2.397886950389));
#5104 = LINE('',#5105,#5106);
#5105 = CARTESIAN_POINT('',(-3.594333559796,8.1,-2.397886950389));
#5106 = VECTOR('',#5107,1.);
#5107 = DIRECTION('',(-0.,-1.,1.186547930283E-30));
#5108 = ORIENTED_EDGE('',*,*,#5109,.F.);
#5109 = EDGE_CURVE('',#231,#5102,#5110,.T.);
#5110 = CIRCLE('',#5111,1.05);
#5111 = AXIS2_PLACEMENT_3D('',#5112,#5113,#5114);
#5112 = CARTESIAN_POINT('',(-3.05,8.1,-1.5));
#5113 = DIRECTION('',(-0.,1.,-1.186547930283E-30));
#5114 = DIRECTION('',(0.,-1.186547930283E-30,-1.));
#5115 = ORIENTED_EDGE('',*,*,#230,.T.);
#5116 = ORIENTED_EDGE('',*,*,#5046,.T.);
#5117 = CYLINDRICAL_SURFACE('',#5118,1.05);
#5118 = AXIS2_PLACEMENT_3D('',#5119,#5120,#5121);
#5119 = CARTESIAN_POINT('',(-3.05,8.1,-1.5));
#5120 = DIRECTION('',(-0.,-1.,1.186547930283E-30));
#5121 = DIRECTION('',(-0.,-1.186547930283E-30,-1.));
#5122 = ADVANCED_FACE('',(#5123),#5133,.T.);
#5123 = FACE_BOUND('',#5124,.T.);
#5124 = EDGE_LOOP('',(#5125,#5131,#5132));
#5125 = ORIENTED_EDGE('',*,*,#5126,.F.);
#5126 = EDGE_CURVE('',#5086,#205,#5127,.T.);
#5127 = LINE('',#5128,#5129);
#5128 = CARTESIAN_POINT('',(-3.947886950389,8.1,-2.044333559796));
#5129 = VECTOR('',#5130,1.);
#5130 = DIRECTION('',(0.707106781187,0.,0.707106781187));
#5131 = ORIENTED_EDGE('',*,*,#5085,.T.);
#5132 = ORIENTED_EDGE('',*,*,#202,.T.);
#5133 = PLANE('',#5134);
#5134 = AXIS2_PLACEMENT_3D('',#5135,#5136,#5137);
#5135 = CARTESIAN_POINT('',(-3.05,8.1,-1.5));
#5136 = DIRECTION('',(0.,1.,-1.186547930283E-30));
#5137 = DIRECTION('',(0.,1.186547930283E-30,1.));
#5138 = ADVANCED_FACE('',(#5139),#5145,.F.);
#5139 = FACE_BOUND('',#5140,.T.);
#5140 = EDGE_LOOP('',(#5141,#5142,#5143,#5144));
#5141 = ORIENTED_EDGE('',*,*,#5126,.T.);
#5142 = ORIENTED_EDGE('',*,*,#264,.F.);
#5143 = ORIENTED_EDGE('',*,*,#1358,.F.);
#5144 = ORIENTED_EDGE('',*,*,#5094,.T.);
#5145 = PLANE('',#5146);
#5146 = AXIS2_PLACEMENT_3D('',#5147,#5148,#5149);
#5147 = CARTESIAN_POINT('',(-3.947886950389,7.55,-2.044333559796));
#5148 = DIRECTION('',(-0.707106781187,8.390160877059E-31,0.707106781187)
  );
#5149 = DIRECTION('',(0.707106781187,0.,0.707106781187));
#5150 = ADVANCED_FACE('',(#5151),#5162,.F.);
#5151 = FACE_BOUND('',#5152,.T.);
#5152 = EDGE_LOOP('',(#5153,#5154,#5155,#5161));
#5153 = ORIENTED_EDGE('',*,*,#1341,.T.);
#5154 = ORIENTED_EDGE('',*,*,#247,.F.);
#5155 = ORIENTED_EDGE('',*,*,#5156,.F.);
#5156 = EDGE_CURVE('',#5102,#239,#5157,.T.);
#5157 = LINE('',#5158,#5159);
#5158 = CARTESIAN_POINT('',(-2.152113049611,8.1,-0.955666440204));
#5159 = VECTOR('',#5160,1.);
#5160 = DIRECTION('',(0.707106781187,-0.,0.707106781187));
#5161 = ORIENTED_EDGE('',*,*,#5101,.T.);
#5162 = PLANE('',#5163);
#5163 = AXIS2_PLACEMENT_3D('',#5164,#5165,#5166);
#5164 = CARTESIAN_POINT('',(-2.152113049611,8.1,-0.955666440204));
#5165 = DIRECTION('',(0.707106781187,-8.390160877059E-31,-0.707106781187
    ));
#5166 = DIRECTION('',(-0.707106781187,-1.751623080406E-46,
    -0.707106781187));
#5167 = ADVANCED_FACE('',(#5168),#5173,.F.);
#5168 = FACE_BOUND('',#5169,.T.);
#5169 = EDGE_LOOP('',(#5170,#5171,#5172));
#5170 = ORIENTED_EDGE('',*,*,#238,.T.);
#5171 = ORIENTED_EDGE('',*,*,#5109,.T.);
#5172 = ORIENTED_EDGE('',*,*,#5156,.T.);
#5173 = PLANE('',#5174);
#5174 = AXIS2_PLACEMENT_3D('',#5175,#5176,#5177);
#5175 = CARTESIAN_POINT('',(-3.05,8.1,-1.5));
#5176 = DIRECTION('',(0.,-1.,1.186547930283E-30));
#5177 = DIRECTION('',(0.,-1.186547930283E-30,-1.));
#5178 = ADVANCED_FACE('',(#5179),#5195,.F.);
#5179 = FACE_BOUND('',#5180,.T.);
#5180 = EDGE_LOOP('',(#5181,#5182,#5188,#5189));
#5181 = ORIENTED_EDGE('',*,*,#1107,.F.);
#5182 = ORIENTED_EDGE('',*,*,#5183,.T.);
#5183 = EDGE_CURVE('',#1099,#2955,#5184,.T.);
#5184 = LINE('',#5185,#5186);
#5185 = CARTESIAN_POINT('',(-5.489204187422,3.5,-10.62));
#5186 = VECTOR('',#5187,1.);
#5187 = DIRECTION('',(0.,2.077513144882E-16,-1.));
#5188 = ORIENTED_EDGE('',*,*,#2954,.T.);
#5189 = ORIENTED_EDGE('',*,*,#5190,.T.);
#5190 = EDGE_CURVE('',#2946,#1108,#5191,.T.);
#5191 = LINE('',#5192,#5193);
#5192 = CARTESIAN_POINT('',(-2.910795812578,3.5,-10.52));
#5193 = VECTOR('',#5194,1.);
#5194 = DIRECTION('',(-0.,-2.077513144882E-16,1.));
#5195 = PLANE('',#5196);
#5196 = AXIS2_PLACEMENT_3D('',#5197,#5198,#5199);
#5197 = CARTESIAN_POINT('',(-5.7,3.5,-10.52));
#5198 = DIRECTION('',(-0.,1.,2.077513144882E-16));
#5199 = DIRECTION('',(0.,-2.077513144882E-16,1.));
#5200 = ADVANCED_FACE('',(#5201),#5217,.F.);
#5201 = FACE_BOUND('',#5202,.T.);
#5202 = EDGE_LOOP('',(#5203,#5204,#5210,#5211));
#5203 = ORIENTED_EDGE('',*,*,#2971,.T.);
#5204 = ORIENTED_EDGE('',*,*,#5205,.T.);
#5205 = EDGE_CURVE('',#2963,#1091,#5206,.T.);
#5206 = LINE('',#5207,#5208);
#5207 = CARTESIAN_POINT('',(-5.7,3.289204187422,-10.52));
#5208 = VECTOR('',#5209,1.);
#5209 = DIRECTION('',(-0.,-2.077513144882E-16,1.));
#5210 = ORIENTED_EDGE('',*,*,#1088,.F.);
#5211 = ORIENTED_EDGE('',*,*,#5212,.T.);
#5212 = EDGE_CURVE('',#1089,#2972,#5213,.T.);
#5213 = LINE('',#5214,#5215);
#5214 = CARTESIAN_POINT('',(-5.7,0.710795812578,-10.62));
#5215 = VECTOR('',#5216,1.);
#5216 = DIRECTION('',(0.,2.077513144882E-16,-1.));
#5217 = PLANE('',#5218);
#5218 = AXIS2_PLACEMENT_3D('',#5219,#5220,#5221);
#5219 = CARTESIAN_POINT('',(-5.7,0.5,-10.52));
#5220 = DIRECTION('',(-1.,0.,0.));
#5221 = DIRECTION('',(0.,0.,1.));
#5222 = ADVANCED_FACE('',(#5223),#5239,.F.);
#5223 = FACE_BOUND('',#5224,.T.);
#5224 = EDGE_LOOP('',(#5225,#5226,#5232,#5233));
#5225 = ORIENTED_EDGE('',*,*,#2988,.T.);
#5226 = ORIENTED_EDGE('',*,*,#5227,.T.);
#5227 = EDGE_CURVE('',#2980,#1142,#5228,.T.);
#5228 = LINE('',#5229,#5230);
#5229 = CARTESIAN_POINT('',(-5.489204187422,0.5,-10.52));
#5230 = VECTOR('',#5231,1.);
#5231 = DIRECTION('',(-0.,-2.077513144882E-16,1.));
#5232 = ORIENTED_EDGE('',*,*,#1141,.F.);
#5233 = ORIENTED_EDGE('',*,*,#5234,.T.);
#5234 = EDGE_CURVE('',#1133,#2989,#5235,.T.);
#5235 = LINE('',#5236,#5237);
#5236 = CARTESIAN_POINT('',(-2.910795812578,0.5,-10.62));
#5237 = VECTOR('',#5238,1.);
#5238 = DIRECTION('',(0.,2.077513144882E-16,-1.));
#5239 = PLANE('',#5240);
#5240 = AXIS2_PLACEMENT_3D('',#5241,#5242,#5243);
#5241 = CARTESIAN_POINT('',(-2.7,0.5,-10.52));
#5242 = DIRECTION('',(7.228014483237E-17,-1.,-2.077513144882E-16));
#5243 = DIRECTION('',(0.,2.077513144882E-16,-1.));
#5244 = ADVANCED_FACE('',(#5245),#5261,.F.);
#5245 = FACE_BOUND('',#5246,.T.);
#5246 = EDGE_LOOP('',(#5247,#5248,#5254,#5255));
#5247 = ORIENTED_EDGE('',*,*,#2935,.T.);
#5248 = ORIENTED_EDGE('',*,*,#5249,.T.);
#5249 = EDGE_CURVE('',#2938,#1125,#5250,.T.);
#5250 = LINE('',#5251,#5252);
#5251 = CARTESIAN_POINT('',(-2.7,0.710795812578,-10.52));
#5252 = VECTOR('',#5253,1.);
#5253 = DIRECTION('',(-5.473822126269E-48,-2.077513144882E-16,1.));
#5254 = ORIENTED_EDGE('',*,*,#1124,.F.);
#5255 = ORIENTED_EDGE('',*,*,#5256,.T.);
#5256 = EDGE_CURVE('',#1116,#2936,#5257,.T.);
#5257 = LINE('',#5258,#5259);
#5258 = CARTESIAN_POINT('',(-2.7,3.289204187422,-10.62));
#5259 = VECTOR('',#5260,1.);
#5260 = DIRECTION('',(5.473822126269E-48,2.077513144882E-16,-1.));
#5261 = PLANE('',#5262);
#5262 = AXIS2_PLACEMENT_3D('',#5263,#5264,#5265);
#5263 = CARTESIAN_POINT('',(-2.7,3.5,-10.52));
#5264 = DIRECTION('',(1.,-1.445602896647E-16,-3.003259020065E-32));
#5265 = DIRECTION('',(1.445602896647E-16,1.,0.));
#5266 = ADVANCED_FACE('',(#5267),#5292,.F.);
#5267 = FACE_BOUND('',#5268,.T.);
#5268 = EDGE_LOOP('',(#5269,#5279,#5285,#5286));
#5269 = ORIENTED_EDGE('',*,*,#5270,.F.);
#5270 = EDGE_CURVE('',#5271,#5273,#5275,.T.);
#5271 = VERTEX_POINT('',#5272);
#5272 = CARTESIAN_POINT('',(-3.252513783586,0.825008526188,-10.62));
#5273 = VERTEX_POINT('',#5274);
#5274 = CARTESIAN_POINT('',(-3.823735326138,0.825008526188,-10.62));
#5275 = LINE('',#5276,#5277);
#5276 = CARTESIAN_POINT('',(-4.034531138716,0.825008526188,-10.62));
#5277 = VECTOR('',#5278,1.);
#5278 = DIRECTION('',(-1.,-0.,-0.));
#5279 = ORIENTED_EDGE('',*,*,#5280,.T.);
#5280 = EDGE_CURVE('',#5271,#1178,#5281,.T.);
#5281 = LINE('',#5282,#5283);
#5282 = CARTESIAN_POINT('',(-3.252513783586,0.825008526188,-10.62));
#5283 = VECTOR('',#5284,1.);
#5284 = DIRECTION('',(-5.782411586589E-16,8.359070939181E-32,1.));
#5285 = ORIENTED_EDGE('',*,*,#1177,.T.);
#5286 = ORIENTED_EDGE('',*,*,#5287,.T.);
#5287 = EDGE_CURVE('',#1169,#5273,#5288,.T.);
#5288 = LINE('',#5289,#5290);
#5289 = CARTESIAN_POINT('',(-3.823735326138,0.825008526188,-10.62));
#5290 = VECTOR('',#5291,1.);
#5291 = DIRECTION('',(5.782411586589E-16,-8.359070939181E-32,-1.));
#5292 = PLANE('',#5293);
#5293 = AXIS2_PLACEMENT_3D('',#5294,#5295,#5296);
#5294 = CARTESIAN_POINT('',(-4.034531138716,0.825008526188,-10.62));
#5295 = DIRECTION('',(0.,1.,-8.359070939181E-32));
#5296 = DIRECTION('',(0.,8.359070939181E-32,1.));
#5297 = ADVANCED_FACE('',(#5298),#5323,.F.);
#5298 = FACE_BOUND('',#5299,.T.);
#5299 = EDGE_LOOP('',(#5300,#5301,#5309,#5317));
#5300 = ORIENTED_EDGE('',*,*,#1158,.T.);
#5301 = ORIENTED_EDGE('',*,*,#5302,.T.);
#5302 = EDGE_CURVE('',#1161,#5303,#5305,.T.);
#5303 = VERTEX_POINT('',#5304);
#5304 = CARTESIAN_POINT('',(-4.034531138716,1.638596440536,-10.62));
#5305 = LINE('',#5306,#5307);
#5306 = CARTESIAN_POINT('',(-4.034531138716,1.638596440536,-10.62));
#5307 = VECTOR('',#5308,1.);
#5308 = DIRECTION('',(5.782411586589E-16,-8.359070939181E-32,-1.));
#5309 = ORIENTED_EDGE('',*,*,#5310,.F.);
#5310 = EDGE_CURVE('',#5311,#5303,#5313,.T.);
#5311 = VERTEX_POINT('',#5312);
#5312 = CARTESIAN_POINT('',(-4.034531138716,1.035804338766,-10.62));
#5313 = LINE('',#5314,#5315);
#5314 = CARTESIAN_POINT('',(-4.034531138716,1.780605704176,-10.62));
#5315 = VECTOR('',#5316,1.);
#5316 = DIRECTION('',(-0.,1.,-0.));
#5317 = ORIENTED_EDGE('',*,*,#5318,.T.);
#5318 = EDGE_CURVE('',#5311,#1159,#5319,.T.);
#5319 = LINE('',#5320,#5321);
#5320 = CARTESIAN_POINT('',(-4.034531138716,1.035804338766,-10.62));
#5321 = VECTOR('',#5322,1.);
#5322 = DIRECTION('',(-5.782411586589E-16,8.359070939181E-32,1.));
#5323 = PLANE('',#5324);
#5324 = AXIS2_PLACEMENT_3D('',#5325,#5326,#5327);
#5325 = CARTESIAN_POINT('',(-4.034531138716,1.780605704176,-10.62));
#5326 = DIRECTION('',(1.,0.,5.782411586589E-16));
#5327 = DIRECTION('',(5.782411586589E-16,0.,-1.));
#5328 = ADVANCED_FACE('',(#5329),#5348,.F.);
#5329 = FACE_BOUND('',#5330,.F.);
#5330 = EDGE_LOOP('',(#5331,#5332,#5340,#5347));
#5331 = ORIENTED_EDGE('',*,*,#1244,.F.);
#5332 = ORIENTED_EDGE('',*,*,#5333,.F.);
#5333 = EDGE_CURVE('',#5334,#1245,#5336,.T.);
#5334 = VERTEX_POINT('',#5335);
#5335 = CARTESIAN_POINT('',(-3.925137974591,1.823400059243,-10.62));
#5336 = LINE('',#5337,#5338);
#5337 = CARTESIAN_POINT('',(-3.925137974591,1.823400059243,-10.62));
#5338 = VECTOR('',#5339,1.);
#5339 = DIRECTION('',(-5.782411586589E-16,8.359070939181E-32,1.));
#5340 = ORIENTED_EDGE('',*,*,#5341,.T.);
#5341 = EDGE_CURVE('',#5334,#180,#5342,.T.);
#5342 = CIRCLE('',#5343,0.456724260586);
#5343 = AXIS2_PLACEMENT_3D('',#5344,#5345,#5346);
#5344 = CARTESIAN_POINT('',(-4.144843712905,2.223807899774,-10.62));
#5345 = DIRECTION('',(-5.782411586589E-16,8.359070939181E-32,1.));
#5346 = DIRECTION('',(-1.,-4.833558865184E-47,-5.782411586589E-16));
#5347 = ORIENTED_EDGE('',*,*,#179,.T.);
#5348 = CYLINDRICAL_SURFACE('',#5349,0.456724260586);
#5349 = AXIS2_PLACEMENT_3D('',#5350,#5351,#5352);
#5350 = CARTESIAN_POINT('',(-4.144843712905,2.223807899774,-10.62));
#5351 = DIRECTION('',(-5.782411586589E-16,8.359070939181E-32,1.));
#5352 = DIRECTION('',(1.,4.833558865184E-47,5.782411586589E-16));
#5353 = ADVANCED_FACE('',(#5354),#5379,.F.);
#5354 = FACE_BOUND('',#5355,.T.);
#5355 = EDGE_LOOP('',(#5356,#5357,#5365,#5373));
#5356 = ORIENTED_EDGE('',*,*,#1228,.T.);
#5357 = ORIENTED_EDGE('',*,*,#5358,.T.);
#5358 = EDGE_CURVE('',#1220,#5359,#5361,.T.);
#5359 = VERTEX_POINT('',#5360);
#5360 = CARTESIAN_POINT('',(-4.034531138716,2.964195661241,-10.62));
#5361 = LINE('',#5362,#5363);
#5362 = CARTESIAN_POINT('',(-4.034531138716,2.964195661241,-10.62));
#5363 = VECTOR('',#5364,1.);
#5364 = DIRECTION('',(5.782411586589E-16,-8.359070939181E-32,-1.));
#5365 = ORIENTED_EDGE('',*,*,#5366,.F.);
#5366 = EDGE_CURVE('',#5367,#5359,#5369,.T.);
#5367 = VERTEX_POINT('',#5368);
#5368 = CARTESIAN_POINT('',(-4.034531138716,2.809019359012,-10.62));
#5369 = LINE('',#5370,#5371);
#5370 = CARTESIAN_POINT('',(-4.034531138716,3.174991473819,-10.62));
#5371 = VECTOR('',#5372,1.);
#5372 = DIRECTION('',(-0.,1.,-0.));
#5373 = ORIENTED_EDGE('',*,*,#5374,.T.);
#5374 = EDGE_CURVE('',#5367,#1229,#5375,.T.);
#5375 = LINE('',#5376,#5377);
#5376 = CARTESIAN_POINT('',(-4.034531138716,2.809019359012,-10.62));
#5377 = VECTOR('',#5378,1.);
#5378 = DIRECTION('',(-5.782411586589E-16,8.359070939181E-32,1.));
#5379 = PLANE('',#5380);
#5380 = AXIS2_PLACEMENT_3D('',#5381,#5382,#5383);
#5381 = CARTESIAN_POINT('',(-4.034531138716,3.174991473819,-10.62));
#5382 = DIRECTION('',(1.,0.,5.782411586589E-16));
#5383 = DIRECTION('',(5.782411586589E-16,0.,-1.));
#5384 = ADVANCED_FACE('',(#5385),#5410,.F.);
#5385 = FACE_BOUND('',#5386,.T.);
#5386 = EDGE_LOOP('',(#5387,#5397,#5403,#5404));
#5387 = ORIENTED_EDGE('',*,*,#5388,.F.);
#5388 = EDGE_CURVE('',#5389,#5391,#5393,.T.);
#5389 = VERTEX_POINT('',#5390);
#5390 = CARTESIAN_POINT('',(-3.823735326138,3.174991473819,-10.62));
#5391 = VERTEX_POINT('',#5392);
#5392 = CARTESIAN_POINT('',(-3.252513783586,3.174991473819,-10.62));
#5393 = LINE('',#5394,#5395);
#5394 = CARTESIAN_POINT('',(-3.041717971008,3.174991473819,-10.62));
#5395 = VECTOR('',#5396,1.);
#5396 = DIRECTION('',(1.,-0.,-0.));
#5397 = ORIENTED_EDGE('',*,*,#5398,.T.);
#5398 = EDGE_CURVE('',#5389,#1212,#5399,.T.);
#5399 = LINE('',#5400,#5401);
#5400 = CARTESIAN_POINT('',(-3.823735326138,3.174991473819,-10.62));
#5401 = VECTOR('',#5402,1.);
#5402 = DIRECTION('',(-5.782411586589E-16,8.359070939181E-32,1.));
#5403 = ORIENTED_EDGE('',*,*,#1211,.T.);
#5404 = ORIENTED_EDGE('',*,*,#5405,.T.);
#5405 = EDGE_CURVE('',#1203,#5391,#5406,.T.);
#5406 = LINE('',#5407,#5408);
#5407 = CARTESIAN_POINT('',(-3.252513783586,3.174991473819,-10.62));
#5408 = VECTOR('',#5409,1.);
#5409 = DIRECTION('',(5.782411586589E-16,-8.359070939181E-32,-1.));
#5410 = PLANE('',#5411);
#5411 = AXIS2_PLACEMENT_3D('',#5412,#5413,#5414);
#5412 = CARTESIAN_POINT('',(-3.041717971008,3.174991473819,-10.62));
#5413 = DIRECTION('',(0.,-1.,8.359070939181E-32));
#5414 = DIRECTION('',(0.,-8.359070939181E-32,-1.));
#5415 = ADVANCED_FACE('',(#5416),#5441,.F.);
#5416 = FACE_BOUND('',#5417,.T.);
#5417 = EDGE_LOOP('',(#5418,#5428,#5434,#5435));
#5418 = ORIENTED_EDGE('',*,*,#5419,.F.);
#5419 = EDGE_CURVE('',#5420,#5422,#5424,.T.);
#5420 = VERTEX_POINT('',#5421);
#5421 = CARTESIAN_POINT('',(-3.041717971008,2.964195661241,-10.62));
#5422 = VERTEX_POINT('',#5423);
#5423 = CARTESIAN_POINT('',(-3.041717971008,1.035804338766,-10.62));
#5424 = LINE('',#5425,#5426);
#5425 = CARTESIAN_POINT('',(-3.041717971008,0.825008526188,-10.62));
#5426 = VECTOR('',#5427,1.);
#5427 = DIRECTION('',(-0.,-1.,-0.));
#5428 = ORIENTED_EDGE('',*,*,#5429,.T.);
#5429 = EDGE_CURVE('',#5420,#1195,#5430,.T.);
#5430 = LINE('',#5431,#5432);
#5431 = CARTESIAN_POINT('',(-3.041717971008,2.964195661241,-10.62));
#5432 = VECTOR('',#5433,1.);
#5433 = DIRECTION('',(-5.782411586589E-16,8.359070939181E-32,1.));
#5434 = ORIENTED_EDGE('',*,*,#1194,.T.);
#5435 = ORIENTED_EDGE('',*,*,#5436,.T.);
#5436 = EDGE_CURVE('',#1186,#5422,#5437,.T.);
#5437 = LINE('',#5438,#5439);
#5438 = CARTESIAN_POINT('',(-3.041717971008,1.035804338766,-10.62));
#5439 = VECTOR('',#5440,1.);
#5440 = DIRECTION('',(5.782411586589E-16,-8.359070939181E-32,-1.));
#5441 = PLANE('',#5442);
#5442 = AXIS2_PLACEMENT_3D('',#5443,#5444,#5445);
#5443 = CARTESIAN_POINT('',(-3.041717971008,0.825008526188,-10.62));
#5444 = DIRECTION('',(-1.,0.,-5.782411586589E-16));
#5445 = DIRECTION('',(-5.782411586589E-16,0.,1.));
#5446 = ADVANCED_FACE('',(#5447),#5498,.T.);
#5447 = FACE_BOUND('',#5448,.T.);
#5448 = EDGE_LOOP('',(#5449,#5450,#5457,#5458,#5465,#5466,#5473,#5474,
    #5481,#5482,#5489,#5490,#5491));
#5449 = ORIENTED_EDGE('',*,*,#5366,.T.);
#5450 = ORIENTED_EDGE('',*,*,#5451,.T.);
#5451 = EDGE_CURVE('',#5359,#5389,#5452,.T.);
#5452 = CIRCLE('',#5453,0.210795812578);
#5453 = AXIS2_PLACEMENT_3D('',#5454,#5455,#5456);
#5454 = CARTESIAN_POINT('',(-3.823735326138,2.964195661241,-10.62));
#5455 = DIRECTION('',(5.782411586589E-16,-8.359070939181E-32,-1.));
#5456 = DIRECTION('',(-1.,-4.833558865184E-47,-5.782411586589E-16));
#5457 = ORIENTED_EDGE('',*,*,#5388,.T.);
#5458 = ORIENTED_EDGE('',*,*,#5459,.T.);
#5459 = EDGE_CURVE('',#5391,#5420,#5460,.T.);
#5460 = CIRCLE('',#5461,0.210795812578);
#5461 = AXIS2_PLACEMENT_3D('',#5462,#5463,#5464);
#5462 = CARTESIAN_POINT('',(-3.252513783586,2.964195661241,-10.62));
#5463 = DIRECTION('',(5.782411586589E-16,-8.359070939181E-32,-1.));
#5464 = DIRECTION('',(-1.,-4.833558865184E-47,-5.782411586589E-16));
#5465 = ORIENTED_EDGE('',*,*,#5419,.T.);
#5466 = ORIENTED_EDGE('',*,*,#5467,.T.);
#5467 = EDGE_CURVE('',#5422,#5271,#5468,.T.);
#5468 = CIRCLE('',#5469,0.210795812578);
#5469 = AXIS2_PLACEMENT_3D('',#5470,#5471,#5472);
#5470 = CARTESIAN_POINT('',(-3.252513783586,1.035804338766,-10.62));
#5471 = DIRECTION('',(5.782411586589E-16,-8.359070939181E-32,-1.));
#5472 = DIRECTION('',(-1.,-4.833558865184E-47,-5.782411586589E-16));
#5473 = ORIENTED_EDGE('',*,*,#5270,.T.);
#5474 = ORIENTED_EDGE('',*,*,#5475,.T.);
#5475 = EDGE_CURVE('',#5273,#5311,#5476,.T.);
#5476 = CIRCLE('',#5477,0.210795812578);
#5477 = AXIS2_PLACEMENT_3D('',#5478,#5479,#5480);
#5478 = CARTESIAN_POINT('',(-3.823735326138,1.035804338766,-10.62));
#5479 = DIRECTION('',(5.782411586589E-16,-8.359070939181E-32,-1.));
#5480 = DIRECTION('',(-1.,-4.833558865184E-47,-5.782411586589E-16));
#5481 = ORIENTED_EDGE('',*,*,#5310,.T.);
#5482 = ORIENTED_EDGE('',*,*,#5483,.T.);
#5483 = EDGE_CURVE('',#5303,#5334,#5484,.T.);
#5484 = CIRCLE('',#5485,0.210795812578);
#5485 = AXIS2_PLACEMENT_3D('',#5486,#5487,#5488);
#5486 = CARTESIAN_POINT('',(-3.823735326138,1.638596440536,-10.62));
#5487 = DIRECTION('',(5.782411586589E-16,-8.359070939181E-32,-1.));
#5488 = DIRECTION('',(-1.,-4.833558865184E-47,-5.782411586589E-16));
#5489 = ORIENTED_EDGE('',*,*,#5341,.T.);
#5490 = ORIENTED_EDGE('',*,*,#187,.T.);
#5491 = ORIENTED_EDGE('',*,*,#5492,.T.);
#5492 = EDGE_CURVE('',#163,#5367,#5493,.T.);
#5493 = CIRCLE('',#5494,0.210795812578);
#5494 = AXIS2_PLACEMENT_3D('',#5495,#5496,#5497);
#5495 = CARTESIAN_POINT('',(-3.823735326138,2.809019359012,-10.62));
#5496 = DIRECTION('',(5.782411586589E-16,-8.359070939181E-32,-1.));
#5497 = DIRECTION('',(-1.,-4.833558865184E-47,-5.782411586589E-16));
#5498 = PLANE('',#5499);
#5499 = AXIS2_PLACEMENT_3D('',#5500,#5501,#5502);
#5500 = CARTESIAN_POINT('',(-4.144843712905,2.223807899774,-10.62));
#5501 = DIRECTION('',(5.782411586589E-16,-8.359070939181E-32,-1.));
#5502 = DIRECTION('',(-1.,0.,-5.782411586589E-16));
#5503 = ADVANCED_FACE('',(#5504),#5529,.F.);
#5504 = FACE_BOUND('',#5505,.T.);
#5505 = EDGE_LOOP('',(#5506,#5516,#5522,#5523));
#5506 = ORIENTED_EDGE('',*,*,#5507,.F.);
#5507 = EDGE_CURVE('',#5508,#5510,#5512,.T.);
#5508 = VERTEX_POINT('',#5509);
#5509 = CARTESIAN_POINT('',(-4.255156287095,2.9631117959,-10.62));
#5510 = VERTEX_POINT('',#5511);
#5511 = CARTESIAN_POINT('',(-4.255156287095,2.809019359012,-10.62));
#5512 = LINE('',#5513,#5514);
#5513 = CARTESIAN_POINT('',(-4.255156287095,2.667010095372,-10.62));
#5514 = VECTOR('',#5515,1.);
#5515 = DIRECTION('',(-0.,-1.,-0.));
#5516 = ORIENTED_EDGE('',*,*,#5517,.T.);
#5517 = EDGE_CURVE('',#5508,#1283,#5518,.T.);
#5518 = LINE('',#5519,#5520);
#5519 = CARTESIAN_POINT('',(-4.255156287095,2.9631117959,-10.62));
#5520 = VECTOR('',#5521,1.);
#5521 = DIRECTION('',(-5.782411586589E-16,8.359070939181E-32,1.));
#5522 = ORIENTED_EDGE('',*,*,#1282,.T.);
#5523 = ORIENTED_EDGE('',*,*,#5524,.T.);
#5524 = EDGE_CURVE('',#1274,#5510,#5525,.T.);
#5525 = LINE('',#5526,#5527);
#5526 = CARTESIAN_POINT('',(-4.255156287095,2.809019359012,-10.62));
#5527 = VECTOR('',#5528,1.);
#5528 = DIRECTION('',(5.782411586589E-16,-8.359070939181E-32,-1.));
#5529 = PLANE('',#5530);
#5530 = AXIS2_PLACEMENT_3D('',#5531,#5532,#5533);
#5531 = CARTESIAN_POINT('',(-4.255156287095,2.667010095372,-10.62));
#5532 = DIRECTION('',(-1.,0.,-5.782411586589E-16));
#5533 = DIRECTION('',(-5.782411586589E-16,0.,1.));
#5534 = ADVANCED_FACE('',(#5535),#5561,.F.);
#5535 = FACE_BOUND('',#5536,.F.);
#5536 = EDGE_LOOP('',(#5537,#5545,#5554,#5560));
#5537 = ORIENTED_EDGE('',*,*,#5538,.F.);
#5538 = EDGE_CURVE('',#5539,#1263,#5541,.T.);
#5539 = VERTEX_POINT('',#5540);
#5540 = CARTESIAN_POINT('',(-4.36454945122,2.624215740306,-10.62));
#5541 = LINE('',#5542,#5543);
#5542 = CARTESIAN_POINT('',(-4.36454945122,2.624215740306,-10.62));
#5543 = VECTOR('',#5544,1.);
#5544 = DIRECTION('',(-5.782411586589E-16,8.359070939181E-32,1.));
#5545 = ORIENTED_EDGE('',*,*,#5546,.T.);
#5546 = EDGE_CURVE('',#5539,#5547,#5549,.T.);
#5547 = VERTEX_POINT('',#5548);
#5548 = CARTESIAN_POINT('',(-4.36454945122,1.823400059243,-10.62));
#5549 = CIRCLE('',#5550,0.456724260585);
#5550 = AXIS2_PLACEMENT_3D('',#5551,#5552,#5553);
#5551 = CARTESIAN_POINT('',(-4.144843712905,2.223807899774,-10.62));
#5552 = DIRECTION('',(-5.782411586589E-16,8.359070939181E-32,1.));
#5553 = DIRECTION('',(-1.,-4.833558865184E-47,-5.782411586589E-16));
#5554 = ORIENTED_EDGE('',*,*,#5555,.F.);
#5555 = EDGE_CURVE('',#1265,#5547,#5556,.T.);
#5556 = LINE('',#5557,#5558);
#5557 = CARTESIAN_POINT('',(-4.36454945122,1.823400059243,-10.62));
#5558 = VECTOR('',#5559,1.);
#5559 = DIRECTION('',(5.782411586589E-16,-8.359070939181E-32,-1.));
#5560 = ORIENTED_EDGE('',*,*,#1262,.F.);
#5561 = CYLINDRICAL_SURFACE('',#5562,0.456724260585);
#5562 = AXIS2_PLACEMENT_3D('',#5563,#5564,#5565);
#5563 = CARTESIAN_POINT('',(-4.144843712905,2.223807899774,-10.62));
#5564 = DIRECTION('',(-5.782411586589E-16,8.359070939181E-32,1.));
#5565 = DIRECTION('',(1.,4.833558865184E-47,5.782411586589E-16));
#5566 = ADVANCED_FACE('',(#5567),#5592,.F.);
#5567 = FACE_BOUND('',#5568,.T.);
#5568 = EDGE_LOOP('',(#5569,#5579,#5585,#5586));
#5569 = ORIENTED_EDGE('',*,*,#5570,.F.);
#5570 = EDGE_CURVE('',#5571,#5573,#5575,.T.);
#5571 = VERTEX_POINT('',#5572);
#5572 = CARTESIAN_POINT('',(-4.255156287095,1.638596440536,-10.62));
#5573 = VERTEX_POINT('',#5574);
#5574 = CARTESIAN_POINT('',(-4.255156287095,1.484504003649,-10.62));
#5575 = LINE('',#5576,#5577);
#5576 = CARTESIAN_POINT('',(-4.255156287095,1.272624325729,-10.62));
#5577 = VECTOR('',#5578,1.);
#5578 = DIRECTION('',(-0.,-1.,-0.));
#5579 = ORIENTED_EDGE('',*,*,#5580,.T.);
#5580 = EDGE_CURVE('',#5571,#1318,#5581,.T.);
#5581 = LINE('',#5582,#5583);
#5582 = CARTESIAN_POINT('',(-4.255156287095,1.638596440536,-10.62));
#5583 = VECTOR('',#5584,1.);
#5584 = DIRECTION('',(-5.782411586589E-16,8.359070939181E-32,1.));
#5585 = ORIENTED_EDGE('',*,*,#1317,.T.);
#5586 = ORIENTED_EDGE('',*,*,#5587,.T.);
#5587 = EDGE_CURVE('',#1309,#5573,#5588,.T.);
#5588 = LINE('',#5589,#5590);
#5589 = CARTESIAN_POINT('',(-4.255156287095,1.484504003649,-10.62));
#5590 = VECTOR('',#5591,1.);
#5591 = DIRECTION('',(5.782411586589E-16,-8.359070939181E-32,-1.));
#5592 = PLANE('',#5593);
#5593 = AXIS2_PLACEMENT_3D('',#5594,#5595,#5596);
#5594 = CARTESIAN_POINT('',(-4.255156287095,1.272624325729,-10.62));
#5595 = DIRECTION('',(-1.,0.,-5.782411586589E-16));
#5596 = DIRECTION('',(-5.782411586589E-16,0.,1.));
#5597 = ADVANCED_FACE('',(#5598),#5624,.T.);
#5598 = FACE_BOUND('',#5599,.T.);
#5599 = EDGE_LOOP('',(#5600,#5601,#5609,#5618));
#5600 = ORIENTED_EDGE('',*,*,#1299,.T.);
#5601 = ORIENTED_EDGE('',*,*,#5602,.T.);
#5602 = EDGE_CURVE('',#1291,#5603,#5605,.T.);
#5603 = VERTEX_POINT('',#5604);
#5604 = CARTESIAN_POINT('',(-4.477353968108,3.173599021157,-10.62));
#5605 = LINE('',#5606,#5607);
#5606 = CARTESIAN_POINT('',(-4.477353968108,3.173599021157,-10.62));
#5607 = VECTOR('',#5608,1.);
#5608 = DIRECTION('',(5.782411586589E-16,-8.359070939181E-32,-1.));
#5609 = ORIENTED_EDGE('',*,*,#5610,.F.);
#5610 = EDGE_CURVE('',#5611,#5603,#5613,.T.);
#5611 = VERTEX_POINT('',#5612);
#5612 = CARTESIAN_POINT('',(-4.477353968108,1.274016778391,-10.62));
#5613 = CIRCLE('',#5614,0.951183574045);
#5614 = AXIS2_PLACEMENT_3D('',#5615,#5616,#5617);
#5615 = CARTESIAN_POINT('',(-4.425904796343,2.223807899774,-10.62));
#5616 = DIRECTION('',(5.782411586589E-16,-8.359070939181E-32,-1.));
#5617 = DIRECTION('',(1.,4.833558865184E-47,5.782411586589E-16));
#5618 = ORIENTED_EDGE('',*,*,#5619,.T.);
#5619 = EDGE_CURVE('',#5611,#1300,#5620,.T.);
#5620 = LINE('',#5621,#5622);
#5621 = CARTESIAN_POINT('',(-4.477353968108,1.274016778391,-10.62));
#5622 = VECTOR('',#5623,1.);
#5623 = DIRECTION('',(-5.782411586589E-16,8.359070939181E-32,1.));
#5624 = CYLINDRICAL_SURFACE('',#5625,0.951183574045);
#5625 = AXIS2_PLACEMENT_3D('',#5626,#5627,#5628);
#5626 = CARTESIAN_POINT('',(-4.425904796343,2.223807899774,-10.62));
#5627 = DIRECTION('',(-5.782411586589E-16,8.359070939181E-32,1.));
#5628 = DIRECTION('',(1.,4.833558865184E-47,5.782411586589E-16));
#5629 = ADVANCED_FACE('',(#5630),#5664,.F.);
#5630 = FACE_BOUND('',#5631,.T.);
#5631 = EDGE_LOOP('',(#5632,#5633,#5640,#5641,#5648,#5649,#5656,#5657));
#5632 = ORIENTED_EDGE('',*,*,#5610,.T.);
#5633 = ORIENTED_EDGE('',*,*,#5634,.T.);
#5634 = EDGE_CURVE('',#5603,#5508,#5635,.T.);
#5635 = CIRCLE('',#5636,0.210795812578);
#5636 = AXIS2_PLACEMENT_3D('',#5637,#5638,#5639);
#5637 = CARTESIAN_POINT('',(-4.465952099673,2.9631117959,-10.62));
#5638 = DIRECTION('',(5.782411586589E-16,-8.359070939181E-32,-1.));
#5639 = DIRECTION('',(1.,4.833558865184E-47,5.782411586589E-16));
#5640 = ORIENTED_EDGE('',*,*,#5507,.T.);
#5641 = ORIENTED_EDGE('',*,*,#5642,.T.);
#5642 = EDGE_CURVE('',#5510,#5539,#5643,.T.);
#5643 = CIRCLE('',#5644,0.210795812578);
#5644 = AXIS2_PLACEMENT_3D('',#5645,#5646,#5647);
#5645 = CARTESIAN_POINT('',(-4.465952099673,2.809019359012,-10.62));
#5646 = DIRECTION('',(5.782411586589E-16,-8.359070939181E-32,-1.));
#5647 = DIRECTION('',(1.,4.833558865184E-47,5.782411586589E-16));
#5648 = ORIENTED_EDGE('',*,*,#5546,.T.);
#5649 = ORIENTED_EDGE('',*,*,#5650,.T.);
#5650 = EDGE_CURVE('',#5547,#5571,#5651,.T.);
#5651 = CIRCLE('',#5652,0.210795812578);
#5652 = AXIS2_PLACEMENT_3D('',#5653,#5654,#5655);
#5653 = CARTESIAN_POINT('',(-4.465952099673,1.638596440536,-10.62));
#5654 = DIRECTION('',(5.782411586589E-16,-8.359070939181E-32,-1.));
#5655 = DIRECTION('',(1.,2.057350493307E-15,5.782411586589E-16));
#5656 = ORIENTED_EDGE('',*,*,#5570,.T.);
#5657 = ORIENTED_EDGE('',*,*,#5658,.T.);
#5658 = EDGE_CURVE('',#5573,#5611,#5659,.T.);
#5659 = CIRCLE('',#5660,0.210795812578);
#5660 = AXIS2_PLACEMENT_3D('',#5661,#5662,#5663);
#5661 = CARTESIAN_POINT('',(-4.465952099673,1.484504003649,-10.62));
#5662 = DIRECTION('',(5.782411586589E-16,-8.359070939181E-32,-1.));
#5663 = DIRECTION('',(1.,4.833558865184E-47,5.782411586589E-16));
#5664 = PLANE('',#5665);
#5665 = AXIS2_PLACEMENT_3D('',#5666,#5667,#5668);
#5666 = CARTESIAN_POINT('',(-4.425904796343,2.223807899774,-10.62));
#5667 = DIRECTION('',(-5.782411586589E-16,8.359070939181E-32,1.));
#5668 = DIRECTION('',(1.,0.,5.782411586589E-16));
#5669 = ADVANCED_FACE('',(#5670),#5682,.T.);
#5670 = FACE_BOUND('',#5671,.T.);
#5671 = EDGE_LOOP('',(#5672,#5673,#5680,#5681));
#5672 = ORIENTED_EDGE('',*,*,#129,.F.);
#5673 = ORIENTED_EDGE('',*,*,#5674,.F.);
#5674 = EDGE_CURVE('',#121,#119,#5675,.T.);
#5675 = CIRCLE('',#5676,0.228362130293);
#5676 = AXIS2_PLACEMENT_3D('',#5677,#5678,#5679);
#5677 = CARTESIAN_POINT('',(-4.144843712905,2.223807899774,-10.62));
#5678 = DIRECTION('',(5.782411586589E-16,-8.359070939181E-32,-1.));
#5679 = DIRECTION('',(-1.,-4.833558865184E-47,-5.782411586589E-16));
#5680 = ORIENTED_EDGE('',*,*,#146,.T.);
#5681 = ORIENTED_EDGE('',*,*,#1078,.T.);
#5682 = CYLINDRICAL_SURFACE('',#5683,0.228362130293);
#5683 = AXIS2_PLACEMENT_3D('',#5684,#5685,#5686);
#5684 = CARTESIAN_POINT('',(-4.144843712905,2.223807899774,-10.62));
#5685 = DIRECTION('',(-5.782411586589E-16,8.359070939181E-32,1.));
#5686 = DIRECTION('',(1.,4.833558865184E-47,5.782411586589E-16));
#5687 = ADVANCED_FACE('',(#5688),#5692,.T.);
#5688 = FACE_BOUND('',#5689,.T.);
#5689 = EDGE_LOOP('',(#5690,#5691));
#5690 = ORIENTED_EDGE('',*,*,#5674,.T.);
#5691 = ORIENTED_EDGE('',*,*,#118,.T.);
#5692 = PLANE('',#5693);
#5693 = AXIS2_PLACEMENT_3D('',#5694,#5695,#5696);
#5694 = CARTESIAN_POINT('',(-4.144843712905,2.223807899774,-10.62));
#5695 = DIRECTION('',(5.782411586589E-16,-8.359070939181E-32,-1.));
#5696 = DIRECTION('',(-1.,0.,-5.782411586589E-16));
#5697 = ADVANCED_FACE('',(#5698),#5704,.F.);
#5698 = FACE_BOUND('',#5699,.F.);
#5699 = EDGE_LOOP('',(#5700,#5701,#5702,#5703));
#5700 = ORIENTED_EDGE('',*,*,#5183,.T.);
#5701 = ORIENTED_EDGE('',*,*,#2962,.T.);
#5702 = ORIENTED_EDGE('',*,*,#5205,.T.);
#5703 = ORIENTED_EDGE('',*,*,#1098,.T.);
#5704 = CYLINDRICAL_SURFACE('',#5705,0.210795812578);
#5705 = AXIS2_PLACEMENT_3D('',#5706,#5707,#5708);
#5706 = CARTESIAN_POINT('',(-5.489204187422,3.289204187422,-10.52));
#5707 = DIRECTION('',(0.,-2.077513144882E-16,1.));
#5708 = DIRECTION('',(-0.,-1.,-2.077513144882E-16));
#5709 = ADVANCED_FACE('',(#5710),#5716,.T.);
#5710 = FACE_BOUND('',#5711,.T.);
#5711 = EDGE_LOOP('',(#5712,#5713,#5714,#5715));
#5712 = ORIENTED_EDGE('',*,*,#3015,.F.);
#5713 = ORIENTED_EDGE('',*,*,#3656,.F.);
#5714 = ORIENTED_EDGE('',*,*,#3604,.F.);
#5715 = ORIENTED_EDGE('',*,*,#1518,.F.);
#5716 = CYLINDRICAL_SURFACE('',#5717,0.210795812578);
#5717 = AXIS2_PLACEMENT_3D('',#5718,#5719,#5720);
#5718 = CARTESIAN_POINT('',(-0.210795812578,4.889204187422,-4.04));
#5719 = DIRECTION('',(1.224606353822E-16,-1.437369242011E-31,-1.));
#5720 = DIRECTION('',(-1.,-1.760211506556E-47,-1.224606353822E-16));
#5721 = ADVANCED_FACE('',(#5722),#5728,.F.);
#5722 = FACE_BOUND('',#5723,.F.);
#5723 = EDGE_LOOP('',(#5724,#5725,#5726,#5727));
#5724 = ORIENTED_EDGE('',*,*,#5212,.T.);
#5725 = ORIENTED_EDGE('',*,*,#2979,.T.);
#5726 = ORIENTED_EDGE('',*,*,#5227,.T.);
#5727 = ORIENTED_EDGE('',*,*,#1149,.T.);
#5728 = CYLINDRICAL_SURFACE('',#5729,0.210795812578);
#5729 = AXIS2_PLACEMENT_3D('',#5730,#5731,#5732);
#5730 = CARTESIAN_POINT('',(-5.489204187422,0.710795812578,-10.52));
#5731 = DIRECTION('',(0.,-2.077513144882E-16,1.));
#5732 = DIRECTION('',(-0.,-1.,-2.077513144882E-16));
#5733 = ADVANCED_FACE('',(#5734),#5740,.T.);
#5734 = FACE_BOUND('',#5735,.T.);
#5735 = EDGE_LOOP('',(#5736,#5737,#5738,#5739));
#5736 = ORIENTED_EDGE('',*,*,#3031,.F.);
#5737 = ORIENTED_EDGE('',*,*,#1772,.F.);
#5738 = ORIENTED_EDGE('',*,*,#3637,.F.);
#5739 = ORIENTED_EDGE('',*,*,#1845,.F.);
#5740 = CYLINDRICAL_SURFACE('',#5741,0.210795812578);
#5741 = AXIS2_PLACEMENT_3D('',#5742,#5743,#5744);
#5742 = CARTESIAN_POINT('',(-4.296847877437,8.289204187422,-6.58));
#5743 = DIRECTION('',(-1.224606353822E-16,1.10505930009E-45,1.));
#5744 = DIRECTION('',(1.,1.353262640241E-61,1.224606353822E-16));
#5745 = ADVANCED_FACE('',(#5746),#5752,.F.);
#5746 = FACE_BOUND('',#5747,.F.);
#5747 = EDGE_LOOP('',(#5748,#5749,#5750,#5751));
#5748 = ORIENTED_EDGE('',*,*,#5234,.T.);
#5749 = ORIENTED_EDGE('',*,*,#2996,.T.);
#5750 = ORIENTED_EDGE('',*,*,#5249,.T.);
#5751 = ORIENTED_EDGE('',*,*,#1132,.T.);
#5752 = CYLINDRICAL_SURFACE('',#5753,0.210795812578);
#5753 = AXIS2_PLACEMENT_3D('',#5754,#5755,#5756);
#5754 = CARTESIAN_POINT('',(-2.910795812578,0.710795812578,-10.52));
#5755 = DIRECTION('',(0.,-2.077513144882E-16,1.));
#5756 = DIRECTION('',(-0.,-1.,-2.077513144882E-16));
#5757 = ADVANCED_FACE('',(#5758),#5764,.T.);
#5758 = FACE_BOUND('',#5759,.T.);
#5759 = EDGE_LOOP('',(#5760,#5761,#5762,#5763));
#5760 = ORIENTED_EDGE('',*,*,#3039,.F.);
#5761 = ORIENTED_EDGE('',*,*,#1861,.F.);
#5762 = ORIENTED_EDGE('',*,*,#3629,.F.);
#5763 = ORIENTED_EDGE('',*,*,#3678,.F.);
#5764 = CYLINDRICAL_SURFACE('',#5765,0.210795812578);
#5765 = AXIS2_PLACEMENT_3D('',#5766,#5767,#5768);
#5766 = CARTESIAN_POINT('',(-1.811749315944,8.289204187422,-10.62));
#5767 = DIRECTION('',(3.179345597001E-31,-1.186547930283E-30,-1.));
#5768 = DIRECTION('',(3.772445937776E-61,1.,-1.186547930283E-30));
#5769 = ADVANCED_FACE('',(#5770),#5776,.T.);
#5770 = FACE_BOUND('',#5771,.T.);
#5771 = EDGE_LOOP('',(#5772,#5773,#5774,#5775));
#5772 = ORIENTED_EDGE('',*,*,#5634,.F.);
#5773 = ORIENTED_EDGE('',*,*,#5602,.F.);
#5774 = ORIENTED_EDGE('',*,*,#1290,.F.);
#5775 = ORIENTED_EDGE('',*,*,#5517,.F.);
#5776 = CYLINDRICAL_SURFACE('',#5777,0.210795812578);
#5777 = AXIS2_PLACEMENT_3D('',#5778,#5779,#5780);
#5778 = CARTESIAN_POINT('',(-4.465952099673,2.9631117959,-10.62));
#5779 = DIRECTION('',(-5.782411586589E-16,8.359070939181E-32,1.));
#5780 = DIRECTION('',(1.,4.833558865184E-47,5.782411586589E-16));
#5781 = ADVANCED_FACE('',(#5782),#5788,.T.);
#5782 = FACE_BOUND('',#5783,.T.);
#5783 = EDGE_LOOP('',(#5784,#5785,#5786,#5787));
#5784 = ORIENTED_EDGE('',*,*,#5451,.F.);
#5785 = ORIENTED_EDGE('',*,*,#5358,.F.);
#5786 = ORIENTED_EDGE('',*,*,#1219,.F.);
#5787 = ORIENTED_EDGE('',*,*,#5398,.F.);
#5788 = CYLINDRICAL_SURFACE('',#5789,0.210795812578);
#5789 = AXIS2_PLACEMENT_3D('',#5790,#5791,#5792);
#5790 = CARTESIAN_POINT('',(-3.823735326138,2.964195661241,-10.62));
#5791 = DIRECTION('',(-5.782411586589E-16,8.359070939181E-32,1.));
#5792 = DIRECTION('',(1.,4.833558865184E-47,5.782411586589E-16));
#5793 = ADVANCED_FACE('',(#5794),#5800,.T.);
#5794 = FACE_BOUND('',#5795,.T.);
#5795 = EDGE_LOOP('',(#5796,#5797,#5798,#5799));
#5796 = ORIENTED_EDGE('',*,*,#5459,.F.);
#5797 = ORIENTED_EDGE('',*,*,#5405,.F.);
#5798 = ORIENTED_EDGE('',*,*,#1202,.F.);
#5799 = ORIENTED_EDGE('',*,*,#5429,.F.);
#5800 = CYLINDRICAL_SURFACE('',#5801,0.210795812578);
#5801 = AXIS2_PLACEMENT_3D('',#5802,#5803,#5804);
#5802 = CARTESIAN_POINT('',(-3.252513783586,2.964195661241,-10.62));
#5803 = DIRECTION('',(-5.782411586589E-16,8.359070939181E-32,1.));
#5804 = DIRECTION('',(1.,4.833558865184E-47,5.782411586589E-16));
#5805 = ADVANCED_FACE('',(#5806),#5812,.T.);
#5806 = FACE_BOUND('',#5807,.T.);
#5807 = EDGE_LOOP('',(#5808,#5809,#5810,#5811));
#5808 = ORIENTED_EDGE('',*,*,#5650,.F.);
#5809 = ORIENTED_EDGE('',*,*,#5555,.F.);
#5810 = ORIENTED_EDGE('',*,*,#1325,.F.);
#5811 = ORIENTED_EDGE('',*,*,#5580,.F.);
#5812 = CYLINDRICAL_SURFACE('',#5813,0.210795812578);
#5813 = AXIS2_PLACEMENT_3D('',#5814,#5815,#5816);
#5814 = CARTESIAN_POINT('',(-4.465952099673,1.638596440536,-10.62));
#5815 = DIRECTION('',(-5.782411586589E-16,8.359070939181E-32,1.));
#5816 = DIRECTION('',(1.,4.833558865184E-47,5.782411586589E-16));
#5817 = ADVANCED_FACE('',(#5818),#5824,.T.);
#5818 = FACE_BOUND('',#5819,.T.);
#5819 = EDGE_LOOP('',(#5820,#5821,#5822,#5823));
#5820 = ORIENTED_EDGE('',*,*,#5492,.F.);
#5821 = ORIENTED_EDGE('',*,*,#160,.F.);
#5822 = ORIENTED_EDGE('',*,*,#1236,.F.);
#5823 = ORIENTED_EDGE('',*,*,#5374,.F.);
#5824 = CYLINDRICAL_SURFACE('',#5825,0.210795812578);
#5825 = AXIS2_PLACEMENT_3D('',#5826,#5827,#5828);
#5826 = CARTESIAN_POINT('',(-3.823735326138,2.809019359012,-10.62));
#5827 = DIRECTION('',(-5.782411586589E-16,8.359070939181E-32,1.));
#5828 = DIRECTION('',(1.,4.833558865184E-47,5.782411586589E-16));
#5829 = ADVANCED_FACE('',(#5830),#5836,.T.);
#5830 = FACE_BOUND('',#5831,.T.);
#5831 = EDGE_LOOP('',(#5832,#5833,#5834,#5835));
#5832 = ORIENTED_EDGE('',*,*,#5467,.F.);
#5833 = ORIENTED_EDGE('',*,*,#5436,.F.);
#5834 = ORIENTED_EDGE('',*,*,#1185,.F.);
#5835 = ORIENTED_EDGE('',*,*,#5280,.F.);
#5836 = CYLINDRICAL_SURFACE('',#5837,0.210795812578);
#5837 = AXIS2_PLACEMENT_3D('',#5838,#5839,#5840);
#5838 = CARTESIAN_POINT('',(-3.252513783586,1.035804338766,-10.62));
#5839 = DIRECTION('',(-5.782411586589E-16,8.359070939181E-32,1.));
#5840 = DIRECTION('',(1.,4.833558865184E-47,5.782411586589E-16));
#5841 = ADVANCED_FACE('',(#5842),#5848,.T.);
#5842 = FACE_BOUND('',#5843,.T.);
#5843 = EDGE_LOOP('',(#5844,#5845,#5846,#5847));
#5844 = ORIENTED_EDGE('',*,*,#5658,.F.);
#5845 = ORIENTED_EDGE('',*,*,#5587,.F.);
#5846 = ORIENTED_EDGE('',*,*,#1308,.F.);
#5847 = ORIENTED_EDGE('',*,*,#5619,.F.);
#5848 = CYLINDRICAL_SURFACE('',#5849,0.210795812578);
#5849 = AXIS2_PLACEMENT_3D('',#5850,#5851,#5852);
#5850 = CARTESIAN_POINT('',(-4.465952099673,1.484504003649,-10.62));
#5851 = DIRECTION('',(-5.782411586589E-16,8.359070939181E-32,1.));
#5852 = DIRECTION('',(1.,4.833558865184E-47,5.782411586589E-16));
#5853 = ADVANCED_FACE('',(#5854),#5860,.T.);
#5854 = FACE_BOUND('',#5855,.T.);
#5855 = EDGE_LOOP('',(#5856,#5857,#5858,#5859));
#5856 = ORIENTED_EDGE('',*,*,#5483,.F.);
#5857 = ORIENTED_EDGE('',*,*,#5302,.F.);
#5858 = ORIENTED_EDGE('',*,*,#1253,.F.);
#5859 = ORIENTED_EDGE('',*,*,#5333,.F.);
#5860 = CYLINDRICAL_SURFACE('',#5861,0.210795812578);
#5861 = AXIS2_PLACEMENT_3D('',#5862,#5863,#5864);
#5862 = CARTESIAN_POINT('',(-3.823735326138,1.638596440536,-10.62));
#5863 = DIRECTION('',(-5.782411586589E-16,8.359070939181E-32,1.));
#5864 = DIRECTION('',(1.,4.833558865184E-47,5.782411586589E-16));
#5865 = ADVANCED_FACE('',(#5866),#5872,.T.);
#5866 = FACE_BOUND('',#5867,.T.);
#5867 = EDGE_LOOP('',(#5868,#5869,#5870,#5871));
#5868 = ORIENTED_EDGE('',*,*,#5475,.F.);
#5869 = ORIENTED_EDGE('',*,*,#5287,.F.);
#5870 = ORIENTED_EDGE('',*,*,#1168,.F.);
#5871 = ORIENTED_EDGE('',*,*,#5318,.F.);
#5872 = CYLINDRICAL_SURFACE('',#5873,0.210795812578);
#5873 = AXIS2_PLACEMENT_3D('',#5874,#5875,#5876);
#5874 = CARTESIAN_POINT('',(-3.823735326138,1.035804338766,-10.62));
#5875 = DIRECTION('',(-5.782411586589E-16,8.359070939181E-32,1.));
#5876 = DIRECTION('',(1.,4.833558865184E-47,5.782411586589E-16));
#5877 = ADVANCED_FACE('',(#5878),#5884,.T.);
#5878 = FACE_BOUND('',#5879,.T.);
#5879 = EDGE_LOOP('',(#5880,#5881,#5882,#5883));
#5880 = ORIENTED_EDGE('',*,*,#5642,.F.);
#5881 = ORIENTED_EDGE('',*,*,#5524,.F.);
#5882 = ORIENTED_EDGE('',*,*,#1273,.F.);
#5883 = ORIENTED_EDGE('',*,*,#5538,.F.);
#5884 = CYLINDRICAL_SURFACE('',#5885,0.210795812578);
#5885 = AXIS2_PLACEMENT_3D('',#5886,#5887,#5888);
#5886 = CARTESIAN_POINT('',(-4.465952099673,2.809019359012,-10.62));
#5887 = DIRECTION('',(-5.782411586589E-16,8.359070939181E-32,1.));
#5888 = DIRECTION('',(1.,4.833558865184E-47,5.782411586589E-16));
#5889 = ADVANCED_FACE('',(#5890),#5896,.F.);
#5890 = FACE_BOUND('',#5891,.F.);
#5891 = EDGE_LOOP('',(#5892,#5893,#5894,#5895));
#5892 = ORIENTED_EDGE('',*,*,#5256,.T.);
#5893 = ORIENTED_EDGE('',*,*,#2945,.T.);
#5894 = ORIENTED_EDGE('',*,*,#5190,.T.);
#5895 = ORIENTED_EDGE('',*,*,#1115,.T.);
#5896 = CYLINDRICAL_SURFACE('',#5897,0.210795812578);
#5897 = AXIS2_PLACEMENT_3D('',#5898,#5899,#5900);
#5898 = CARTESIAN_POINT('',(-2.910795812578,3.289204187422,-10.52));
#5899 = DIRECTION('',(0.,-2.077513144882E-16,1.));
#5900 = DIRECTION('',(-0.,-1.,-2.077513144882E-16));
#5901 = ADVANCED_FACE('',(#5902),#5917,.F.);
#5902 = FACE_BOUND('',#5903,.F.);
#5903 = EDGE_LOOP('',(#5904,#5905,#5906,#5915,#5916));
#5904 = ORIENTED_EDGE('',*,*,#1902,.T.);
#5905 = ORIENTED_EDGE('',*,*,#1966,.T.);
#5906 = ORIENTED_EDGE('',*,*,#5907,.T.);
#5907 = EDGE_CURVE('',#1933,#1984,#5908,.T.);
#5908 = B_SPLINE_CURVE_WITH_KNOTS('',3,(#5909,#5910,#5911,#5912,#5913,
    #5914),.UNSPECIFIED.,.F.,.F.,(4,2,4),(0.,2.256722043561E-04,
    4.513444087121E-04),.UNSPECIFIED.);
#5909 = CARTESIAN_POINT('',(-0.847375630508,4.229409522551,
    -7.569595684436));
#5910 = CARTESIAN_POINT('',(-0.827893061124,4.302119461357,
    -7.582729047088));
#5911 = CARTESIAN_POINT('',(-0.793164999518,4.367448598263,
    -7.604240530213));
#5912 = CARTESIAN_POINT('',(-0.698515826737,4.479120540822,
    -7.640285651413));
#5913 = CARTESIAN_POINT('',(-0.637772218145,4.525590064521,-7.655));
#5914 = CARTESIAN_POINT('',(-0.567893218813,4.556722766599,-7.655));
#5915 = ORIENTED_EDGE('',*,*,#1992,.T.);
#5916 = ORIENTED_EDGE('',*,*,#2332,.T.);
#5917 = CYLINDRICAL_SURFACE('',#5918,0.5);
#5918 = AXIS2_PLACEMENT_3D('',#5919,#5920,#5921);
#5919 = CARTESIAN_POINT('',(-0.567893218813,1.3,-7.155));
#5920 = DIRECTION('',(0.,-1.,0.));
#5921 = DIRECTION('',(0.,0.,-1.));
#5922 = ADVANCED_FACE('',(#5923),#5937,.F.);
#5923 = FACE_BOUND('',#5924,.F.);
#5924 = EDGE_LOOP('',(#5925,#5926,#5927,#5928,#5935,#5936));
#5925 = ORIENTED_EDGE('',*,*,#1981,.T.);
#5926 = ORIENTED_EDGE('',*,*,#5907,.F.);
#5927 = ORIENTED_EDGE('',*,*,#1932,.T.);
#5928 = ORIENTED_EDGE('',*,*,#5929,.T.);
#5929 = EDGE_CURVE('',#1935,#2266,#5930,.T.);
#5930 = B_SPLINE_CURVE_WITH_KNOTS('',3,(#5931,#5932,#5933,#5934),
  .UNSPECIFIED.,.F.,.F.,(4,4),(0.,4.53039013048E-04),
  .PIECEWISE_BEZIER_KNOTS.);
#5931 = CARTESIAN_POINT('',(-0.847375630508,4.229409522551,
    -5.590404315564));
#5932 = CARTESIAN_POINT('',(-0.808442550934,4.374709753618,
    -5.564159201631));
#5933 = CARTESIAN_POINT('',(-0.707682477715,4.494443435287,-5.505));
#5934 = CARTESIAN_POINT('',(-0.567893218813,4.556722766599,-5.505));
#5935 = ORIENTED_EDGE('',*,*,#2273,.T.);
#5936 = ORIENTED_EDGE('',*,*,#2029,.T.);
#5937 = CYLINDRICAL_SURFACE('',#5938,0.5);
#5938 = AXIS2_PLACEMENT_3D('',#5939,#5940,#5941);
#5939 = CARTESIAN_POINT('',(-0.364412717364,4.1,-6.58));
#5940 = DIRECTION('',(-1.224606353822E-16,0.,1.));
#5941 = DIRECTION('',(1.,0.,1.224606353822E-16));
#5942 = ADVANCED_FACE('',(#5943),#5950,.F.);
#5943 = FACE_BOUND('',#5944,.F.);
#5944 = EDGE_LOOP('',(#5945,#5946,#5947,#5948,#5949));
#5945 = ORIENTED_EDGE('',*,*,#2265,.T.);
#5946 = ORIENTED_EDGE('',*,*,#5929,.F.);
#5947 = ORIENTED_EDGE('',*,*,#1942,.T.);
#5948 = ORIENTED_EDGE('',*,*,#2291,.T.);
#5949 = ORIENTED_EDGE('',*,*,#2322,.T.);
#5950 = CYLINDRICAL_SURFACE('',#5951,0.5);
#5951 = AXIS2_PLACEMENT_3D('',#5952,#5953,#5954);
#5952 = CARTESIAN_POINT('',(-0.567893218813,1.3,-6.005));
#5953 = DIRECTION('',(0.,-1.,0.));
#5954 = DIRECTION('',(0.,0.,-1.));
#5955 = ADVANCED_FACE('',(#5956),#5969,.F.);
#5956 = FACE_BOUND('',#5957,.F.);
#5957 = EDGE_LOOP('',(#5958,#5959,#5960,#5967,#5968));
#5958 = ORIENTED_EDGE('',*,*,#2874,.T.);
#5959 = ORIENTED_EDGE('',*,*,#2790,.T.);
#5960 = ORIENTED_EDGE('',*,*,#5961,.T.);
#5961 = EDGE_CURVE('',#2757,#2833,#5962,.T.);
#5962 = B_SPLINE_CURVE_WITH_KNOTS('',3,(#5963,#5964,#5965,#5966),
  .UNSPECIFIED.,.F.,.F.,(4,4),(0.,4.530390130479E-04),
  .PIECEWISE_BEZIER_KNOTS.);
#5963 = CARTESIAN_POINT('',(-0.847375630508,4.229409522551,
    -2.489595684436));
#5964 = CARTESIAN_POINT('',(-0.808442550934,4.374709753618,
    -2.515840798369));
#5965 = CARTESIAN_POINT('',(-0.707682477715,4.494443435287,-2.575));
#5966 = CARTESIAN_POINT('',(-0.567893218813,4.556722766599,-2.575));
#5967 = ORIENTED_EDGE('',*,*,#2841,.T.);
#5968 = ORIENTED_EDGE('',*,*,#2913,.T.);
#5969 = CYLINDRICAL_SURFACE('',#5970,0.5);
#5970 = AXIS2_PLACEMENT_3D('',#5971,#5972,#5973);
#5971 = CARTESIAN_POINT('',(-0.567893218813,1.3,-2.075));
#5972 = DIRECTION('',(0.,1.,0.));
#5973 = DIRECTION('',(0.,-0.,1.));
#5974 = ADVANCED_FACE('',(#5975),#5989,.F.);
#5975 = FACE_BOUND('',#5976,.F.);
#5976 = EDGE_LOOP('',(#5977,#5978,#5979,#5980,#5987,#5988));
#5977 = ORIENTED_EDGE('',*,*,#2832,.T.);
#5978 = ORIENTED_EDGE('',*,*,#5961,.F.);
#5979 = ORIENTED_EDGE('',*,*,#2756,.T.);
#5980 = ORIENTED_EDGE('',*,*,#5981,.T.);
#5981 = EDGE_CURVE('',#2759,#3579,#5982,.T.);
#5982 = B_SPLINE_CURVE_WITH_KNOTS('',3,(#5983,#5984,#5985,#5986),
  .UNSPECIFIED.,.F.,.F.,(4,4),(0.,4.53039013048E-04),
  .PIECEWISE_BEZIER_KNOTS.);
#5983 = CARTESIAN_POINT('',(-0.847375630508,4.229409522551,
    -0.510404315564));
#5984 = CARTESIAN_POINT('',(-0.808442550934,4.374709753618,
    -0.484159201631));
#5985 = CARTESIAN_POINT('',(-0.707682477715,4.494443435287,-0.425));
#5986 = CARTESIAN_POINT('',(-0.567893218813,4.556722766599,-0.425));
#5987 = ORIENTED_EDGE('',*,*,#3586,.T.);
#5988 = ORIENTED_EDGE('',*,*,#2733,.T.);
#5989 = CYLINDRICAL_SURFACE('',#5990,0.5);
#5990 = AXIS2_PLACEMENT_3D('',#5991,#5992,#5993);
#5991 = CARTESIAN_POINT('',(-0.364412717364,4.1,-1.5));
#5992 = DIRECTION('',(-1.224606353822E-16,0.,1.));
#5993 = DIRECTION('',(1.,0.,1.224606353822E-16));
#5994 = ADVANCED_FACE('',(#5995),#6002,.F.);
#5995 = FACE_BOUND('',#5996,.F.);
#5996 = EDGE_LOOP('',(#5997,#5998,#5999,#6000,#6001));
#5997 = ORIENTED_EDGE('',*,*,#3578,.T.);
#5998 = ORIENTED_EDGE('',*,*,#5981,.F.);
#5999 = ORIENTED_EDGE('',*,*,#2766,.T.);
#6000 = ORIENTED_EDGE('',*,*,#2695,.T.);
#6001 = ORIENTED_EDGE('',*,*,#2896,.T.);
#6002 = CYLINDRICAL_SURFACE('',#6003,0.5);
#6003 = AXIS2_PLACEMENT_3D('',#6004,#6005,#6006);
#6004 = CARTESIAN_POINT('',(-0.567893218813,0.,-0.925));
#6005 = DIRECTION('',(0.,1.,0.));
#6006 = DIRECTION('',(0.,-0.,1.));
#6007 = ADVANCED_FACE('',(#6008),#6023,.F.);
#6008 = FACE_BOUND('',#6009,.F.);
#6009 = EDGE_LOOP('',(#6010,#6011,#6012,#6021,#6022));
#6010 = ORIENTED_EDGE('',*,*,#2565,.T.);
#6011 = ORIENTED_EDGE('',*,*,#2805,.T.);
#6012 = ORIENTED_EDGE('',*,*,#6013,.T.);
#6013 = EDGE_CURVE('',#2806,#2422,#6014,.T.);
#6014 = B_SPLINE_CURVE_WITH_KNOTS('',3,(#6015,#6016,#6017,#6018,#6019,
    #6020),.UNSPECIFIED.,.F.,.F.,(4,2,4),(0.,2.275524060372E-04,
    4.551048120744E-04),.UNSPECIFIED.);
#6015 = CARTESIAN_POINT('',(-0.567893218813,4.556722766599,-2.965));
#6016 = CARTESIAN_POINT('',(-0.637772218145,4.525590064521,-2.965));
#6017 = CARTESIAN_POINT('',(-0.698515826737,4.479120540822,
    -2.979714348587));
#6018 = CARTESIAN_POINT('',(-0.793164999518,4.367448598263,
    -3.015759469787));
#6019 = CARTESIAN_POINT('',(-0.827893061124,4.302119461357,
    -3.037270952912));
#6020 = CARTESIAN_POINT('',(-0.847375630508,4.229409522551,
    -3.050404315564));
#6021 = ORIENTED_EDGE('',*,*,#2429,.T.);
#6022 = ORIENTED_EDGE('',*,*,#2461,.T.);
#6023 = CYLINDRICAL_SURFACE('',#6024,0.5);
#6024 = AXIS2_PLACEMENT_3D('',#6025,#6026,#6027);
#6025 = CARTESIAN_POINT('',(-0.567893218813,1.3,-3.465));
#6026 = DIRECTION('',(0.,1.,0.));
#6027 = DIRECTION('',(0.,-0.,1.));
#6028 = ADVANCED_FACE('',(#6029),#6045,.F.);
#6029 = FACE_BOUND('',#6030,.F.);
#6030 = EDGE_LOOP('',(#6031,#6032,#6033,#6034,#6043,#6044));
#6031 = ORIENTED_EDGE('',*,*,#2813,.T.);
#6032 = ORIENTED_EDGE('',*,*,#2641,.T.);
#6033 = ORIENTED_EDGE('',*,*,#2600,.T.);
#6034 = ORIENTED_EDGE('',*,*,#6035,.T.);
#6035 = EDGE_CURVE('',#2603,#2413,#6036,.T.);
#6036 = B_SPLINE_CURVE_WITH_KNOTS('',3,(#6037,#6038,#6039,#6040,#6041,
    #6042),.UNSPECIFIED.,.F.,.F.,(4,2,4),(0.,2.275524060372E-04,
    4.551048120743E-04),.UNSPECIFIED.);
#6037 = CARTESIAN_POINT('',(-0.567893218813,4.556722766599,-5.115));
#6038 = CARTESIAN_POINT('',(-0.637772218145,4.525590064521,-5.115));
#6039 = CARTESIAN_POINT('',(-0.698515826737,4.479120540822,
    -5.100285651413));
#6040 = CARTESIAN_POINT('',(-0.793164999518,4.367448598263,
    -5.064240530213));
#6041 = CARTESIAN_POINT('',(-0.827893061124,4.302119461357,
    -5.042729047088));
#6042 = CARTESIAN_POINT('',(-0.847375630508,4.229409522551,
    -5.029595684436));
#6043 = ORIENTED_EDGE('',*,*,#2421,.T.);
#6044 = ORIENTED_EDGE('',*,*,#6013,.F.);
#6045 = CYLINDRICAL_SURFACE('',#6046,0.5);
#6046 = AXIS2_PLACEMENT_3D('',#6047,#6048,#6049);
#6047 = CARTESIAN_POINT('',(-0.364412717364,4.1,-4.04));
#6048 = DIRECTION('',(1.224606353822E-16,0.,-1.));
#6049 = DIRECTION('',(-1.,0.,-1.224606353822E-16));
#6050 = ADVANCED_FACE('',(#6051),#6058,.F.);
#6051 = FACE_BOUND('',#6052,.F.);
#6052 = EDGE_LOOP('',(#6053,#6054,#6055,#6056,#6057));
#6053 = ORIENTED_EDGE('',*,*,#2381,.T.);
#6054 = ORIENTED_EDGE('',*,*,#2412,.T.);
#6055 = ORIENTED_EDGE('',*,*,#6035,.F.);
#6056 = ORIENTED_EDGE('',*,*,#2611,.T.);
#6057 = ORIENTED_EDGE('',*,*,#2550,.T.);
#6058 = CYLINDRICAL_SURFACE('',#6059,0.5);
#6059 = AXIS2_PLACEMENT_3D('',#6060,#6061,#6062);
#6060 = CARTESIAN_POINT('',(-0.567893218813,1.3,-4.615));
#6061 = DIRECTION('',(0.,-1.,0.));
#6062 = DIRECTION('',(0.,0.,-1.));
#6063 = ADVANCED_FACE('',(#6064),#6077,.F.);
#6064 = FACE_BOUND('',#6065,.F.);
#6065 = EDGE_LOOP('',(#6066,#6067,#6068,#6075,#6076));
#6066 = ORIENTED_EDGE('',*,*,#2514,.T.);
#6067 = ORIENTED_EDGE('',*,*,#2084,.T.);
#6068 = ORIENTED_EDGE('',*,*,#6069,.T.);
#6069 = EDGE_CURVE('',#2085,#2200,#6070,.T.);
#6070 = B_SPLINE_CURVE_WITH_KNOTS('',3,(#6071,#6072,#6073,#6074),
  .UNSPECIFIED.,.F.,.F.,(4,4),(0.,4.509677881358E-04),
  .PIECEWISE_BEZIER_KNOTS.);
#6071 = CARTESIAN_POINT('',(-0.567893218813,4.556722766599,-8.045));
#6072 = CARTESIAN_POINT('',(-0.707682477715,4.494443435287,-8.045));
#6073 = CARTESIAN_POINT('',(-0.808442550934,4.374709753618,
    -8.104159201631));
#6074 = CARTESIAN_POINT('',(-0.847375630508,4.229409522551,
    -8.130404315564));
#6075 = ORIENTED_EDGE('',*,*,#2207,.T.);
#6076 = ORIENTED_EDGE('',*,*,#2119,.T.);
#6077 = CYLINDRICAL_SURFACE('',#6078,0.5);
#6078 = AXIS2_PLACEMENT_3D('',#6079,#6080,#6081);
#6079 = CARTESIAN_POINT('',(-0.567893218813,1.3,-8.545));
#6080 = DIRECTION('',(0.,-1.,0.));
#6081 = DIRECTION('',(0.,0.,-1.));
#6082 = ADVANCED_FACE('',(#6083),#6099,.F.);
#6083 = FACE_BOUND('',#6084,.F.);
#6084 = EDGE_LOOP('',(#6085,#6086,#6087,#6088,#6097,#6098));
#6085 = ORIENTED_EDGE('',*,*,#2092,.T.);
#6086 = ORIENTED_EDGE('',*,*,#2053,.T.);
#6087 = ORIENTED_EDGE('',*,*,#3062,.T.);
#6088 = ORIENTED_EDGE('',*,*,#6089,.T.);
#6089 = EDGE_CURVE('',#3063,#2191,#6090,.T.);
#6090 = B_SPLINE_CURVE_WITH_KNOTS('',3,(#6091,#6092,#6093,#6094,#6095,
    #6096),.UNSPECIFIED.,.F.,.F.,(4,2,4),(0.,2.275524060372E-04,
    4.551048120743E-04),.UNSPECIFIED.);
#6091 = CARTESIAN_POINT('',(-0.567893218813,4.556722766599,-10.195));
#6092 = CARTESIAN_POINT('',(-0.637772218145,4.525590064521,-10.195));
#6093 = CARTESIAN_POINT('',(-0.698515826737,4.479120540822,
    -10.18028565141));
#6094 = CARTESIAN_POINT('',(-0.793164999518,4.367448598263,
    -10.14424053021));
#6095 = CARTESIAN_POINT('',(-0.827893061124,4.302119461357,
    -10.12272904708));
#6096 = CARTESIAN_POINT('',(-0.847375630508,4.229409522551,
    -10.10959568443));
#6097 = ORIENTED_EDGE('',*,*,#2199,.T.);
#6098 = ORIENTED_EDGE('',*,*,#6069,.F.);
#6099 = CYLINDRICAL_SURFACE('',#6100,0.5);
#6100 = AXIS2_PLACEMENT_3D('',#6101,#6102,#6103);
#6101 = CARTESIAN_POINT('',(-0.364412717364,4.1,-9.12));
#6102 = DIRECTION('',(-1.224606353822E-16,0.,1.));
#6103 = DIRECTION('',(1.,0.,1.224606353822E-16));
#6104 = ADVANCED_FACE('',(#6105),#6112,.F.);
#6105 = FACE_BOUND('',#6106,.F.);
#6106 = EDGE_LOOP('',(#6107,#6108,#6109,#6110,#6111));
#6107 = ORIENTED_EDGE('',*,*,#2159,.T.);
#6108 = ORIENTED_EDGE('',*,*,#2190,.T.);
#6109 = ORIENTED_EDGE('',*,*,#6089,.F.);
#6110 = ORIENTED_EDGE('',*,*,#3071,.T.);
#6111 = ORIENTED_EDGE('',*,*,#2499,.T.);
#6112 = CYLINDRICAL_SURFACE('',#6113,0.5);
#6113 = AXIS2_PLACEMENT_3D('',#6114,#6115,#6116);
#6114 = CARTESIAN_POINT('',(-0.567893218813,1.3,-9.695));
#6115 = DIRECTION('',(0.,1.,0.));
#6116 = DIRECTION('',(0.,-0.,1.));
#6117 = ( GEOMETRIC_REPRESENTATION_CONTEXT(3) 
GLOBAL_UNCERTAINTY_ASSIGNED_CONTEXT((#6121)) 
GLOBAL_UNIT_ASSIGNED_CONTEXT((#6118,#6119,#6120)) REPRESENTATION_CONTEXT
('Context #1','3D Context with UNIT and UNCERTAINTY') );
#6118 = ( LENGTH_UNIT() NAMED_UNIT(*) SI_UNIT(.MILLI.,.METRE.) );
#6119 = ( NAMED_UNIT(*) PLANE_ANGLE_UNIT() SI_UNIT($,.RADIAN.) );
#6120 = ( NAMED_UNIT(*) SI_UNIT($,.STERADIAN.) SOLID_ANGLE_UNIT() );
#6121 = UNCERTAINTY_MEASURE_WITH_UNIT(LENGTH_MEASURE(5.E-06),#6118,
  'distance_accuracy_value','confusion accuracy');
#6122 = CONTEXT_DEPENDENT_SHAPE_REPRESENTATION(#6123,#6125);
#6123 = ( REPRESENTATION_RELATIONSHIP('','',#111,#88) 
REPRESENTATION_RELATIONSHIP_WITH_TRANSFORMATION(#6124) 
SHAPE_REPRESENTATION_RELATIONSHIP() );
#6124 = ITEM_DEFINED_TRANSFORMATION('','',#11,#89);
#6125 = PRODUCT_DEFINITION_SHAPE('Placement','Placement of an item',
  #6126);
#6126 = NEXT_ASSEMBLY_USAGE_OCCURRENCE('1','=>[0:1:1:3]','',#83,#106,$);
#6127 = PRODUCT_RELATED_PRODUCT_CATEGORY('part',$,(#108));
#6128 = SHAPE_DEFINITION_REPRESENTATION(#6129,#6135);
#6129 = PRODUCT_DEFINITION_SHAPE('','',#6130);
#6130 = PRODUCT_DEFINITION('design','',#6131,#6134);
#6131 = PRODUCT_DEFINITION_FORMATION('','',#6132);
#6132 = PRODUCT('EE2-5NU','EE2-5NU','',(#6133));
#6133 = PRODUCT_CONTEXT('',#2,'mechanical');
#6134 = PRODUCT_DEFINITION_CONTEXT('part definition',#2,'design');
#6135 = SHAPE_REPRESENTATION('',(#11,#6136),#6140);
#6136 = AXIS2_PLACEMENT_3D('',#6137,#6138,#6139);
#6137 = CARTESIAN_POINT('',(0.,0.,0.));
#6138 = DIRECTION('',(0.,0.,1.));
#6139 = DIRECTION('',(1.,0.,-0.));
#6140 = ( GEOMETRIC_REPRESENTATION_CONTEXT(3) 
GLOBAL_UNCERTAINTY_ASSIGNED_CONTEXT((#6144)) 
GLOBAL_UNIT_ASSIGNED_CONTEXT((#6141,#6142,#6143)) REPRESENTATION_CONTEXT
('Context #1','3D Context with UNIT and UNCERTAINTY') );
#6141 = ( LENGTH_UNIT() NAMED_UNIT(*) SI_UNIT(.MILLI.,.METRE.) );
#6142 = ( NAMED_UNIT(*) PLANE_ANGLE_UNIT() SI_UNIT($,.RADIAN.) );
#6143 = ( NAMED_UNIT(*) SI_UNIT($,.STERADIAN.) SOLID_ANGLE_UNIT() );
#6144 = UNCERTAINTY_MEASURE_WITH_UNIT(LENGTH_MEASURE(1.E-07),#6141,
  'distance_accuracy_value','confusion accuracy');
#6145 = CONTEXT_DEPENDENT_SHAPE_REPRESENTATION(#6146,#6148);
#6146 = ( REPRESENTATION_RELATIONSHIP('','',#6135,#10) 
REPRESENTATION_RELATIONSHIP_WITH_TRANSFORMATION(#6147) 
SHAPE_REPRESENTATION_RELATIONSHIP() );
#6147 = ITEM_DEFINED_TRANSFORMATION('','',#11,#19);
#6148 = PRODUCT_DEFINITION_SHAPE('Placement','Placement of an item',
  #6149);
#6149 = NEXT_ASSEMBLY_USAGE_OCCURRENCE('4','K1','',#5,#6130,$);
#6150 = PRODUCT_RELATED_PRODUCT_CATEGORY('part',$,(#6132));
#6151 = SHAPE_DEFINITION_REPRESENTATION(#6152,#6158);
#6152 = PRODUCT_DEFINITION_SHAPE('','',#6153);
#6153 = PRODUCT_DEFINITION('design','',#6154,#6157);
#6154 = PRODUCT_DEFINITION_FORMATION('','',#6155);
#6155 = PRODUCT('IR_TEE2STD_L15W7.5H10LL1.2',
  'IR_TEE2STD_L15W7.5H10LL1.2','',(#6156));
#6156 = PRODUCT_CONTEXT('',#2,'mechanical');
#6157 = PRODUCT_DEFINITION_CONTEXT('part definition',#2,'design');
#6158 = ADVANCED_BREP_SHAPE_REPRESENTATION('',(#11,#6159),#9686);
#6159 = MANIFOLD_SOLID_BREP('',#6160);
#6160 = CLOSED_SHELL('',(#6161,#6615,#6646,#6670,#6694,#6711,#6995,#7026
    ,#7057,#7088,#7119,#7141,#7155,#7169,#7200,#7231,#7262,#7293,#7315,
    #7329,#7343,#7374,#7405,#7436,#7467,#7489,#7503,#7517,#7548,#7579,
    #7610,#7641,#7663,#7677,#7691,#7722,#7753,#7784,#7815,#7837,#7851,
    #7865,#7896,#7927,#7958,#7989,#8011,#8025,#8039,#8070,#8101,#8132,
    #8163,#8185,#8199,#8213,#8244,#8275,#8306,#8337,#8359,#8373,#8387,
    #8418,#8442,#8466,#8490,#8514,#8538,#8562,#8586,#8610,#8634,#8651,
    #8670,#8701,#8725,#8749,#8773,#8797,#8821,#8845,#8869,#8893,#8917,
    #8941,#8965,#8989,#9013,#9037,#9061,#9085,#9109,#9133,#9157,#9181,
    #9205,#9222,#9253,#9284,#9308,#9332,#9356,#9380,#9404,#9428,#9452,
    #9476,#9500,#9524,#9548,#9572,#9596,#9620,#9644,#9661));
#6161 = ADVANCED_FACE('',(#6162,#6348,#6382,#6472),#6610,.F.);
#6162 = FACE_BOUND('',#6163,.T.);
#6163 = EDGE_LOOP('',(#6164,#6174,#6182,#6190,#6198,#6206,#6214,#6222,
    #6230,#6238,#6246,#6254,#6262,#6270,#6278,#6286,#6294,#6302,#6310,
    #6318,#6326,#6334,#6342));
#6164 = ORIENTED_EDGE('',*,*,#6165,.F.);
#6165 = EDGE_CURVE('',#6166,#6168,#6170,.T.);
#6166 = VERTEX_POINT('',#6167);
#6167 = CARTESIAN_POINT('',(8.49914948815,8.8,-4.354115567485));
#6168 = VERTEX_POINT('',#6169);
#6169 = CARTESIAN_POINT('',(7.968587361192,8.8,-4.354115567485));
#6170 = LINE('',#6171,#6172);
#6171 = CARTESIAN_POINT('',(8.49914948815,8.8,-4.354115567485));
#6172 = VECTOR('',#6173,1.);
#6173 = DIRECTION('',(-1.,0.,0.));
#6174 = ORIENTED_EDGE('',*,*,#6175,.F.);
#6175 = EDGE_CURVE('',#6176,#6166,#6178,.T.);
#6176 = VERTEX_POINT('',#6177);
#6177 = CARTESIAN_POINT('',(8.151354483517,8.8,-3.144424836979));
#6178 = LINE('',#6179,#6180);
#6179 = CARTESIAN_POINT('',(8.151354483517,8.8,-3.144424836979));
#6180 = VECTOR('',#6181,1.);
#6181 = DIRECTION('',(0.276313970254,0.,-0.961067422111));
#6182 = ORIENTED_EDGE('',*,*,#6183,.F.);
#6183 = EDGE_CURVE('',#6184,#6176,#6186,.T.);
#6184 = VERTEX_POINT('',#6185);
#6185 = CARTESIAN_POINT('',(7.84395336971,8.8,-3.144424836979));
#6186 = LINE('',#6187,#6188);
#6187 = CARTESIAN_POINT('',(7.84395336971,8.8,-3.144424836979));
#6188 = VECTOR('',#6189,1.);
#6189 = DIRECTION('',(1.,0.,0.));
#6190 = ORIENTED_EDGE('',*,*,#6191,.F.);
#6191 = EDGE_CURVE('',#6192,#6184,#6194,.T.);
#6192 = VERTEX_POINT('',#6193);
#6193 = CARTESIAN_POINT('',(8.154708993482,8.8,-4.226566946818));
#6194 = LINE('',#6195,#6196);
#6195 = CARTESIAN_POINT('',(8.154708993482,8.8,-4.226566946818));
#6196 = VECTOR('',#6197,1.);
#6197 = DIRECTION('',(-0.276011881897,0.,0.961154223344));
#6198 = ORIENTED_EDGE('',*,*,#6199,.F.);
#6199 = EDGE_CURVE('',#6200,#6192,#6202,.T.);
#6200 = VERTEX_POINT('',#6201);
#6201 = CARTESIAN_POINT('',(7.583441831593,8.8,-3.144424836979));
#6202 = LINE('',#6203,#6204);
#6203 = CARTESIAN_POINT('',(7.583441831593,8.8,-3.144424836979));
#6204 = VECTOR('',#6205,1.);
#6205 = DIRECTION('',(0.466845930496,0.,-0.884338666564));
#6206 = ORIENTED_EDGE('',*,*,#6207,.F.);
#6207 = EDGE_CURVE('',#6208,#6200,#6210,.T.);
#6208 = VERTEX_POINT('',#6209);
#6209 = CARTESIAN_POINT('',(7.260949101135,8.8,-3.144424836979));
#6210 = LINE('',#6211,#6212);
#6211 = CARTESIAN_POINT('',(7.260949101135,8.8,-3.144424836979));
#6212 = VECTOR('',#6213,1.);
#6213 = DIRECTION('',(1.,0.,0.));
#6214 = ORIENTED_EDGE('',*,*,#6215,.F.);
#6215 = EDGE_CURVE('',#6216,#6208,#6218,.T.);
#6216 = VERTEX_POINT('',#6217);
#6217 = CARTESIAN_POINT('',(7.321315567737,8.8,-4.221380697862));
#6218 = LINE('',#6219,#6220);
#6219 = CARTESIAN_POINT('',(7.321315567737,8.8,-4.221380697862));
#6220 = VECTOR('',#6221,1.);
#6221 = DIRECTION('',(-5.596501978068E-02,0.,0.998432730113));
#6222 = ORIENTED_EDGE('',*,*,#6223,.F.);
#6223 = EDGE_CURVE('',#6224,#6216,#6226,.T.);
#6224 = VERTEX_POINT('',#6225);
#6225 = CARTESIAN_POINT('',(7.012090071317,8.8,-3.144424836979));
#6226 = LINE('',#6227,#6228);
#6227 = CARTESIAN_POINT('',(7.012090071317,8.8,-3.144424836979));
#6228 = VECTOR('',#6229,1.);
#6229 = DIRECTION('',(0.275978236559,0.,-0.961163884541));
#6230 = ORIENTED_EDGE('',*,*,#6231,.F.);
#6231 = EDGE_CURVE('',#6232,#6224,#6234,.T.);
#6232 = VERTEX_POINT('',#6233);
#6233 = CARTESIAN_POINT('',(5.708881340972,8.8,-3.144424836979));
#6234 = LINE('',#6235,#6236);
#6235 = CARTESIAN_POINT('',(6.796768784765,8.8,-3.144424836979));
#6236 = VECTOR('',#6237,1.);
#6237 = DIRECTION('',(1.,0.,0.));
#6238 = ORIENTED_EDGE('',*,*,#6239,.F.);
#6239 = EDGE_CURVE('',#6240,#6232,#6242,.T.);
#6240 = VERTEX_POINT('',#6241);
#6241 = CARTESIAN_POINT('',(6.056981636408,8.8,-4.354115567485));
#6242 = LINE('',#6243,#6244);
#6243 = CARTESIAN_POINT('',(6.056981636408,8.8,-4.354115567485));
#6244 = VECTOR('',#6245,1.);
#6245 = DIRECTION('',(-0.276537975025,0.,0.961002990822));
#6246 = ORIENTED_EDGE('',*,*,#6247,.F.);
#6247 = EDGE_CURVE('',#6248,#6240,#6250,.T.);
#6248 = VERTEX_POINT('',#6249);
#6249 = CARTESIAN_POINT('',(6.950660608559,8.8,-4.354115567485));
#6250 = LINE('',#6251,#6252);
#6251 = CARTESIAN_POINT('',(6.950660608559,8.8,-4.354115567485));
#6252 = VECTOR('',#6253,1.);
#6253 = DIRECTION('',(-1.,0.,0.));
#6254 = ORIENTED_EDGE('',*,*,#6255,.F.);
#6255 = EDGE_CURVE('',#6256,#6248,#6258,.T.);
#6256 = VERTEX_POINT('',#6257);
#6257 = CARTESIAN_POINT('',(6.885262377008,8.8,-4.123857148294));
#6258 = LINE('',#6259,#6260);
#6259 = CARTESIAN_POINT('',(6.885262377008,8.8,-4.123857148294));
#6260 = VECTOR('',#6261,1.);
#6261 = DIRECTION('',(0.273214882175,0.,-0.961953028042));
#6262 = ORIENTED_EDGE('',*,*,#6263,.F.);
#6263 = EDGE_CURVE('',#6264,#6256,#6266,.T.);
#6264 = VERTEX_POINT('',#6265);
#6265 = CARTESIAN_POINT('',(6.334114918526,8.8,-4.123857148294));
#6266 = LINE('',#6267,#6268);
#6267 = CARTESIAN_POINT('',(6.334114918526,8.8,-4.123857148294));
#6268 = VECTOR('',#6269,1.);
#6269 = DIRECTION('',(1.,0.,0.));
#6270 = ORIENTED_EDGE('',*,*,#6271,.F.);
#6271 = EDGE_CURVE('',#6272,#6264,#6274,.T.);
#6272 = VERTEX_POINT('',#6273);
#6273 = CARTESIAN_POINT('',(6.26864312316,8.8,-3.898854863686));
#6274 = LINE('',#6275,#6276);
#6275 = CARTESIAN_POINT('',(6.26864312316,8.8,-3.898854863686));
#6276 = VECTOR('',#6277,1.);
#6277 = DIRECTION('',(0.279394794088,0.,-0.960176311433));
#6278 = ORIENTED_EDGE('',*,*,#6279,.F.);
#6279 = EDGE_CURVE('',#6280,#6272,#6282,.T.);
#6280 = VERTEX_POINT('',#6281);
#6281 = CARTESIAN_POINT('',(6.787856529544,8.8,-3.898854863686));
#6282 = LINE('',#6283,#6284);
#6283 = CARTESIAN_POINT('',(6.787856529544,8.8,-3.898854863686));
#6284 = VECTOR('',#6285,1.);
#6285 = DIRECTION('',(-1.,0.,0.));
#6286 = ORIENTED_EDGE('',*,*,#6287,.F.);
#6287 = EDGE_CURVE('',#6288,#6280,#6290,.T.);
#6288 = VERTEX_POINT('',#6289);
#6289 = CARTESIAN_POINT('',(6.723981068964,8.8,-3.675224544229));
#6290 = LINE('',#6291,#6292);
#6291 = CARTESIAN_POINT('',(6.723981068964,8.8,-3.675224544229));
#6292 = VECTOR('',#6293,1.);
#6293 = DIRECTION('',(0.274645930492,0.,-0.961545429433));
#6294 = ORIENTED_EDGE('',*,*,#6295,.F.);
#6295 = EDGE_CURVE('',#6296,#6288,#6298,.T.);
#6296 = VERTEX_POINT('',#6297);
#6297 = CARTESIAN_POINT('',(6.204841226395,8.8,-3.675224544229));
#6298 = LINE('',#6299,#6300);
#6299 = CARTESIAN_POINT('',(6.204841226395,8.8,-3.675224544229));
#6300 = VECTOR('',#6301,1.);
#6301 = DIRECTION('',(1.,0.,0.));
#6302 = ORIENTED_EDGE('',*,*,#6303,.F.);
#6303 = EDGE_CURVE('',#6304,#6296,#6306,.T.);
#6304 = VERTEX_POINT('',#6305);
#6305 = CARTESIAN_POINT('',(6.119176163807,8.8,-3.374569232259));
#6306 = LINE('',#6307,#6308);
#6307 = CARTESIAN_POINT('',(6.119176163807,8.8,-3.374569232259));
#6308 = VECTOR('',#6309,1.);
#6309 = DIRECTION('',(0.274021776595,0.,-0.961723487262));
#6310 = ORIENTED_EDGE('',*,*,#6311,.F.);
#6311 = EDGE_CURVE('',#6312,#6304,#6314,.T.);
#6312 = VERTEX_POINT('',#6313);
#6313 = CARTESIAN_POINT('',(6.789761832349,8.8,-3.374569232259));
#6314 = LINE('',#6315,#6316);
#6315 = CARTESIAN_POINT('',(6.789761832349,8.8,-3.374569232259));
#6316 = VECTOR('',#6317,1.);
#6317 = DIRECTION('',(-1.,0.,0.));
#6318 = ORIENTED_EDGE('',*,*,#6319,.F.);
#6319 = EDGE_CURVE('',#6320,#6312,#6322,.T.);
#6320 = VERTEX_POINT('',#6321);
#6321 = CARTESIAN_POINT('',(7.071319977948,8.8,-4.354115567485));
#6322 = LINE('',#6323,#6324);
#6323 = CARTESIAN_POINT('',(7.071319977948,8.8,-4.354115567485));
#6324 = VECTOR('',#6325,1.);
#6325 = DIRECTION('',(-0.276251757517,0.,0.961085306551));
#6326 = ORIENTED_EDGE('',*,*,#6327,.F.);
#6327 = EDGE_CURVE('',#6328,#6320,#6330,.T.);
#6328 = VERTEX_POINT('',#6329);
#6329 = CARTESIAN_POINT('',(7.586484462749,8.8,-4.354115567485));
#6330 = LINE('',#6331,#6332);
#6331 = CARTESIAN_POINT('',(7.586484462749,8.8,-4.354115567485));
#6332 = VECTOR('',#6333,1.);
#6333 = DIRECTION('',(-1.,0.,0.));
#6334 = ORIENTED_EDGE('',*,*,#6335,.F.);
#6335 = EDGE_CURVE('',#6336,#6328,#6338,.T.);
#6336 = VERTEX_POINT('',#6337);
#6337 = CARTESIAN_POINT('',(7.539963216366,8.8,-3.489896966992));
#6338 = LINE('',#6339,#6340);
#6339 = CARTESIAN_POINT('',(7.539963216366,8.8,-3.489896966992));
#6340 = VECTOR('',#6341,1.);
#6341 = DIRECTION('',(5.375259206908E-02,0.,-0.998554284376));
#6342 = ORIENTED_EDGE('',*,*,#6343,.F.);
#6343 = EDGE_CURVE('',#6168,#6336,#6344,.T.);
#6344 = LINE('',#6345,#6346);
#6345 = CARTESIAN_POINT('',(7.968587361192,8.8,-4.354115567485));
#6346 = VECTOR('',#6347,1.);
#6347 = DIRECTION('',(-0.444321030833,0.,0.895867636183));
#6348 = FACE_BOUND('',#6349,.T.);
#6349 = EDGE_LOOP('',(#6350,#6360,#6368,#6376));
#6350 = ORIENTED_EDGE('',*,*,#6351,.T.);
#6351 = EDGE_CURVE('',#6352,#6354,#6356,.T.);
#6352 = VERTEX_POINT('',#6353);
#6353 = CARTESIAN_POINT('',(0.,8.8,-7.5));
#6354 = VERTEX_POINT('',#6355);
#6355 = CARTESIAN_POINT('',(0.,8.8,0.));
#6356 = LINE('',#6357,#6358);
#6357 = CARTESIAN_POINT('',(0.,8.8,0.));
#6358 = VECTOR('',#6359,1.);
#6359 = DIRECTION('',(-0.,-0.,1.));
#6360 = ORIENTED_EDGE('',*,*,#6361,.T.);
#6361 = EDGE_CURVE('',#6354,#6362,#6364,.T.);
#6362 = VERTEX_POINT('',#6363);
#6363 = CARTESIAN_POINT('',(15.,8.8,0.));
#6364 = LINE('',#6365,#6366);
#6365 = CARTESIAN_POINT('',(0.,8.8,0.));
#6366 = VECTOR('',#6367,1.);
#6367 = DIRECTION('',(1.,0.,0.));
#6368 = ORIENTED_EDGE('',*,*,#6369,.T.);
#6369 = EDGE_CURVE('',#6362,#6370,#6372,.T.);
#6370 = VERTEX_POINT('',#6371);
#6371 = CARTESIAN_POINT('',(15.,8.8,-7.5));
#6372 = LINE('',#6373,#6374);
#6373 = CARTESIAN_POINT('',(15.,8.8,0.));
#6374 = VECTOR('',#6375,1.);
#6375 = DIRECTION('',(0.,0.,-1.));
#6376 = ORIENTED_EDGE('',*,*,#6377,.T.);
#6377 = EDGE_CURVE('',#6370,#6352,#6378,.T.);
#6378 = LINE('',#6379,#6380);
#6379 = CARTESIAN_POINT('',(0.,8.8,-7.5));
#6380 = VECTOR('',#6381,1.);
#6381 = DIRECTION('',(-1.,-0.,-0.));
#6382 = FACE_BOUND('',#6383,.T.);
#6383 = EDGE_LOOP('',(#6384,#6394,#6402,#6410,#6418,#6426,#6434,#6442,
    #6450,#6458,#6466));
#6384 = ORIENTED_EDGE('',*,*,#6385,.F.);
#6385 = EDGE_CURVE('',#6386,#6388,#6390,.T.);
#6386 = VERTEX_POINT('',#6387);
#6387 = CARTESIAN_POINT('',(4.757603691632,8.8,-4.354115567485));
#6388 = VERTEX_POINT('',#6389);
#6389 = CARTESIAN_POINT('',(4.40995949282,8.8,-3.144424836979));
#6390 = LINE('',#6391,#6392);
#6391 = CARTESIAN_POINT('',(4.40995949282,8.8,-3.144424836979));
#6392 = VECTOR('',#6393,1.);
#6393 = DIRECTION('',(-0.276203301025,-0.,0.961099233432));
#6394 = ORIENTED_EDGE('',*,*,#6395,.F.);
#6395 = EDGE_CURVE('',#6396,#6386,#6398,.T.);
#6396 = VERTEX_POINT('',#6397);
#6397 = CARTESIAN_POINT('',(5.102044186301,8.8,-4.354115567485));
#6398 = LINE('',#6399,#6400);
#6399 = CARTESIAN_POINT('',(4.757603691632,8.8,-4.354115567485));
#6400 = VECTOR('',#6401,1.);
#6401 = DIRECTION('',(-1.,-0.,-0.));
#6402 = ORIENTED_EDGE('',*,*,#6403,.F.);
#6403 = EDGE_CURVE('',#6404,#6396,#6406,.T.);
#6404 = VERTEX_POINT('',#6405);
#6405 = CARTESIAN_POINT('',(4.954173561734,8.8,-3.838256671071));
#6406 = LINE('',#6407,#6408);
#6407 = CARTESIAN_POINT('',(5.102044186301,8.8,-4.354115567485));
#6408 = VECTOR('',#6409,1.);
#6409 = DIRECTION('',(0.275552063252,-0.,-0.961286149093));
#6410 = ORIENTED_EDGE('',*,*,#6411,.F.);
#6411 = EDGE_CURVE('',#6412,#6404,#6414,.T.);
#6412 = VERTEX_POINT('',#6413);
#6413 = CARTESIAN_POINT('',(5.468281639358,8.8,-4.354115567485));
#6414 = LINE('',#6415,#6416);
#6415 = CARTESIAN_POINT('',(4.954173561734,8.8,-3.838256671071));
#6416 = VECTOR('',#6417,1.);
#6417 = DIRECTION('',(-0.705903765636,-0.,0.708307753494));
#6418 = ORIENTED_EDGE('',*,*,#6419,.F.);
#6419 = EDGE_CURVE('',#6420,#6412,#6422,.T.);
#6420 = VERTEX_POINT('',#6421);
#6421 = CARTESIAN_POINT('',(5.866379580699,8.8,-4.354115567485));
#6422 = LINE('',#6423,#6424);
#6423 = CARTESIAN_POINT('',(5.468281639358,8.8,-4.354115567485));
#6424 = VECTOR('',#6425,1.);
#6425 = DIRECTION('',(-1.,-0.,-0.));
#6426 = ORIENTED_EDGE('',*,*,#6427,.F.);
#6427 = EDGE_CURVE('',#6428,#6420,#6430,.T.);
#6428 = VERTEX_POINT('',#6429);
#6429 = CARTESIAN_POINT('',(5.301659597376,8.8,-3.801254072113));
#6430 = LINE('',#6431,#6432);
#6431 = CARTESIAN_POINT('',(5.866379580699,8.8,-4.354115567485));
#6432 = VECTOR('',#6433,1.);
#6433 = DIRECTION('',(0.714569558638,-0.,-0.699564397227));
#6434 = ORIENTED_EDGE('',*,*,#6435,.F.);
#6435 = EDGE_CURVE('',#6436,#6428,#6438,.T.);
#6436 = VERTEX_POINT('',#6437);
#6437 = CARTESIAN_POINT('',(5.57391927675,8.8,-3.144424836979));
#6438 = LINE('',#6439,#6440);
#6439 = CARTESIAN_POINT('',(5.301659597376,8.8,-3.801254072113));
#6440 = VECTOR('',#6441,1.);
#6441 = DIRECTION('',(-0.382914031738,-0.,-0.923783981404));
#6442 = ORIENTED_EDGE('',*,*,#6443,.F.);
#6443 = EDGE_CURVE('',#6444,#6436,#6446,.T.);
#6444 = VERTEX_POINT('',#6445);
#6445 = CARTESIAN_POINT('',(5.205850084699,8.8,-3.144424836979));
#6446 = LINE('',#6447,#6448);
#6447 = CARTESIAN_POINT('',(5.57391927675,8.8,-3.144424836979));
#6448 = VECTOR('',#6449,1.);
#6449 = DIRECTION('',(1.,-0.,-0.));
#6450 = ORIENTED_EDGE('',*,*,#6451,.F.);
#6451 = EDGE_CURVE('',#6452,#6444,#6454,.T.);
#6452 = VERTEX_POINT('',#6453);
#6453 = CARTESIAN_POINT('',(4.942201049872,8.8,-3.801254072113));
#6454 = LINE('',#6455,#6456);
#6455 = CARTESIAN_POINT('',(5.205850084699,8.8,-3.144424836979));
#6456 = VECTOR('',#6457,1.);
#6457 = DIRECTION('',(0.372507738364,-0.,0.928029086214));
#6458 = ORIENTED_EDGE('',*,*,#6459,.F.);
#6459 = EDGE_CURVE('',#6460,#6452,#6462,.T.);
#6460 = VERTEX_POINT('',#6461);
#6461 = CARTESIAN_POINT('',(4.753940212673,8.8,-3.144424836979));
#6462 = LINE('',#6463,#6464);
#6463 = CARTESIAN_POINT('',(4.942201049872,8.8,-3.801254072113));
#6464 = VECTOR('',#6465,1.);
#6465 = DIRECTION('',(0.275526576548,-0.,-0.961293454475));
#6466 = ORIENTED_EDGE('',*,*,#6467,.F.);
#6467 = EDGE_CURVE('',#6388,#6460,#6468,.T.);
#6468 = LINE('',#6469,#6470);
#6469 = CARTESIAN_POINT('',(4.753940212673,8.8,-3.144424836979));
#6470 = VECTOR('',#6471,1.);
#6471 = DIRECTION('',(1.,-0.,-0.));
#6472 = FACE_BOUND('',#6473,.T.);
#6473 = EDGE_LOOP('',(#6474,#6484,#6492,#6500,#6508,#6516,#6524,#6532,
    #6540,#6548,#6556,#6564,#6572,#6580,#6588,#6596,#6604));
#6474 = ORIENTED_EDGE('',*,*,#6475,.F.);
#6475 = EDGE_CURVE('',#6476,#6478,#6480,.T.);
#6476 = VERTEX_POINT('',#6477);
#6477 = CARTESIAN_POINT('',(8.921869238378,8.8,-4.123816688194));
#6478 = VERTEX_POINT('',#6479);
#6479 = CARTESIAN_POINT('',(9.476216722813,8.8,-4.122257135316));
#6480 = LINE('',#6481,#6482);
#6481 = CARTESIAN_POINT('',(8.921869238378,8.8,-4.123816688194));
#6482 = VECTOR('',#6483,1.);
#6483 = DIRECTION('',(0.999996042659,0.,2.813301676023E-03));
#6484 = ORIENTED_EDGE('',*,*,#6485,.F.);
#6485 = EDGE_CURVE('',#6486,#6476,#6488,.T.);
#6486 = VERTEX_POINT('',#6487);
#6487 = CARTESIAN_POINT('',(8.856397443013,8.8,-3.898814403586));
#6488 = LINE('',#6489,#6490);
#6489 = CARTESIAN_POINT('',(8.856397443013,8.8,-3.898814403586));
#6490 = VECTOR('',#6491,1.);
#6491 = DIRECTION('',(0.279394794081,0.,-0.960176311435));
#6492 = ORIENTED_EDGE('',*,*,#6493,.F.);
#6493 = EDGE_CURVE('',#6494,#6486,#6496,.T.);
#6494 = VERTEX_POINT('',#6495);
#6495 = CARTESIAN_POINT('',(9.3755299292,8.8,-3.898814403586));
#6496 = LINE('',#6497,#6498);
#6497 = CARTESIAN_POINT('',(9.3755299292,8.8,-3.898814403586));
#6498 = VECTOR('',#6499,1.);
#6499 = DIRECTION('',(-1.,0.,0.));
#6500 = ORIENTED_EDGE('',*,*,#6501,.F.);
#6501 = EDGE_CURVE('',#6502,#6494,#6504,.T.);
#6502 = VERTEX_POINT('',#6503);
#6503 = CARTESIAN_POINT('',(9.311654468622,8.8,-3.675224544226));
#6504 = LINE('',#6505,#6506);
#6505 = CARTESIAN_POINT('',(9.311654468622,8.8,-3.675224544226));
#6506 = VECTOR('',#6507,1.);
#6507 = DIRECTION('',(0.274691879767,0.,-0.961532303768));
#6508 = ORIENTED_EDGE('',*,*,#6509,.F.);
#6509 = EDGE_CURVE('',#6510,#6502,#6512,.T.);
#6510 = VERTEX_POINT('',#6511);
#6511 = CARTESIAN_POINT('',(8.79259554625,8.8,-3.675224544226));
#6512 = LINE('',#6513,#6514);
#6513 = CARTESIAN_POINT('',(8.79259554625,8.8,-3.675224544226));
#6514 = VECTOR('',#6515,1.);
#6515 = DIRECTION('',(1.,0.,0.));
#6516 = ORIENTED_EDGE('',*,*,#6517,.F.);
#6517 = EDGE_CURVE('',#6518,#6510,#6520,.T.);
#6518 = VERTEX_POINT('',#6519);
#6519 = CARTESIAN_POINT('',(8.706775999652,8.8,-3.374613370544));
#6520 = LINE('',#6521,#6522);
#6521 = CARTESIAN_POINT('',(8.706775999652,8.8,-3.374613370544));
#6522 = VECTOR('',#6523,1.);
#6523 = DIRECTION('',(0.274515999857,0.,-0.961582531987));
#6524 = ORIENTED_EDGE('',*,*,#6525,.F.);
#6525 = EDGE_CURVE('',#6526,#6518,#6528,.T.);
#6526 = VERTEX_POINT('',#6527);
#6527 = CARTESIAN_POINT('',(9.276211422547,8.8,-3.374613370544));
#6528 = LINE('',#6529,#6530);
#6529 = CARTESIAN_POINT('',(9.276211422547,8.8,-3.374613370544));
#6530 = VECTOR('',#6531,1.);
#6531 = DIRECTION('',(-1.,0.,0.));
#6532 = ORIENTED_EDGE('',*,*,#6533,.F.);
#6533 = EDGE_CURVE('',#6534,#6526,#6536,.T.);
#6534 = VERTEX_POINT('',#6535);
#6535 = CARTESIAN_POINT('',(9.210894111194,8.8,-3.144424836979));
#6536 = LINE('',#6537,#6538);
#6537 = CARTESIAN_POINT('',(9.210894111194,8.8,-3.144424836979));
#6538 = VECTOR('',#6539,1.);
#6539 = DIRECTION('',(0.27297869307,0.,-0.96202007938));
#6540 = ORIENTED_EDGE('',*,*,#6541,.F.);
#6541 = EDGE_CURVE('',#6542,#6534,#6544,.T.);
#6542 = VERTEX_POINT('',#6543);
#6543 = CARTESIAN_POINT('',(8.296937273434,8.8,-3.144424836979));
#6544 = LINE('',#6545,#6546);
#6545 = CARTESIAN_POINT('',(8.296937273434,8.8,-3.144424836979));
#6546 = VECTOR('',#6547,1.);
#6547 = DIRECTION('',(1.,0.,-4.745091355267E-16));
#6548 = ORIENTED_EDGE('',*,*,#6549,.F.);
#6549 = EDGE_CURVE('',#6550,#6542,#6552,.T.);
#6550 = VERTEX_POINT('',#6551);
#6551 = CARTESIAN_POINT('',(8.64488676305,8.8,-4.354115567485));
#6552 = LINE('',#6553,#6554);
#6553 = CARTESIAN_POINT('',(8.64488676305,8.8,-4.354115567485));
#6554 = VECTOR('',#6555,1.);
#6555 = DIRECTION('',(-0.276427328049,0.,0.961034823671));
#6556 = ORIENTED_EDGE('',*,*,#6557,.F.);
#6557 = EDGE_CURVE('',#6558,#6550,#6560,.T.);
#6558 = VERTEX_POINT('',#6559);
#6559 = CARTESIAN_POINT('',(10.586824351845,8.8,-4.354115567485));
#6560 = LINE('',#6561,#6562);
#6561 = CARTESIAN_POINT('',(9.542909678478,8.8,-4.354115567485));
#6562 = VECTOR('',#6563,1.);
#6563 = DIRECTION('',(-1.,0.,0.));
#6564 = ORIENTED_EDGE('',*,*,#6565,.F.);
#6565 = EDGE_CURVE('',#6566,#6558,#6568,.T.);
#6566 = VERTEX_POINT('',#6567);
#6567 = CARTESIAN_POINT('',(10.519693163722,8.8,-4.12052048298));
#6568 = LINE('',#6569,#6570);
#6569 = CARTESIAN_POINT('',(10.519693163722,8.8,-4.12052048298));
#6570 = VECTOR('',#6571,1.);
#6571 = DIRECTION('',(0.276203301029,0.,-0.961099233431));
#6572 = ORIENTED_EDGE('',*,*,#6573,.F.);
#6573 = EDGE_CURVE('',#6574,#6566,#6576,.T.);
#6574 = VERTEX_POINT('',#6575);
#6575 = CARTESIAN_POINT('',(10.188491005324,8.8,-4.120546776613));
#6576 = LINE('',#6577,#6578);
#6577 = CARTESIAN_POINT('',(10.188491005324,8.8,-4.120546776613));
#6578 = VECTOR('',#6579,1.);
#6579 = DIRECTION('',(0.999999996849,0.,7.938847109813E-05));
#6580 = ORIENTED_EDGE('',*,*,#6581,.F.);
#6581 = EDGE_CURVE('',#6582,#6574,#6584,.T.);
#6582 = VERTEX_POINT('',#6583);
#6583 = CARTESIAN_POINT('',(9.907925971235,8.8,-3.144424836979));
#6584 = LINE('',#6585,#6586);
#6585 = CARTESIAN_POINT('',(9.907925971235,8.8,-3.144424836979));
#6586 = VECTOR('',#6587,1.);
#6587 = DIRECTION('',(0.276243742892,0.,-0.961087610217));
#6588 = ORIENTED_EDGE('',*,*,#6589,.F.);
#6589 = EDGE_CURVE('',#6590,#6582,#6592,.T.);
#6590 = VERTEX_POINT('',#6591);
#6591 = CARTESIAN_POINT('',(9.563330992555,8.8,-3.144424836979));
#6592 = LINE('',#6593,#6594);
#6593 = CARTESIAN_POINT('',(9.563330992555,8.8,-3.144424836979));
#6594 = VECTOR('',#6595,1.);
#6595 = DIRECTION('',(1.,0.,0.));
#6596 = ORIENTED_EDGE('',*,*,#6597,.F.);
#6597 = EDGE_CURVE('',#6598,#6590,#6600,.T.);
#6598 = VERTEX_POINT('',#6599);
#6599 = CARTESIAN_POINT('',(9.843976946841,8.8,-4.120546776616));
#6600 = LINE('',#6601,#6602);
#6601 = CARTESIAN_POINT('',(9.843976946841,8.8,-4.120546776616));
#6602 = VECTOR('',#6603,1.);
#6603 = DIRECTION('',(-0.276317334357,0.,0.9610664549));
#6604 = ORIENTED_EDGE('',*,*,#6605,.F.);
#6605 = EDGE_CURVE('',#6478,#6598,#6606,.T.);
#6606 = LINE('',#6607,#6608);
#6607 = CARTESIAN_POINT('',(9.476216722813,8.8,-4.122257135316));
#6608 = VECTOR('',#6609,1.);
#6609 = DIRECTION('',(0.999989185465,0.,4.650693823681E-03));
#6610 = PLANE('',#6611);
#6611 = AXIS2_PLACEMENT_3D('',#6612,#6613,#6614);
#6612 = CARTESIAN_POINT('',(0.,8.8,0.));
#6613 = DIRECTION('',(0.,-1.,0.));
#6614 = DIRECTION('',(0.,-0.,-1.));
#6615 = ADVANCED_FACE('',(#6616),#6641,.F.);
#6616 = FACE_BOUND('',#6617,.T.);
#6617 = EDGE_LOOP('',(#6618,#6628,#6634,#6635));
#6618 = ORIENTED_EDGE('',*,*,#6619,.T.);
#6619 = EDGE_CURVE('',#6620,#6622,#6624,.T.);
#6620 = VERTEX_POINT('',#6621);
#6621 = CARTESIAN_POINT('',(0.,0.,-7.5));
#6622 = VERTEX_POINT('',#6623);
#6623 = CARTESIAN_POINT('',(0.,0.,0.));
#6624 = LINE('',#6625,#6626);
#6625 = CARTESIAN_POINT('',(0.,0.,0.));
#6626 = VECTOR('',#6627,1.);
#6627 = DIRECTION('',(-0.,-0.,1.));
#6628 = ORIENTED_EDGE('',*,*,#6629,.F.);
#6629 = EDGE_CURVE('',#6354,#6622,#6630,.T.);
#6630 = LINE('',#6631,#6632);
#6631 = CARTESIAN_POINT('',(0.,8.8,0.));
#6632 = VECTOR('',#6633,1.);
#6633 = DIRECTION('',(-0.,-1.,-0.));
#6634 = ORIENTED_EDGE('',*,*,#6351,.F.);
#6635 = ORIENTED_EDGE('',*,*,#6636,.T.);
#6636 = EDGE_CURVE('',#6352,#6620,#6637,.T.);
#6637 = LINE('',#6638,#6639);
#6638 = CARTESIAN_POINT('',(0.,8.8,-7.5));
#6639 = VECTOR('',#6640,1.);
#6640 = DIRECTION('',(-0.,-1.,-0.));
#6641 = PLANE('',#6642);
#6642 = AXIS2_PLACEMENT_3D('',#6643,#6644,#6645);
#6643 = CARTESIAN_POINT('',(0.,8.8,0.));
#6644 = DIRECTION('',(1.,-0.,0.));
#6645 = DIRECTION('',(0.,0.,-1.));
#6646 = ADVANCED_FACE('',(#6647),#6665,.F.);
#6647 = FACE_BOUND('',#6648,.T.);
#6648 = EDGE_LOOP('',(#6649,#6657,#6663,#6664));
#6649 = ORIENTED_EDGE('',*,*,#6650,.T.);
#6650 = EDGE_CURVE('',#6622,#6651,#6653,.T.);
#6651 = VERTEX_POINT('',#6652);
#6652 = CARTESIAN_POINT('',(15.,0.,0.));
#6653 = LINE('',#6654,#6655);
#6654 = CARTESIAN_POINT('',(0.,0.,0.));
#6655 = VECTOR('',#6656,1.);
#6656 = DIRECTION('',(1.,0.,0.));
#6657 = ORIENTED_EDGE('',*,*,#6658,.F.);
#6658 = EDGE_CURVE('',#6362,#6651,#6659,.T.);
#6659 = LINE('',#6660,#6661);
#6660 = CARTESIAN_POINT('',(15.,8.8,0.));
#6661 = VECTOR('',#6662,1.);
#6662 = DIRECTION('',(-0.,-1.,-0.));
#6663 = ORIENTED_EDGE('',*,*,#6361,.F.);
#6664 = ORIENTED_EDGE('',*,*,#6629,.T.);
#6665 = PLANE('',#6666);
#6666 = AXIS2_PLACEMENT_3D('',#6667,#6668,#6669);
#6667 = CARTESIAN_POINT('',(0.,8.8,0.));
#6668 = DIRECTION('',(0.,0.,-1.));
#6669 = DIRECTION('',(-1.,0.,-0.));
#6670 = ADVANCED_FACE('',(#6671),#6689,.F.);
#6671 = FACE_BOUND('',#6672,.T.);
#6672 = EDGE_LOOP('',(#6673,#6681,#6687,#6688));
#6673 = ORIENTED_EDGE('',*,*,#6674,.T.);
#6674 = EDGE_CURVE('',#6651,#6675,#6677,.T.);
#6675 = VERTEX_POINT('',#6676);
#6676 = CARTESIAN_POINT('',(15.,0.,-7.5));
#6677 = LINE('',#6678,#6679);
#6678 = CARTESIAN_POINT('',(15.,0.,0.));
#6679 = VECTOR('',#6680,1.);
#6680 = DIRECTION('',(0.,0.,-1.));
#6681 = ORIENTED_EDGE('',*,*,#6682,.F.);
#6682 = EDGE_CURVE('',#6370,#6675,#6683,.T.);
#6683 = LINE('',#6684,#6685);
#6684 = CARTESIAN_POINT('',(15.,8.8,-7.5));
#6685 = VECTOR('',#6686,1.);
#6686 = DIRECTION('',(-0.,-1.,-0.));
#6687 = ORIENTED_EDGE('',*,*,#6369,.F.);
#6688 = ORIENTED_EDGE('',*,*,#6658,.T.);
#6689 = PLANE('',#6690);
#6690 = AXIS2_PLACEMENT_3D('',#6691,#6692,#6693);
#6691 = CARTESIAN_POINT('',(15.,8.8,0.));
#6692 = DIRECTION('',(-1.,0.,0.));
#6693 = DIRECTION('',(0.,0.,1.));
#6694 = ADVANCED_FACE('',(#6695),#6706,.F.);
#6695 = FACE_BOUND('',#6696,.T.);
#6696 = EDGE_LOOP('',(#6697,#6703,#6704,#6705));
#6697 = ORIENTED_EDGE('',*,*,#6698,.T.);
#6698 = EDGE_CURVE('',#6675,#6620,#6699,.T.);
#6699 = LINE('',#6700,#6701);
#6700 = CARTESIAN_POINT('',(0.,0.,-7.5));
#6701 = VECTOR('',#6702,1.);
#6702 = DIRECTION('',(-1.,-0.,-0.));
#6703 = ORIENTED_EDGE('',*,*,#6636,.F.);
#6704 = ORIENTED_EDGE('',*,*,#6377,.F.);
#6705 = ORIENTED_EDGE('',*,*,#6682,.T.);
#6706 = PLANE('',#6707);
#6707 = AXIS2_PLACEMENT_3D('',#6708,#6709,#6710);
#6708 = CARTESIAN_POINT('',(0.,8.8,-7.5));
#6709 = DIRECTION('',(0.,0.,1.));
#6710 = DIRECTION('',(1.,0.,-0.));
#6711 = ADVANCED_FACE('',(#6712,#6746,#6780,#6814,#6848,#6882,#6916,
    #6950,#6984),#6990,.T.);
#6712 = FACE_BOUND('',#6713,.T.);
#6713 = EDGE_LOOP('',(#6714,#6724,#6732,#6740));
#6714 = ORIENTED_EDGE('',*,*,#6715,.T.);
#6715 = EDGE_CURVE('',#6716,#6718,#6720,.T.);
#6716 = VERTEX_POINT('',#6717);
#6717 = CARTESIAN_POINT('',(0.7,3.177958443787E-16,-1.335));
#6718 = VERTEX_POINT('',#6719);
#6719 = CARTESIAN_POINT('',(0.7,2.871796744001E-16,-1.085));
#6720 = LINE('',#6721,#6722);
#6721 = CARTESIAN_POINT('',(0.7,3.177958443787E-16,-1.335));
#6722 = VECTOR('',#6723,1.);
#6723 = DIRECTION('',(0.,-1.224646799147E-16,1.));
#6724 = ORIENTED_EDGE('',*,*,#6725,.T.);
#6725 = EDGE_CURVE('',#6718,#6726,#6728,.T.);
#6726 = VERTEX_POINT('',#6727);
#6727 = CARTESIAN_POINT('',(1.4,2.871796744001E-16,-1.085));
#6728 = LINE('',#6729,#6730);
#6729 = CARTESIAN_POINT('',(0.7,2.871796744001E-16,-1.085));
#6730 = VECTOR('',#6731,1.);
#6731 = DIRECTION('',(1.,0.,0.));
#6732 = ORIENTED_EDGE('',*,*,#6733,.F.);
#6733 = EDGE_CURVE('',#6734,#6726,#6736,.T.);
#6734 = VERTEX_POINT('',#6735);
#6735 = CARTESIAN_POINT('',(1.4,0.,-1.335));
#6736 = LINE('',#6737,#6738);
#6737 = CARTESIAN_POINT('',(1.4,3.177958443787E-16,-1.335));
#6738 = VECTOR('',#6739,1.);
#6739 = DIRECTION('',(0.,-1.224646799147E-16,1.));
#6740 = ORIENTED_EDGE('',*,*,#6741,.F.);
#6741 = EDGE_CURVE('',#6716,#6734,#6742,.T.);
#6742 = LINE('',#6743,#6744);
#6743 = CARTESIAN_POINT('',(0.7,3.177958443787E-16,-1.335));
#6744 = VECTOR('',#6745,1.);
#6745 = DIRECTION('',(1.,0.,0.));
#6746 = FACE_BOUND('',#6747,.T.);
#6747 = EDGE_LOOP('',(#6748,#6758,#6766,#6774));
#6748 = ORIENTED_EDGE('',*,*,#6749,.F.);
#6749 = EDGE_CURVE('',#6750,#6752,#6754,.T.);
#6750 = VERTEX_POINT('',#6751);
#6751 = CARTESIAN_POINT('',(0.7,3.177958443787E-16,-6.165));
#6752 = VERTEX_POINT('',#6753);
#6753 = CARTESIAN_POINT('',(0.7,2.871796744001E-16,-6.415));
#6754 = LINE('',#6755,#6756);
#6755 = CARTESIAN_POINT('',(0.7,3.177958443787E-16,-6.165));
#6756 = VECTOR('',#6757,1.);
#6757 = DIRECTION('',(0.,-1.224646799147E-16,-1.));
#6758 = ORIENTED_EDGE('',*,*,#6759,.T.);
#6759 = EDGE_CURVE('',#6750,#6760,#6762,.T.);
#6760 = VERTEX_POINT('',#6761);
#6761 = CARTESIAN_POINT('',(1.4,3.177958443787E-16,-6.165));
#6762 = LINE('',#6763,#6764);
#6763 = CARTESIAN_POINT('',(0.7,3.177958443787E-16,-6.165));
#6764 = VECTOR('',#6765,1.);
#6765 = DIRECTION('',(1.,0.,0.));
#6766 = ORIENTED_EDGE('',*,*,#6767,.T.);
#6767 = EDGE_CURVE('',#6760,#6768,#6770,.T.);
#6768 = VERTEX_POINT('',#6769);
#6769 = CARTESIAN_POINT('',(1.4,0.,-6.415));
#6770 = LINE('',#6771,#6772);
#6771 = CARTESIAN_POINT('',(1.4,3.177958443787E-16,-6.165));
#6772 = VECTOR('',#6773,1.);
#6773 = DIRECTION('',(0.,-1.224646799147E-16,-1.));
#6774 = ORIENTED_EDGE('',*,*,#6775,.F.);
#6775 = EDGE_CURVE('',#6752,#6768,#6776,.T.);
#6776 = LINE('',#6777,#6778);
#6777 = CARTESIAN_POINT('',(0.7,2.871796744001E-16,-6.415));
#6778 = VECTOR('',#6779,1.);
#6779 = DIRECTION('',(1.,0.,0.));
#6780 = FACE_BOUND('',#6781,.T.);
#6781 = EDGE_LOOP('',(#6782,#6792,#6800,#6808));
#6782 = ORIENTED_EDGE('',*,*,#6783,.T.);
#6783 = EDGE_CURVE('',#6784,#6786,#6788,.T.);
#6784 = VERTEX_POINT('',#6785);
#6785 = CARTESIAN_POINT('',(5.78,3.177958443787E-16,-1.335));
#6786 = VERTEX_POINT('',#6787);
#6787 = CARTESIAN_POINT('',(5.78,2.871796744001E-16,-1.085));
#6788 = LINE('',#6789,#6790);
#6789 = CARTESIAN_POINT('',(5.78,3.177958443787E-16,-1.335));
#6790 = VECTOR('',#6791,1.);
#6791 = DIRECTION('',(0.,-1.224646799147E-16,1.));
#6792 = ORIENTED_EDGE('',*,*,#6793,.T.);
#6793 = EDGE_CURVE('',#6786,#6794,#6796,.T.);
#6794 = VERTEX_POINT('',#6795);
#6795 = CARTESIAN_POINT('',(6.48,2.871796744001E-16,-1.085));
#6796 = LINE('',#6797,#6798);
#6797 = CARTESIAN_POINT('',(5.78,2.871796744001E-16,-1.085));
#6798 = VECTOR('',#6799,1.);
#6799 = DIRECTION('',(1.,0.,0.));
#6800 = ORIENTED_EDGE('',*,*,#6801,.F.);
#6801 = EDGE_CURVE('',#6802,#6794,#6804,.T.);
#6802 = VERTEX_POINT('',#6803);
#6803 = CARTESIAN_POINT('',(6.48,0.,-1.335));
#6804 = LINE('',#6805,#6806);
#6805 = CARTESIAN_POINT('',(6.48,3.177958443787E-16,-1.335));
#6806 = VECTOR('',#6807,1.);
#6807 = DIRECTION('',(0.,-1.224646799147E-16,1.));
#6808 = ORIENTED_EDGE('',*,*,#6809,.F.);
#6809 = EDGE_CURVE('',#6784,#6802,#6810,.T.);
#6810 = LINE('',#6811,#6812);
#6811 = CARTESIAN_POINT('',(5.78,3.177958443787E-16,-1.335));
#6812 = VECTOR('',#6813,1.);
#6813 = DIRECTION('',(1.,0.,0.));
#6814 = FACE_BOUND('',#6815,.T.);
#6815 = EDGE_LOOP('',(#6816,#6826,#6834,#6842));
#6816 = ORIENTED_EDGE('',*,*,#6817,.T.);
#6817 = EDGE_CURVE('',#6818,#6820,#6822,.T.);
#6818 = VERTEX_POINT('',#6819);
#6819 = CARTESIAN_POINT('',(8.32,3.177958443787E-16,-1.335));
#6820 = VERTEX_POINT('',#6821);
#6821 = CARTESIAN_POINT('',(8.32,2.871796744001E-16,-1.085));
#6822 = LINE('',#6823,#6824);
#6823 = CARTESIAN_POINT('',(8.32,3.177958443787E-16,-1.335));
#6824 = VECTOR('',#6825,1.);
#6825 = DIRECTION('',(0.,-1.224646799147E-16,1.));
#6826 = ORIENTED_EDGE('',*,*,#6827,.T.);
#6827 = EDGE_CURVE('',#6820,#6828,#6830,.T.);
#6828 = VERTEX_POINT('',#6829);
#6829 = CARTESIAN_POINT('',(9.02,2.871796744001E-16,-1.085));
#6830 = LINE('',#6831,#6832);
#6831 = CARTESIAN_POINT('',(8.32,2.871796744001E-16,-1.085));
#6832 = VECTOR('',#6833,1.);
#6833 = DIRECTION('',(1.,0.,0.));
#6834 = ORIENTED_EDGE('',*,*,#6835,.F.);
#6835 = EDGE_CURVE('',#6836,#6828,#6838,.T.);
#6836 = VERTEX_POINT('',#6837);
#6837 = CARTESIAN_POINT('',(9.02,0.,-1.335));
#6838 = LINE('',#6839,#6840);
#6839 = CARTESIAN_POINT('',(9.02,3.177958443787E-16,-1.335));
#6840 = VECTOR('',#6841,1.);
#6841 = DIRECTION('',(0.,-1.224646799147E-16,1.));
#6842 = ORIENTED_EDGE('',*,*,#6843,.F.);
#6843 = EDGE_CURVE('',#6818,#6836,#6844,.T.);
#6844 = LINE('',#6845,#6846);
#6845 = CARTESIAN_POINT('',(8.32,3.177958443787E-16,-1.335));
#6846 = VECTOR('',#6847,1.);
#6847 = DIRECTION('',(1.,0.,0.));
#6848 = FACE_BOUND('',#6849,.T.);
#6849 = EDGE_LOOP('',(#6850,#6860,#6868,#6876));
#6850 = ORIENTED_EDGE('',*,*,#6851,.F.);
#6851 = EDGE_CURVE('',#6852,#6854,#6856,.T.);
#6852 = VERTEX_POINT('',#6853);
#6853 = CARTESIAN_POINT('',(5.78,3.177958443787E-16,-6.165));
#6854 = VERTEX_POINT('',#6855);
#6855 = CARTESIAN_POINT('',(5.78,2.871796744001E-16,-6.415));
#6856 = LINE('',#6857,#6858);
#6857 = CARTESIAN_POINT('',(5.78,3.177958443787E-16,-6.165));
#6858 = VECTOR('',#6859,1.);
#6859 = DIRECTION('',(0.,-1.224646799147E-16,-1.));
#6860 = ORIENTED_EDGE('',*,*,#6861,.T.);
#6861 = EDGE_CURVE('',#6852,#6862,#6864,.T.);
#6862 = VERTEX_POINT('',#6863);
#6863 = CARTESIAN_POINT('',(6.48,3.177958443787E-16,-6.165));
#6864 = LINE('',#6865,#6866);
#6865 = CARTESIAN_POINT('',(5.78,3.177958443787E-16,-6.165));
#6866 = VECTOR('',#6867,1.);
#6867 = DIRECTION('',(1.,0.,0.));
#6868 = ORIENTED_EDGE('',*,*,#6869,.T.);
#6869 = EDGE_CURVE('',#6862,#6870,#6872,.T.);
#6870 = VERTEX_POINT('',#6871);
#6871 = CARTESIAN_POINT('',(6.48,0.,-6.415));
#6872 = LINE('',#6873,#6874);
#6873 = CARTESIAN_POINT('',(6.48,3.177958443787E-16,-6.165));
#6874 = VECTOR('',#6875,1.);
#6875 = DIRECTION('',(0.,-1.224646799147E-16,-1.));
#6876 = ORIENTED_EDGE('',*,*,#6877,.F.);
#6877 = EDGE_CURVE('',#6854,#6870,#6878,.T.);
#6878 = LINE('',#6879,#6880);
#6879 = CARTESIAN_POINT('',(5.78,2.871796744001E-16,-6.415));
#6880 = VECTOR('',#6881,1.);
#6881 = DIRECTION('',(1.,0.,0.));
#6882 = FACE_BOUND('',#6883,.T.);
#6883 = EDGE_LOOP('',(#6884,#6894,#6902,#6910));
#6884 = ORIENTED_EDGE('',*,*,#6885,.F.);
#6885 = EDGE_CURVE('',#6886,#6888,#6890,.T.);
#6886 = VERTEX_POINT('',#6887);
#6887 = CARTESIAN_POINT('',(8.32,3.177958443787E-16,-6.165));
#6888 = VERTEX_POINT('',#6889);
#6889 = CARTESIAN_POINT('',(8.32,2.871796744001E-16,-6.415));
#6890 = LINE('',#6891,#6892);
#6891 = CARTESIAN_POINT('',(8.32,3.177958443787E-16,-6.165));
#6892 = VECTOR('',#6893,1.);
#6893 = DIRECTION('',(0.,-1.224646799147E-16,-1.));
#6894 = ORIENTED_EDGE('',*,*,#6895,.T.);
#6895 = EDGE_CURVE('',#6886,#6896,#6898,.T.);
#6896 = VERTEX_POINT('',#6897);
#6897 = CARTESIAN_POINT('',(9.02,3.177958443787E-16,-6.165));
#6898 = LINE('',#6899,#6900);
#6899 = CARTESIAN_POINT('',(8.32,3.177958443787E-16,-6.165));
#6900 = VECTOR('',#6901,1.);
#6901 = DIRECTION('',(1.,0.,0.));
#6902 = ORIENTED_EDGE('',*,*,#6903,.T.);
#6903 = EDGE_CURVE('',#6896,#6904,#6906,.T.);
#6904 = VERTEX_POINT('',#6905);
#6905 = CARTESIAN_POINT('',(9.02,0.,-6.415));
#6906 = LINE('',#6907,#6908);
#6907 = CARTESIAN_POINT('',(9.02,3.177958443787E-16,-6.165));
#6908 = VECTOR('',#6909,1.);
#6909 = DIRECTION('',(0.,-1.224646799147E-16,-1.));
#6910 = ORIENTED_EDGE('',*,*,#6911,.F.);
#6911 = EDGE_CURVE('',#6888,#6904,#6912,.T.);
#6912 = LINE('',#6913,#6914);
#6913 = CARTESIAN_POINT('',(8.32,2.871796744001E-16,-6.415));
#6914 = VECTOR('',#6915,1.);
#6915 = DIRECTION('',(1.,0.,0.));
#6916 = FACE_BOUND('',#6917,.T.);
#6917 = EDGE_LOOP('',(#6918,#6928,#6936,#6944));
#6918 = ORIENTED_EDGE('',*,*,#6919,.F.);
#6919 = EDGE_CURVE('',#6920,#6922,#6924,.T.);
#6920 = VERTEX_POINT('',#6921);
#6921 = CARTESIAN_POINT('',(10.86,3.177958443787E-16,-6.165));
#6922 = VERTEX_POINT('',#6923);
#6923 = CARTESIAN_POINT('',(10.86,2.871796744001E-16,-6.415));
#6924 = LINE('',#6925,#6926);
#6925 = CARTESIAN_POINT('',(10.86,3.177958443787E-16,-6.165));
#6926 = VECTOR('',#6927,1.);
#6927 = DIRECTION('',(0.,-1.224646799147E-16,-1.));
#6928 = ORIENTED_EDGE('',*,*,#6929,.T.);
#6929 = EDGE_CURVE('',#6920,#6930,#6932,.T.);
#6930 = VERTEX_POINT('',#6931);
#6931 = CARTESIAN_POINT('',(11.56,3.177958443787E-16,-6.165));
#6932 = LINE('',#6933,#6934);
#6933 = CARTESIAN_POINT('',(10.86,3.177958443787E-16,-6.165));
#6934 = VECTOR('',#6935,1.);
#6935 = DIRECTION('',(1.,0.,0.));
#6936 = ORIENTED_EDGE('',*,*,#6937,.T.);
#6937 = EDGE_CURVE('',#6930,#6938,#6940,.T.);
#6938 = VERTEX_POINT('',#6939);
#6939 = CARTESIAN_POINT('',(11.56,0.,-6.415));
#6940 = LINE('',#6941,#6942);
#6941 = CARTESIAN_POINT('',(11.56,3.177958443787E-16,-6.165));
#6942 = VECTOR('',#6943,1.);
#6943 = DIRECTION('',(0.,-1.224646799147E-16,-1.));
#6944 = ORIENTED_EDGE('',*,*,#6945,.F.);
#6945 = EDGE_CURVE('',#6922,#6938,#6946,.T.);
#6946 = LINE('',#6947,#6948);
#6947 = CARTESIAN_POINT('',(10.86,2.871796744001E-16,-6.415));
#6948 = VECTOR('',#6949,1.);
#6949 = DIRECTION('',(1.,0.,0.));
#6950 = FACE_BOUND('',#6951,.T.);
#6951 = EDGE_LOOP('',(#6952,#6962,#6970,#6978));
#6952 = ORIENTED_EDGE('',*,*,#6953,.T.);
#6953 = EDGE_CURVE('',#6954,#6956,#6958,.T.);
#6954 = VERTEX_POINT('',#6955);
#6955 = CARTESIAN_POINT('',(10.86,3.177958443787E-16,-1.335));
#6956 = VERTEX_POINT('',#6957);
#6957 = CARTESIAN_POINT('',(10.86,2.871796744001E-16,-1.085));
#6958 = LINE('',#6959,#6960);
#6959 = CARTESIAN_POINT('',(10.86,3.177958443787E-16,-1.335));
#6960 = VECTOR('',#6961,1.);
#6961 = DIRECTION('',(0.,-1.224646799147E-16,1.));
#6962 = ORIENTED_EDGE('',*,*,#6963,.T.);
#6963 = EDGE_CURVE('',#6956,#6964,#6966,.T.);
#6964 = VERTEX_POINT('',#6965);
#6965 = CARTESIAN_POINT('',(11.56,2.871796744001E-16,-1.085));
#6966 = LINE('',#6967,#6968);
#6967 = CARTESIAN_POINT('',(10.86,2.871796744001E-16,-1.085));
#6968 = VECTOR('',#6969,1.);
#6969 = DIRECTION('',(1.,0.,0.));
#6970 = ORIENTED_EDGE('',*,*,#6971,.F.);
#6971 = EDGE_CURVE('',#6972,#6964,#6974,.T.);
#6972 = VERTEX_POINT('',#6973);
#6973 = CARTESIAN_POINT('',(11.56,0.,-1.335));
#6974 = LINE('',#6975,#6976);
#6975 = CARTESIAN_POINT('',(11.56,3.177958443787E-16,-1.335));
#6976 = VECTOR('',#6977,1.);
#6977 = DIRECTION('',(0.,-1.224646799147E-16,1.));
#6978 = ORIENTED_EDGE('',*,*,#6979,.F.);
#6979 = EDGE_CURVE('',#6954,#6972,#6980,.T.);
#6980 = LINE('',#6981,#6982);
#6981 = CARTESIAN_POINT('',(10.86,3.177958443787E-16,-1.335));
#6982 = VECTOR('',#6983,1.);
#6983 = DIRECTION('',(1.,0.,0.));
#6984 = FACE_BOUND('',#6985,.T.);
#6985 = EDGE_LOOP('',(#6986,#6987,#6988,#6989));
#6986 = ORIENTED_EDGE('',*,*,#6619,.F.);
#6987 = ORIENTED_EDGE('',*,*,#6698,.F.);
#6988 = ORIENTED_EDGE('',*,*,#6674,.F.);
#6989 = ORIENTED_EDGE('',*,*,#6650,.F.);
#6990 = PLANE('',#6991);
#6991 = AXIS2_PLACEMENT_3D('',#6992,#6993,#6994);
#6992 = CARTESIAN_POINT('',(0.,0.,0.));
#6993 = DIRECTION('',(0.,-1.,0.));
#6994 = DIRECTION('',(0.,-0.,-1.));
#6995 = ADVANCED_FACE('',(#6996),#7021,.T.);
#6996 = FACE_BOUND('',#6997,.T.);
#6997 = EDGE_LOOP('',(#6998,#6999,#7007,#7015));
#6998 = ORIENTED_EDGE('',*,*,#6979,.T.);
#6999 = ORIENTED_EDGE('',*,*,#7000,.F.);
#7000 = EDGE_CURVE('',#7001,#6972,#7003,.T.);
#7001 = VERTEX_POINT('',#7002);
#7002 = CARTESIAN_POINT('',(11.56,-1.2,-1.335));
#7003 = LINE('',#7004,#7005);
#7004 = CARTESIAN_POINT('',(11.56,3.177958443787E-16,-1.335));
#7005 = VECTOR('',#7006,1.);
#7006 = DIRECTION('',(-0.,1.,1.807003620809E-16));
#7007 = ORIENTED_EDGE('',*,*,#7008,.F.);
#7008 = EDGE_CURVE('',#7009,#7001,#7011,.T.);
#7009 = VERTEX_POINT('',#7010);
#7010 = CARTESIAN_POINT('',(10.86,-1.2,-1.335));
#7011 = LINE('',#7012,#7013);
#7012 = CARTESIAN_POINT('',(10.86,-1.2,-1.335));
#7013 = VECTOR('',#7014,1.);
#7014 = DIRECTION('',(1.,0.,0.));
#7015 = ORIENTED_EDGE('',*,*,#7016,.T.);
#7016 = EDGE_CURVE('',#7009,#6954,#7017,.T.);
#7017 = LINE('',#7018,#7019);
#7018 = CARTESIAN_POINT('',(10.86,3.177958443787E-16,-1.335));
#7019 = VECTOR('',#7020,1.);
#7020 = DIRECTION('',(-0.,1.,1.807003620809E-16));
#7021 = PLANE('',#7022);
#7022 = AXIS2_PLACEMENT_3D('',#7023,#7024,#7025);
#7023 = CARTESIAN_POINT('',(10.86,3.177958443787E-16,-1.335));
#7024 = DIRECTION('',(0.,1.807003620809E-16,-1.));
#7025 = DIRECTION('',(0.,1.,1.807003620809E-16));
#7026 = ADVANCED_FACE('',(#7027),#7052,.T.);
#7027 = FACE_BOUND('',#7028,.T.);
#7028 = EDGE_LOOP('',(#7029,#7030,#7038,#7046));
#7029 = ORIENTED_EDGE('',*,*,#7008,.T.);
#7030 = ORIENTED_EDGE('',*,*,#7031,.F.);
#7031 = EDGE_CURVE('',#7032,#7001,#7034,.T.);
#7032 = VERTEX_POINT('',#7033);
#7033 = CARTESIAN_POINT('',(11.56,-1.2,1.));
#7034 = LINE('',#7035,#7036);
#7035 = CARTESIAN_POINT('',(11.56,-1.2,-1.335));
#7036 = VECTOR('',#7037,1.);
#7037 = DIRECTION('',(-0.,9.286528243987E-17,-1.));
#7038 = ORIENTED_EDGE('',*,*,#7039,.F.);
#7039 = EDGE_CURVE('',#7040,#7032,#7042,.T.);
#7040 = VERTEX_POINT('',#7041);
#7041 = CARTESIAN_POINT('',(10.86,-1.2,1.));
#7042 = LINE('',#7043,#7044);
#7043 = CARTESIAN_POINT('',(10.86,-1.2,1.));
#7044 = VECTOR('',#7045,1.);
#7045 = DIRECTION('',(1.,0.,0.));
#7046 = ORIENTED_EDGE('',*,*,#7047,.T.);
#7047 = EDGE_CURVE('',#7040,#7009,#7048,.T.);
#7048 = LINE('',#7049,#7050);
#7049 = CARTESIAN_POINT('',(10.86,-1.2,-1.335));
#7050 = VECTOR('',#7051,1.);
#7051 = DIRECTION('',(-0.,9.286528243987E-17,-1.));
#7052 = PLANE('',#7053);
#7053 = AXIS2_PLACEMENT_3D('',#7054,#7055,#7056);
#7054 = CARTESIAN_POINT('',(10.86,-1.2,-1.335));
#7055 = DIRECTION('',(0.,-1.,-9.286528243987E-17));
#7056 = DIRECTION('',(0.,9.286528243987E-17,-1.));
#7057 = ADVANCED_FACE('',(#7058),#7083,.T.);
#7058 = FACE_BOUND('',#7059,.T.);
#7059 = EDGE_LOOP('',(#7060,#7061,#7069,#7077));
#7060 = ORIENTED_EDGE('',*,*,#7039,.T.);
#7061 = ORIENTED_EDGE('',*,*,#7062,.F.);
#7062 = EDGE_CURVE('',#7063,#7032,#7065,.T.);
#7063 = VERTEX_POINT('',#7064);
#7064 = CARTESIAN_POINT('',(11.56,-0.95,1.));
#7065 = LINE('',#7066,#7067);
#7066 = CARTESIAN_POINT('',(11.56,-1.2,1.));
#7067 = VECTOR('',#7068,1.);
#7068 = DIRECTION('',(-0.,-1.,8.673617379884E-16));
#7069 = ORIENTED_EDGE('',*,*,#7070,.F.);
#7070 = EDGE_CURVE('',#7071,#7063,#7073,.T.);
#7071 = VERTEX_POINT('',#7072);
#7072 = CARTESIAN_POINT('',(10.86,-0.95,1.));
#7073 = LINE('',#7074,#7075);
#7074 = CARTESIAN_POINT('',(10.86,-0.95,1.));
#7075 = VECTOR('',#7076,1.);
#7076 = DIRECTION('',(1.,0.,0.));
#7077 = ORIENTED_EDGE('',*,*,#7078,.T.);
#7078 = EDGE_CURVE('',#7071,#7040,#7079,.T.);
#7079 = LINE('',#7080,#7081);
#7080 = CARTESIAN_POINT('',(10.86,-1.2,1.));
#7081 = VECTOR('',#7082,1.);
#7082 = DIRECTION('',(-0.,-1.,8.673617379884E-16));
#7083 = PLANE('',#7084);
#7084 = AXIS2_PLACEMENT_3D('',#7085,#7086,#7087);
#7085 = CARTESIAN_POINT('',(10.86,-1.2,1.));
#7086 = DIRECTION('',(-0.,8.673617379884E-16,1.));
#7087 = DIRECTION('',(0.,-1.,8.673617379884E-16));
#7088 = ADVANCED_FACE('',(#7089),#7114,.T.);
#7089 = FACE_BOUND('',#7090,.T.);
#7090 = EDGE_LOOP('',(#7091,#7092,#7100,#7108));
#7091 = ORIENTED_EDGE('',*,*,#7070,.T.);
#7092 = ORIENTED_EDGE('',*,*,#7093,.F.);
#7093 = EDGE_CURVE('',#7094,#7063,#7096,.T.);
#7094 = VERTEX_POINT('',#7095);
#7095 = CARTESIAN_POINT('',(11.56,-0.95,-1.085));
#7096 = LINE('',#7097,#7098);
#7097 = CARTESIAN_POINT('',(11.56,-0.95,-1.085));
#7098 = VECTOR('',#7099,1.);
#7099 = DIRECTION('',(0.,-1.040002083919E-16,1.));
#7100 = ORIENTED_EDGE('',*,*,#7101,.F.);
#7101 = EDGE_CURVE('',#7102,#7094,#7104,.T.);
#7102 = VERTEX_POINT('',#7103);
#7103 = CARTESIAN_POINT('',(10.86,-0.95,-1.085));
#7104 = LINE('',#7105,#7106);
#7105 = CARTESIAN_POINT('',(10.86,-0.95,-1.085));
#7106 = VECTOR('',#7107,1.);
#7107 = DIRECTION('',(1.,0.,0.));
#7108 = ORIENTED_EDGE('',*,*,#7109,.T.);
#7109 = EDGE_CURVE('',#7102,#7071,#7110,.T.);
#7110 = LINE('',#7111,#7112);
#7111 = CARTESIAN_POINT('',(10.86,-0.95,-1.085));
#7112 = VECTOR('',#7113,1.);
#7113 = DIRECTION('',(0.,-1.040002083919E-16,1.));
#7114 = PLANE('',#7115);
#7115 = AXIS2_PLACEMENT_3D('',#7116,#7117,#7118);
#7116 = CARTESIAN_POINT('',(10.86,-0.95,-1.085));
#7117 = DIRECTION('',(-0.,1.,1.040002083919E-16));
#7118 = DIRECTION('',(0.,-1.040002083919E-16,1.));
#7119 = ADVANCED_FACE('',(#7120),#7136,.T.);
#7120 = FACE_BOUND('',#7121,.T.);
#7121 = EDGE_LOOP('',(#7122,#7123,#7129,#7130));
#7122 = ORIENTED_EDGE('',*,*,#7101,.T.);
#7123 = ORIENTED_EDGE('',*,*,#7124,.F.);
#7124 = EDGE_CURVE('',#6964,#7094,#7125,.T.);
#7125 = LINE('',#7126,#7127);
#7126 = CARTESIAN_POINT('',(11.56,2.871796744001E-16,-1.085));
#7127 = VECTOR('',#7128,1.);
#7128 = DIRECTION('',(0.,-1.,-2.282530889443E-16));
#7129 = ORIENTED_EDGE('',*,*,#6963,.F.);
#7130 = ORIENTED_EDGE('',*,*,#7131,.T.);
#7131 = EDGE_CURVE('',#6956,#7102,#7132,.T.);
#7132 = LINE('',#7133,#7134);
#7133 = CARTESIAN_POINT('',(10.86,2.871796744001E-16,-1.085));
#7134 = VECTOR('',#7135,1.);
#7135 = DIRECTION('',(0.,-1.,-2.282530889443E-16));
#7136 = PLANE('',#7137);
#7137 = AXIS2_PLACEMENT_3D('',#7138,#7139,#7140);
#7138 = CARTESIAN_POINT('',(10.86,2.871796744001E-16,-1.085));
#7139 = DIRECTION('',(0.,-2.282530889443E-16,1.));
#7140 = DIRECTION('',(0.,-1.,-2.282530889443E-16));
#7141 = ADVANCED_FACE('',(#7142),#7150,.T.);
#7142 = FACE_BOUND('',#7143,.T.);
#7143 = EDGE_LOOP('',(#7144,#7145,#7146,#7147,#7148,#7149));
#7144 = ORIENTED_EDGE('',*,*,#7016,.F.);
#7145 = ORIENTED_EDGE('',*,*,#7047,.F.);
#7146 = ORIENTED_EDGE('',*,*,#7078,.F.);
#7147 = ORIENTED_EDGE('',*,*,#7109,.F.);
#7148 = ORIENTED_EDGE('',*,*,#7131,.F.);
#7149 = ORIENTED_EDGE('',*,*,#6953,.F.);
#7150 = PLANE('',#7151);
#7151 = AXIS2_PLACEMENT_3D('',#7152,#7153,#7154);
#7152 = CARTESIAN_POINT('',(10.86,0.,0.));
#7153 = DIRECTION('',(-1.,-0.,0.));
#7154 = DIRECTION('',(0.,0.,1.));
#7155 = ADVANCED_FACE('',(#7156),#7164,.F.);
#7156 = FACE_BOUND('',#7157,.T.);
#7157 = EDGE_LOOP('',(#7158,#7159,#7160,#7161,#7162,#7163));
#7158 = ORIENTED_EDGE('',*,*,#7000,.T.);
#7159 = ORIENTED_EDGE('',*,*,#6971,.T.);
#7160 = ORIENTED_EDGE('',*,*,#7124,.T.);
#7161 = ORIENTED_EDGE('',*,*,#7093,.T.);
#7162 = ORIENTED_EDGE('',*,*,#7062,.T.);
#7163 = ORIENTED_EDGE('',*,*,#7031,.T.);
#7164 = PLANE('',#7165);
#7165 = AXIS2_PLACEMENT_3D('',#7166,#7167,#7168);
#7166 = CARTESIAN_POINT('',(11.56,0.,0.));
#7167 = DIRECTION('',(-1.,-0.,0.));
#7168 = DIRECTION('',(0.,0.,1.));
#7169 = ADVANCED_FACE('',(#7170),#7195,.F.);
#7170 = FACE_BOUND('',#7171,.T.);
#7171 = EDGE_LOOP('',(#7172,#7182,#7188,#7189));
#7172 = ORIENTED_EDGE('',*,*,#7173,.T.);
#7173 = EDGE_CURVE('',#7174,#7176,#7178,.T.);
#7174 = VERTEX_POINT('',#7175);
#7175 = CARTESIAN_POINT('',(10.86,-1.2,-6.165));
#7176 = VERTEX_POINT('',#7177);
#7177 = CARTESIAN_POINT('',(11.56,-1.2,-6.165));
#7178 = LINE('',#7179,#7180);
#7179 = CARTESIAN_POINT('',(10.86,-1.2,-6.165));
#7180 = VECTOR('',#7181,1.);
#7181 = DIRECTION('',(1.,0.,0.));
#7182 = ORIENTED_EDGE('',*,*,#7183,.T.);
#7183 = EDGE_CURVE('',#7176,#6930,#7184,.T.);
#7184 = LINE('',#7185,#7186);
#7185 = CARTESIAN_POINT('',(11.56,3.177958443787E-16,-6.165));
#7186 = VECTOR('',#7187,1.);
#7187 = DIRECTION('',(0.,1.,-1.807003620809E-16));
#7188 = ORIENTED_EDGE('',*,*,#6929,.F.);
#7189 = ORIENTED_EDGE('',*,*,#7190,.F.);
#7190 = EDGE_CURVE('',#7174,#6920,#7191,.T.);
#7191 = LINE('',#7192,#7193);
#7192 = CARTESIAN_POINT('',(10.86,3.177958443787E-16,-6.165));
#7193 = VECTOR('',#7194,1.);
#7194 = DIRECTION('',(0.,1.,-1.807003620809E-16));
#7195 = PLANE('',#7196);
#7196 = AXIS2_PLACEMENT_3D('',#7197,#7198,#7199);
#7197 = CARTESIAN_POINT('',(10.86,3.177958443787E-16,-6.165));
#7198 = DIRECTION('',(0.,-1.807003620809E-16,-1.));
#7199 = DIRECTION('',(0.,1.,-1.807003620809E-16));
#7200 = ADVANCED_FACE('',(#7201),#7226,.F.);
#7201 = FACE_BOUND('',#7202,.T.);
#7202 = EDGE_LOOP('',(#7203,#7204,#7212,#7220));
#7203 = ORIENTED_EDGE('',*,*,#6945,.T.);
#7204 = ORIENTED_EDGE('',*,*,#7205,.T.);
#7205 = EDGE_CURVE('',#6938,#7206,#7208,.T.);
#7206 = VERTEX_POINT('',#7207);
#7207 = CARTESIAN_POINT('',(11.56,-0.95,-6.415));
#7208 = LINE('',#7209,#7210);
#7209 = CARTESIAN_POINT('',(11.56,2.871796744001E-16,-6.415));
#7210 = VECTOR('',#7211,1.);
#7211 = DIRECTION('',(0.,-1.,2.282530889443E-16));
#7212 = ORIENTED_EDGE('',*,*,#7213,.F.);
#7213 = EDGE_CURVE('',#7214,#7206,#7216,.T.);
#7214 = VERTEX_POINT('',#7215);
#7215 = CARTESIAN_POINT('',(10.86,-0.95,-6.415));
#7216 = LINE('',#7217,#7218);
#7217 = CARTESIAN_POINT('',(10.86,-0.95,-6.415));
#7218 = VECTOR('',#7219,1.);
#7219 = DIRECTION('',(1.,0.,0.));
#7220 = ORIENTED_EDGE('',*,*,#7221,.F.);
#7221 = EDGE_CURVE('',#6922,#7214,#7222,.T.);
#7222 = LINE('',#7223,#7224);
#7223 = CARTESIAN_POINT('',(10.86,2.871796744001E-16,-6.415));
#7224 = VECTOR('',#7225,1.);
#7225 = DIRECTION('',(0.,-1.,2.282530889443E-16));
#7226 = PLANE('',#7227);
#7227 = AXIS2_PLACEMENT_3D('',#7228,#7229,#7230);
#7228 = CARTESIAN_POINT('',(10.86,2.871796744001E-16,-6.415));
#7229 = DIRECTION('',(-0.,2.282530889443E-16,1.));
#7230 = DIRECTION('',(0.,-1.,2.282530889443E-16));
#7231 = ADVANCED_FACE('',(#7232),#7257,.F.);
#7232 = FACE_BOUND('',#7233,.T.);
#7233 = EDGE_LOOP('',(#7234,#7235,#7243,#7251));
#7234 = ORIENTED_EDGE('',*,*,#7213,.T.);
#7235 = ORIENTED_EDGE('',*,*,#7236,.T.);
#7236 = EDGE_CURVE('',#7206,#7237,#7239,.T.);
#7237 = VERTEX_POINT('',#7238);
#7238 = CARTESIAN_POINT('',(11.56,-0.95,-8.5));
#7239 = LINE('',#7240,#7241);
#7240 = CARTESIAN_POINT('',(11.56,-0.95,-6.415));
#7241 = VECTOR('',#7242,1.);
#7242 = DIRECTION('',(0.,-1.040002083919E-16,-1.));
#7243 = ORIENTED_EDGE('',*,*,#7244,.F.);
#7244 = EDGE_CURVE('',#7245,#7237,#7247,.T.);
#7245 = VERTEX_POINT('',#7246);
#7246 = CARTESIAN_POINT('',(10.86,-0.95,-8.5));
#7247 = LINE('',#7248,#7249);
#7248 = CARTESIAN_POINT('',(10.86,-0.95,-8.5));
#7249 = VECTOR('',#7250,1.);
#7250 = DIRECTION('',(1.,0.,0.));
#7251 = ORIENTED_EDGE('',*,*,#7252,.F.);
#7252 = EDGE_CURVE('',#7214,#7245,#7253,.T.);
#7253 = LINE('',#7254,#7255);
#7254 = CARTESIAN_POINT('',(10.86,-0.95,-6.415));
#7255 = VECTOR('',#7256,1.);
#7256 = DIRECTION('',(0.,-1.040002083919E-16,-1.));
#7257 = PLANE('',#7258);
#7258 = AXIS2_PLACEMENT_3D('',#7259,#7260,#7261);
#7259 = CARTESIAN_POINT('',(10.86,-0.95,-6.415));
#7260 = DIRECTION('',(0.,-1.,1.040002083919E-16));
#7261 = DIRECTION('',(0.,-1.040002083919E-16,-1.));
#7262 = ADVANCED_FACE('',(#7263),#7288,.F.);
#7263 = FACE_BOUND('',#7264,.T.);
#7264 = EDGE_LOOP('',(#7265,#7266,#7274,#7282));
#7265 = ORIENTED_EDGE('',*,*,#7244,.T.);
#7266 = ORIENTED_EDGE('',*,*,#7267,.T.);
#7267 = EDGE_CURVE('',#7237,#7268,#7270,.T.);
#7268 = VERTEX_POINT('',#7269);
#7269 = CARTESIAN_POINT('',(11.56,-1.2,-8.5));
#7270 = LINE('',#7271,#7272);
#7271 = CARTESIAN_POINT('',(11.56,-1.2,-8.5));
#7272 = VECTOR('',#7273,1.);
#7273 = DIRECTION('',(0.,-1.,-8.673617379884E-16));
#7274 = ORIENTED_EDGE('',*,*,#7275,.F.);
#7275 = EDGE_CURVE('',#7276,#7268,#7278,.T.);
#7276 = VERTEX_POINT('',#7277);
#7277 = CARTESIAN_POINT('',(10.86,-1.2,-8.5));
#7278 = LINE('',#7279,#7280);
#7279 = CARTESIAN_POINT('',(10.86,-1.2,-8.5));
#7280 = VECTOR('',#7281,1.);
#7281 = DIRECTION('',(1.,0.,0.));
#7282 = ORIENTED_EDGE('',*,*,#7283,.F.);
#7283 = EDGE_CURVE('',#7245,#7276,#7284,.T.);
#7284 = LINE('',#7285,#7286);
#7285 = CARTESIAN_POINT('',(10.86,-1.2,-8.5));
#7286 = VECTOR('',#7287,1.);
#7287 = DIRECTION('',(0.,-1.,-8.673617379884E-16));
#7288 = PLANE('',#7289);
#7289 = AXIS2_PLACEMENT_3D('',#7290,#7291,#7292);
#7290 = CARTESIAN_POINT('',(10.86,-1.2,-8.5));
#7291 = DIRECTION('',(0.,-8.673617379884E-16,1.));
#7292 = DIRECTION('',(0.,-1.,-8.673617379884E-16));
#7293 = ADVANCED_FACE('',(#7294),#7310,.F.);
#7294 = FACE_BOUND('',#7295,.T.);
#7295 = EDGE_LOOP('',(#7296,#7297,#7303,#7304));
#7296 = ORIENTED_EDGE('',*,*,#7275,.T.);
#7297 = ORIENTED_EDGE('',*,*,#7298,.T.);
#7298 = EDGE_CURVE('',#7268,#7176,#7299,.T.);
#7299 = LINE('',#7300,#7301);
#7300 = CARTESIAN_POINT('',(11.56,-1.2,-6.165));
#7301 = VECTOR('',#7302,1.);
#7302 = DIRECTION('',(0.,9.286528243987E-17,1.));
#7303 = ORIENTED_EDGE('',*,*,#7173,.F.);
#7304 = ORIENTED_EDGE('',*,*,#7305,.F.);
#7305 = EDGE_CURVE('',#7276,#7174,#7306,.T.);
#7306 = LINE('',#7307,#7308);
#7307 = CARTESIAN_POINT('',(10.86,-1.2,-6.165));
#7308 = VECTOR('',#7309,1.);
#7309 = DIRECTION('',(0.,9.286528243987E-17,1.));
#7310 = PLANE('',#7311);
#7311 = AXIS2_PLACEMENT_3D('',#7312,#7313,#7314);
#7312 = CARTESIAN_POINT('',(10.86,-1.2,-6.165));
#7313 = DIRECTION('',(0.,1.,-9.286528243987E-17));
#7314 = DIRECTION('',(0.,9.286528243987E-17,1.));
#7315 = ADVANCED_FACE('',(#7316),#7324,.T.);
#7316 = FACE_BOUND('',#7317,.T.);
#7317 = EDGE_LOOP('',(#7318,#7319,#7320,#7321,#7322,#7323));
#7318 = ORIENTED_EDGE('',*,*,#7190,.T.);
#7319 = ORIENTED_EDGE('',*,*,#6919,.T.);
#7320 = ORIENTED_EDGE('',*,*,#7221,.T.);
#7321 = ORIENTED_EDGE('',*,*,#7252,.T.);
#7322 = ORIENTED_EDGE('',*,*,#7283,.T.);
#7323 = ORIENTED_EDGE('',*,*,#7305,.T.);
#7324 = PLANE('',#7325);
#7325 = AXIS2_PLACEMENT_3D('',#7326,#7327,#7328);
#7326 = CARTESIAN_POINT('',(10.86,0.,-7.5));
#7327 = DIRECTION('',(-1.,0.,-0.));
#7328 = DIRECTION('',(0.,0.,-1.));
#7329 = ADVANCED_FACE('',(#7330),#7338,.F.);
#7330 = FACE_BOUND('',#7331,.T.);
#7331 = EDGE_LOOP('',(#7332,#7333,#7334,#7335,#7336,#7337));
#7332 = ORIENTED_EDGE('',*,*,#7183,.F.);
#7333 = ORIENTED_EDGE('',*,*,#7298,.F.);
#7334 = ORIENTED_EDGE('',*,*,#7267,.F.);
#7335 = ORIENTED_EDGE('',*,*,#7236,.F.);
#7336 = ORIENTED_EDGE('',*,*,#7205,.F.);
#7337 = ORIENTED_EDGE('',*,*,#6937,.F.);
#7338 = PLANE('',#7339);
#7339 = AXIS2_PLACEMENT_3D('',#7340,#7341,#7342);
#7340 = CARTESIAN_POINT('',(11.56,0.,-7.5));
#7341 = DIRECTION('',(-1.,0.,-0.));
#7342 = DIRECTION('',(0.,0.,-1.));
#7343 = ADVANCED_FACE('',(#7344),#7369,.F.);
#7344 = FACE_BOUND('',#7345,.T.);
#7345 = EDGE_LOOP('',(#7346,#7356,#7362,#7363));
#7346 = ORIENTED_EDGE('',*,*,#7347,.T.);
#7347 = EDGE_CURVE('',#7348,#7350,#7352,.T.);
#7348 = VERTEX_POINT('',#7349);
#7349 = CARTESIAN_POINT('',(8.32,-1.2,-6.165));
#7350 = VERTEX_POINT('',#7351);
#7351 = CARTESIAN_POINT('',(9.02,-1.2,-6.165));
#7352 = LINE('',#7353,#7354);
#7353 = CARTESIAN_POINT('',(8.32,-1.2,-6.165));
#7354 = VECTOR('',#7355,1.);
#7355 = DIRECTION('',(1.,0.,0.));
#7356 = ORIENTED_EDGE('',*,*,#7357,.T.);
#7357 = EDGE_CURVE('',#7350,#6896,#7358,.T.);
#7358 = LINE('',#7359,#7360);
#7359 = CARTESIAN_POINT('',(9.02,3.177958443787E-16,-6.165));
#7360 = VECTOR('',#7361,1.);
#7361 = DIRECTION('',(0.,1.,-1.807003620809E-16));
#7362 = ORIENTED_EDGE('',*,*,#6895,.F.);
#7363 = ORIENTED_EDGE('',*,*,#7364,.F.);
#7364 = EDGE_CURVE('',#7348,#6886,#7365,.T.);
#7365 = LINE('',#7366,#7367);
#7366 = CARTESIAN_POINT('',(8.32,3.177958443787E-16,-6.165));
#7367 = VECTOR('',#7368,1.);
#7368 = DIRECTION('',(0.,1.,-1.807003620809E-16));
#7369 = PLANE('',#7370);
#7370 = AXIS2_PLACEMENT_3D('',#7371,#7372,#7373);
#7371 = CARTESIAN_POINT('',(8.32,3.177958443787E-16,-6.165));
#7372 = DIRECTION('',(0.,-1.807003620809E-16,-1.));
#7373 = DIRECTION('',(0.,1.,-1.807003620809E-16));
#7374 = ADVANCED_FACE('',(#7375),#7400,.F.);
#7375 = FACE_BOUND('',#7376,.T.);
#7376 = EDGE_LOOP('',(#7377,#7378,#7386,#7394));
#7377 = ORIENTED_EDGE('',*,*,#6911,.T.);
#7378 = ORIENTED_EDGE('',*,*,#7379,.T.);
#7379 = EDGE_CURVE('',#6904,#7380,#7382,.T.);
#7380 = VERTEX_POINT('',#7381);
#7381 = CARTESIAN_POINT('',(9.02,-0.95,-6.415));
#7382 = LINE('',#7383,#7384);
#7383 = CARTESIAN_POINT('',(9.02,2.871796744001E-16,-6.415));
#7384 = VECTOR('',#7385,1.);
#7385 = DIRECTION('',(0.,-1.,2.282530889443E-16));
#7386 = ORIENTED_EDGE('',*,*,#7387,.F.);
#7387 = EDGE_CURVE('',#7388,#7380,#7390,.T.);
#7388 = VERTEX_POINT('',#7389);
#7389 = CARTESIAN_POINT('',(8.32,-0.95,-6.415));
#7390 = LINE('',#7391,#7392);
#7391 = CARTESIAN_POINT('',(8.32,-0.95,-6.415));
#7392 = VECTOR('',#7393,1.);
#7393 = DIRECTION('',(1.,0.,0.));
#7394 = ORIENTED_EDGE('',*,*,#7395,.F.);
#7395 = EDGE_CURVE('',#6888,#7388,#7396,.T.);
#7396 = LINE('',#7397,#7398);
#7397 = CARTESIAN_POINT('',(8.32,2.871796744001E-16,-6.415));
#7398 = VECTOR('',#7399,1.);
#7399 = DIRECTION('',(0.,-1.,2.282530889443E-16));
#7400 = PLANE('',#7401);
#7401 = AXIS2_PLACEMENT_3D('',#7402,#7403,#7404);
#7402 = CARTESIAN_POINT('',(8.32,2.871796744001E-16,-6.415));
#7403 = DIRECTION('',(-0.,2.282530889443E-16,1.));
#7404 = DIRECTION('',(0.,-1.,2.282530889443E-16));
#7405 = ADVANCED_FACE('',(#7406),#7431,.F.);
#7406 = FACE_BOUND('',#7407,.T.);
#7407 = EDGE_LOOP('',(#7408,#7409,#7417,#7425));
#7408 = ORIENTED_EDGE('',*,*,#7387,.T.);
#7409 = ORIENTED_EDGE('',*,*,#7410,.T.);
#7410 = EDGE_CURVE('',#7380,#7411,#7413,.T.);
#7411 = VERTEX_POINT('',#7412);
#7412 = CARTESIAN_POINT('',(9.02,-0.95,-8.5));
#7413 = LINE('',#7414,#7415);
#7414 = CARTESIAN_POINT('',(9.02,-0.95,-6.415));
#7415 = VECTOR('',#7416,1.);
#7416 = DIRECTION('',(0.,-1.040002083919E-16,-1.));
#7417 = ORIENTED_EDGE('',*,*,#7418,.F.);
#7418 = EDGE_CURVE('',#7419,#7411,#7421,.T.);
#7419 = VERTEX_POINT('',#7420);
#7420 = CARTESIAN_POINT('',(8.32,-0.95,-8.5));
#7421 = LINE('',#7422,#7423);
#7422 = CARTESIAN_POINT('',(8.32,-0.95,-8.5));
#7423 = VECTOR('',#7424,1.);
#7424 = DIRECTION('',(1.,0.,0.));
#7425 = ORIENTED_EDGE('',*,*,#7426,.F.);
#7426 = EDGE_CURVE('',#7388,#7419,#7427,.T.);
#7427 = LINE('',#7428,#7429);
#7428 = CARTESIAN_POINT('',(8.32,-0.95,-6.415));
#7429 = VECTOR('',#7430,1.);
#7430 = DIRECTION('',(0.,-1.040002083919E-16,-1.));
#7431 = PLANE('',#7432);
#7432 = AXIS2_PLACEMENT_3D('',#7433,#7434,#7435);
#7433 = CARTESIAN_POINT('',(8.32,-0.95,-6.415));
#7434 = DIRECTION('',(0.,-1.,1.040002083919E-16));
#7435 = DIRECTION('',(0.,-1.040002083919E-16,-1.));
#7436 = ADVANCED_FACE('',(#7437),#7462,.F.);
#7437 = FACE_BOUND('',#7438,.T.);
#7438 = EDGE_LOOP('',(#7439,#7440,#7448,#7456));
#7439 = ORIENTED_EDGE('',*,*,#7418,.T.);
#7440 = ORIENTED_EDGE('',*,*,#7441,.T.);
#7441 = EDGE_CURVE('',#7411,#7442,#7444,.T.);
#7442 = VERTEX_POINT('',#7443);
#7443 = CARTESIAN_POINT('',(9.02,-1.2,-8.5));
#7444 = LINE('',#7445,#7446);
#7445 = CARTESIAN_POINT('',(9.02,-1.2,-8.5));
#7446 = VECTOR('',#7447,1.);
#7447 = DIRECTION('',(0.,-1.,-8.673617379884E-16));
#7448 = ORIENTED_EDGE('',*,*,#7449,.F.);
#7449 = EDGE_CURVE('',#7450,#7442,#7452,.T.);
#7450 = VERTEX_POINT('',#7451);
#7451 = CARTESIAN_POINT('',(8.32,-1.2,-8.5));
#7452 = LINE('',#7453,#7454);
#7453 = CARTESIAN_POINT('',(8.32,-1.2,-8.5));
#7454 = VECTOR('',#7455,1.);
#7455 = DIRECTION('',(1.,0.,0.));
#7456 = ORIENTED_EDGE('',*,*,#7457,.F.);
#7457 = EDGE_CURVE('',#7419,#7450,#7458,.T.);
#7458 = LINE('',#7459,#7460);
#7459 = CARTESIAN_POINT('',(8.32,-1.2,-8.5));
#7460 = VECTOR('',#7461,1.);
#7461 = DIRECTION('',(0.,-1.,-8.673617379884E-16));
#7462 = PLANE('',#7463);
#7463 = AXIS2_PLACEMENT_3D('',#7464,#7465,#7466);
#7464 = CARTESIAN_POINT('',(8.32,-1.2,-8.5));
#7465 = DIRECTION('',(0.,-8.673617379884E-16,1.));
#7466 = DIRECTION('',(0.,-1.,-8.673617379884E-16));
#7467 = ADVANCED_FACE('',(#7468),#7484,.F.);
#7468 = FACE_BOUND('',#7469,.T.);
#7469 = EDGE_LOOP('',(#7470,#7471,#7477,#7478));
#7470 = ORIENTED_EDGE('',*,*,#7449,.T.);
#7471 = ORIENTED_EDGE('',*,*,#7472,.T.);
#7472 = EDGE_CURVE('',#7442,#7350,#7473,.T.);
#7473 = LINE('',#7474,#7475);
#7474 = CARTESIAN_POINT('',(9.02,-1.2,-6.165));
#7475 = VECTOR('',#7476,1.);
#7476 = DIRECTION('',(0.,9.286528243987E-17,1.));
#7477 = ORIENTED_EDGE('',*,*,#7347,.F.);
#7478 = ORIENTED_EDGE('',*,*,#7479,.F.);
#7479 = EDGE_CURVE('',#7450,#7348,#7480,.T.);
#7480 = LINE('',#7481,#7482);
#7481 = CARTESIAN_POINT('',(8.32,-1.2,-6.165));
#7482 = VECTOR('',#7483,1.);
#7483 = DIRECTION('',(0.,9.286528243987E-17,1.));
#7484 = PLANE('',#7485);
#7485 = AXIS2_PLACEMENT_3D('',#7486,#7487,#7488);
#7486 = CARTESIAN_POINT('',(8.32,-1.2,-6.165));
#7487 = DIRECTION('',(0.,1.,-9.286528243987E-17));
#7488 = DIRECTION('',(0.,9.286528243987E-17,1.));
#7489 = ADVANCED_FACE('',(#7490),#7498,.T.);
#7490 = FACE_BOUND('',#7491,.T.);
#7491 = EDGE_LOOP('',(#7492,#7493,#7494,#7495,#7496,#7497));
#7492 = ORIENTED_EDGE('',*,*,#7364,.T.);
#7493 = ORIENTED_EDGE('',*,*,#6885,.T.);
#7494 = ORIENTED_EDGE('',*,*,#7395,.T.);
#7495 = ORIENTED_EDGE('',*,*,#7426,.T.);
#7496 = ORIENTED_EDGE('',*,*,#7457,.T.);
#7497 = ORIENTED_EDGE('',*,*,#7479,.T.);
#7498 = PLANE('',#7499);
#7499 = AXIS2_PLACEMENT_3D('',#7500,#7501,#7502);
#7500 = CARTESIAN_POINT('',(8.32,0.,-7.5));
#7501 = DIRECTION('',(-1.,0.,-0.));
#7502 = DIRECTION('',(0.,0.,-1.));
#7503 = ADVANCED_FACE('',(#7504),#7512,.F.);
#7504 = FACE_BOUND('',#7505,.T.);
#7505 = EDGE_LOOP('',(#7506,#7507,#7508,#7509,#7510,#7511));
#7506 = ORIENTED_EDGE('',*,*,#7357,.F.);
#7507 = ORIENTED_EDGE('',*,*,#7472,.F.);
#7508 = ORIENTED_EDGE('',*,*,#7441,.F.);
#7509 = ORIENTED_EDGE('',*,*,#7410,.F.);
#7510 = ORIENTED_EDGE('',*,*,#7379,.F.);
#7511 = ORIENTED_EDGE('',*,*,#6903,.F.);
#7512 = PLANE('',#7513);
#7513 = AXIS2_PLACEMENT_3D('',#7514,#7515,#7516);
#7514 = CARTESIAN_POINT('',(9.02,0.,-7.5));
#7515 = DIRECTION('',(-1.,0.,-0.));
#7516 = DIRECTION('',(0.,0.,-1.));
#7517 = ADVANCED_FACE('',(#7518),#7543,.F.);
#7518 = FACE_BOUND('',#7519,.T.);
#7519 = EDGE_LOOP('',(#7520,#7530,#7536,#7537));
#7520 = ORIENTED_EDGE('',*,*,#7521,.T.);
#7521 = EDGE_CURVE('',#7522,#7524,#7526,.T.);
#7522 = VERTEX_POINT('',#7523);
#7523 = CARTESIAN_POINT('',(5.78,-1.2,-6.165));
#7524 = VERTEX_POINT('',#7525);
#7525 = CARTESIAN_POINT('',(6.48,-1.2,-6.165));
#7526 = LINE('',#7527,#7528);
#7527 = CARTESIAN_POINT('',(5.78,-1.2,-6.165));
#7528 = VECTOR('',#7529,1.);
#7529 = DIRECTION('',(1.,0.,0.));
#7530 = ORIENTED_EDGE('',*,*,#7531,.T.);
#7531 = EDGE_CURVE('',#7524,#6862,#7532,.T.);
#7532 = LINE('',#7533,#7534);
#7533 = CARTESIAN_POINT('',(6.48,3.177958443787E-16,-6.165));
#7534 = VECTOR('',#7535,1.);
#7535 = DIRECTION('',(0.,1.,-1.807003620809E-16));
#7536 = ORIENTED_EDGE('',*,*,#6861,.F.);
#7537 = ORIENTED_EDGE('',*,*,#7538,.F.);
#7538 = EDGE_CURVE('',#7522,#6852,#7539,.T.);
#7539 = LINE('',#7540,#7541);
#7540 = CARTESIAN_POINT('',(5.78,3.177958443787E-16,-6.165));
#7541 = VECTOR('',#7542,1.);
#7542 = DIRECTION('',(0.,1.,-1.807003620809E-16));
#7543 = PLANE('',#7544);
#7544 = AXIS2_PLACEMENT_3D('',#7545,#7546,#7547);
#7545 = CARTESIAN_POINT('',(5.78,3.177958443787E-16,-6.165));
#7546 = DIRECTION('',(0.,-1.807003620809E-16,-1.));
#7547 = DIRECTION('',(0.,1.,-1.807003620809E-16));
#7548 = ADVANCED_FACE('',(#7549),#7574,.F.);
#7549 = FACE_BOUND('',#7550,.T.);
#7550 = EDGE_LOOP('',(#7551,#7552,#7560,#7568));
#7551 = ORIENTED_EDGE('',*,*,#6877,.T.);
#7552 = ORIENTED_EDGE('',*,*,#7553,.T.);
#7553 = EDGE_CURVE('',#6870,#7554,#7556,.T.);
#7554 = VERTEX_POINT('',#7555);
#7555 = CARTESIAN_POINT('',(6.48,-0.95,-6.415));
#7556 = LINE('',#7557,#7558);
#7557 = CARTESIAN_POINT('',(6.48,2.871796744001E-16,-6.415));
#7558 = VECTOR('',#7559,1.);
#7559 = DIRECTION('',(0.,-1.,2.282530889443E-16));
#7560 = ORIENTED_EDGE('',*,*,#7561,.F.);
#7561 = EDGE_CURVE('',#7562,#7554,#7564,.T.);
#7562 = VERTEX_POINT('',#7563);
#7563 = CARTESIAN_POINT('',(5.78,-0.95,-6.415));
#7564 = LINE('',#7565,#7566);
#7565 = CARTESIAN_POINT('',(5.78,-0.95,-6.415));
#7566 = VECTOR('',#7567,1.);
#7567 = DIRECTION('',(1.,0.,0.));
#7568 = ORIENTED_EDGE('',*,*,#7569,.F.);
#7569 = EDGE_CURVE('',#6854,#7562,#7570,.T.);
#7570 = LINE('',#7571,#7572);
#7571 = CARTESIAN_POINT('',(5.78,2.871796744001E-16,-6.415));
#7572 = VECTOR('',#7573,1.);
#7573 = DIRECTION('',(0.,-1.,2.282530889443E-16));
#7574 = PLANE('',#7575);
#7575 = AXIS2_PLACEMENT_3D('',#7576,#7577,#7578);
#7576 = CARTESIAN_POINT('',(5.78,2.871796744001E-16,-6.415));
#7577 = DIRECTION('',(-0.,2.282530889443E-16,1.));
#7578 = DIRECTION('',(0.,-1.,2.282530889443E-16));
#7579 = ADVANCED_FACE('',(#7580),#7605,.F.);
#7580 = FACE_BOUND('',#7581,.T.);
#7581 = EDGE_LOOP('',(#7582,#7583,#7591,#7599));
#7582 = ORIENTED_EDGE('',*,*,#7561,.T.);
#7583 = ORIENTED_EDGE('',*,*,#7584,.T.);
#7584 = EDGE_CURVE('',#7554,#7585,#7587,.T.);
#7585 = VERTEX_POINT('',#7586);
#7586 = CARTESIAN_POINT('',(6.48,-0.95,-8.5));
#7587 = LINE('',#7588,#7589);
#7588 = CARTESIAN_POINT('',(6.48,-0.95,-6.415));
#7589 = VECTOR('',#7590,1.);
#7590 = DIRECTION('',(0.,-1.040002083919E-16,-1.));
#7591 = ORIENTED_EDGE('',*,*,#7592,.F.);
#7592 = EDGE_CURVE('',#7593,#7585,#7595,.T.);
#7593 = VERTEX_POINT('',#7594);
#7594 = CARTESIAN_POINT('',(5.78,-0.95,-8.5));
#7595 = LINE('',#7596,#7597);
#7596 = CARTESIAN_POINT('',(5.78,-0.95,-8.5));
#7597 = VECTOR('',#7598,1.);
#7598 = DIRECTION('',(1.,0.,0.));
#7599 = ORIENTED_EDGE('',*,*,#7600,.F.);
#7600 = EDGE_CURVE('',#7562,#7593,#7601,.T.);
#7601 = LINE('',#7602,#7603);
#7602 = CARTESIAN_POINT('',(5.78,-0.95,-6.415));
#7603 = VECTOR('',#7604,1.);
#7604 = DIRECTION('',(0.,-1.040002083919E-16,-1.));
#7605 = PLANE('',#7606);
#7606 = AXIS2_PLACEMENT_3D('',#7607,#7608,#7609);
#7607 = CARTESIAN_POINT('',(5.78,-0.95,-6.415));
#7608 = DIRECTION('',(0.,-1.,1.040002083919E-16));
#7609 = DIRECTION('',(0.,-1.040002083919E-16,-1.));
#7610 = ADVANCED_FACE('',(#7611),#7636,.F.);
#7611 = FACE_BOUND('',#7612,.T.);
#7612 = EDGE_LOOP('',(#7613,#7614,#7622,#7630));
#7613 = ORIENTED_EDGE('',*,*,#7592,.T.);
#7614 = ORIENTED_EDGE('',*,*,#7615,.T.);
#7615 = EDGE_CURVE('',#7585,#7616,#7618,.T.);
#7616 = VERTEX_POINT('',#7617);
#7617 = CARTESIAN_POINT('',(6.48,-1.2,-8.5));
#7618 = LINE('',#7619,#7620);
#7619 = CARTESIAN_POINT('',(6.48,-1.2,-8.5));
#7620 = VECTOR('',#7621,1.);
#7621 = DIRECTION('',(0.,-1.,-8.673617379884E-16));
#7622 = ORIENTED_EDGE('',*,*,#7623,.F.);
#7623 = EDGE_CURVE('',#7624,#7616,#7626,.T.);
#7624 = VERTEX_POINT('',#7625);
#7625 = CARTESIAN_POINT('',(5.78,-1.2,-8.5));
#7626 = LINE('',#7627,#7628);
#7627 = CARTESIAN_POINT('',(5.78,-1.2,-8.5));
#7628 = VECTOR('',#7629,1.);
#7629 = DIRECTION('',(1.,0.,0.));
#7630 = ORIENTED_EDGE('',*,*,#7631,.F.);
#7631 = EDGE_CURVE('',#7593,#7624,#7632,.T.);
#7632 = LINE('',#7633,#7634);
#7633 = CARTESIAN_POINT('',(5.78,-1.2,-8.5));
#7634 = VECTOR('',#7635,1.);
#7635 = DIRECTION('',(0.,-1.,-8.673617379884E-16));
#7636 = PLANE('',#7637);
#7637 = AXIS2_PLACEMENT_3D('',#7638,#7639,#7640);
#7638 = CARTESIAN_POINT('',(5.78,-1.2,-8.5));
#7639 = DIRECTION('',(0.,-8.673617379884E-16,1.));
#7640 = DIRECTION('',(0.,-1.,-8.673617379884E-16));
#7641 = ADVANCED_FACE('',(#7642),#7658,.F.);
#7642 = FACE_BOUND('',#7643,.T.);
#7643 = EDGE_LOOP('',(#7644,#7645,#7651,#7652));
#7644 = ORIENTED_EDGE('',*,*,#7623,.T.);
#7645 = ORIENTED_EDGE('',*,*,#7646,.T.);
#7646 = EDGE_CURVE('',#7616,#7524,#7647,.T.);
#7647 = LINE('',#7648,#7649);
#7648 = CARTESIAN_POINT('',(6.48,-1.2,-6.165));
#7649 = VECTOR('',#7650,1.);
#7650 = DIRECTION('',(0.,9.286528243987E-17,1.));
#7651 = ORIENTED_EDGE('',*,*,#7521,.F.);
#7652 = ORIENTED_EDGE('',*,*,#7653,.F.);
#7653 = EDGE_CURVE('',#7624,#7522,#7654,.T.);
#7654 = LINE('',#7655,#7656);
#7655 = CARTESIAN_POINT('',(5.78,-1.2,-6.165));
#7656 = VECTOR('',#7657,1.);
#7657 = DIRECTION('',(0.,9.286528243987E-17,1.));
#7658 = PLANE('',#7659);
#7659 = AXIS2_PLACEMENT_3D('',#7660,#7661,#7662);
#7660 = CARTESIAN_POINT('',(5.78,-1.2,-6.165));
#7661 = DIRECTION('',(0.,1.,-9.286528243987E-17));
#7662 = DIRECTION('',(0.,9.286528243987E-17,1.));
#7663 = ADVANCED_FACE('',(#7664),#7672,.T.);
#7664 = FACE_BOUND('',#7665,.T.);
#7665 = EDGE_LOOP('',(#7666,#7667,#7668,#7669,#7670,#7671));
#7666 = ORIENTED_EDGE('',*,*,#7538,.T.);
#7667 = ORIENTED_EDGE('',*,*,#6851,.T.);
#7668 = ORIENTED_EDGE('',*,*,#7569,.T.);
#7669 = ORIENTED_EDGE('',*,*,#7600,.T.);
#7670 = ORIENTED_EDGE('',*,*,#7631,.T.);
#7671 = ORIENTED_EDGE('',*,*,#7653,.T.);
#7672 = PLANE('',#7673);
#7673 = AXIS2_PLACEMENT_3D('',#7674,#7675,#7676);
#7674 = CARTESIAN_POINT('',(5.78,0.,-7.5));
#7675 = DIRECTION('',(-1.,0.,-0.));
#7676 = DIRECTION('',(0.,0.,-1.));
#7677 = ADVANCED_FACE('',(#7678),#7686,.F.);
#7678 = FACE_BOUND('',#7679,.T.);
#7679 = EDGE_LOOP('',(#7680,#7681,#7682,#7683,#7684,#7685));
#7680 = ORIENTED_EDGE('',*,*,#7531,.F.);
#7681 = ORIENTED_EDGE('',*,*,#7646,.F.);
#7682 = ORIENTED_EDGE('',*,*,#7615,.F.);
#7683 = ORIENTED_EDGE('',*,*,#7584,.F.);
#7684 = ORIENTED_EDGE('',*,*,#7553,.F.);
#7685 = ORIENTED_EDGE('',*,*,#6869,.F.);
#7686 = PLANE('',#7687);
#7687 = AXIS2_PLACEMENT_3D('',#7688,#7689,#7690);
#7688 = CARTESIAN_POINT('',(6.48,0.,-7.5));
#7689 = DIRECTION('',(-1.,0.,-0.));
#7690 = DIRECTION('',(0.,0.,-1.));
#7691 = ADVANCED_FACE('',(#7692),#7717,.T.);
#7692 = FACE_BOUND('',#7693,.T.);
#7693 = EDGE_LOOP('',(#7694,#7695,#7703,#7711));
#7694 = ORIENTED_EDGE('',*,*,#6843,.T.);
#7695 = ORIENTED_EDGE('',*,*,#7696,.F.);
#7696 = EDGE_CURVE('',#7697,#6836,#7699,.T.);
#7697 = VERTEX_POINT('',#7698);
#7698 = CARTESIAN_POINT('',(9.02,-1.2,-1.335));
#7699 = LINE('',#7700,#7701);
#7700 = CARTESIAN_POINT('',(9.02,3.177958443787E-16,-1.335));
#7701 = VECTOR('',#7702,1.);
#7702 = DIRECTION('',(-0.,1.,1.807003620809E-16));
#7703 = ORIENTED_EDGE('',*,*,#7704,.F.);
#7704 = EDGE_CURVE('',#7705,#7697,#7707,.T.);
#7705 = VERTEX_POINT('',#7706);
#7706 = CARTESIAN_POINT('',(8.32,-1.2,-1.335));
#7707 = LINE('',#7708,#7709);
#7708 = CARTESIAN_POINT('',(8.32,-1.2,-1.335));
#7709 = VECTOR('',#7710,1.);
#7710 = DIRECTION('',(1.,0.,0.));
#7711 = ORIENTED_EDGE('',*,*,#7712,.T.);
#7712 = EDGE_CURVE('',#7705,#6818,#7713,.T.);
#7713 = LINE('',#7714,#7715);
#7714 = CARTESIAN_POINT('',(8.32,3.177958443787E-16,-1.335));
#7715 = VECTOR('',#7716,1.);
#7716 = DIRECTION('',(-0.,1.,1.807003620809E-16));
#7717 = PLANE('',#7718);
#7718 = AXIS2_PLACEMENT_3D('',#7719,#7720,#7721);
#7719 = CARTESIAN_POINT('',(8.32,3.177958443787E-16,-1.335));
#7720 = DIRECTION('',(0.,1.807003620809E-16,-1.));
#7721 = DIRECTION('',(0.,1.,1.807003620809E-16));
#7722 = ADVANCED_FACE('',(#7723),#7748,.T.);
#7723 = FACE_BOUND('',#7724,.T.);
#7724 = EDGE_LOOP('',(#7725,#7726,#7734,#7742));
#7725 = ORIENTED_EDGE('',*,*,#7704,.T.);
#7726 = ORIENTED_EDGE('',*,*,#7727,.F.);
#7727 = EDGE_CURVE('',#7728,#7697,#7730,.T.);
#7728 = VERTEX_POINT('',#7729);
#7729 = CARTESIAN_POINT('',(9.02,-1.2,1.));
#7730 = LINE('',#7731,#7732);
#7731 = CARTESIAN_POINT('',(9.02,-1.2,-1.335));
#7732 = VECTOR('',#7733,1.);
#7733 = DIRECTION('',(-0.,9.286528243987E-17,-1.));
#7734 = ORIENTED_EDGE('',*,*,#7735,.F.);
#7735 = EDGE_CURVE('',#7736,#7728,#7738,.T.);
#7736 = VERTEX_POINT('',#7737);
#7737 = CARTESIAN_POINT('',(8.32,-1.2,1.));
#7738 = LINE('',#7739,#7740);
#7739 = CARTESIAN_POINT('',(8.32,-1.2,1.));
#7740 = VECTOR('',#7741,1.);
#7741 = DIRECTION('',(1.,0.,0.));
#7742 = ORIENTED_EDGE('',*,*,#7743,.T.);
#7743 = EDGE_CURVE('',#7736,#7705,#7744,.T.);
#7744 = LINE('',#7745,#7746);
#7745 = CARTESIAN_POINT('',(8.32,-1.2,-1.335));
#7746 = VECTOR('',#7747,1.);
#7747 = DIRECTION('',(-0.,9.286528243987E-17,-1.));
#7748 = PLANE('',#7749);
#7749 = AXIS2_PLACEMENT_3D('',#7750,#7751,#7752);
#7750 = CARTESIAN_POINT('',(8.32,-1.2,-1.335));
#7751 = DIRECTION('',(0.,-1.,-9.286528243987E-17));
#7752 = DIRECTION('',(0.,9.286528243987E-17,-1.));
#7753 = ADVANCED_FACE('',(#7754),#7779,.T.);
#7754 = FACE_BOUND('',#7755,.T.);
#7755 = EDGE_LOOP('',(#7756,#7757,#7765,#7773));
#7756 = ORIENTED_EDGE('',*,*,#7735,.T.);
#7757 = ORIENTED_EDGE('',*,*,#7758,.F.);
#7758 = EDGE_CURVE('',#7759,#7728,#7761,.T.);
#7759 = VERTEX_POINT('',#7760);
#7760 = CARTESIAN_POINT('',(9.02,-0.95,1.));
#7761 = LINE('',#7762,#7763);
#7762 = CARTESIAN_POINT('',(9.02,-1.2,1.));
#7763 = VECTOR('',#7764,1.);
#7764 = DIRECTION('',(-0.,-1.,8.673617379884E-16));
#7765 = ORIENTED_EDGE('',*,*,#7766,.F.);
#7766 = EDGE_CURVE('',#7767,#7759,#7769,.T.);
#7767 = VERTEX_POINT('',#7768);
#7768 = CARTESIAN_POINT('',(8.32,-0.95,1.));
#7769 = LINE('',#7770,#7771);
#7770 = CARTESIAN_POINT('',(8.32,-0.95,1.));
#7771 = VECTOR('',#7772,1.);
#7772 = DIRECTION('',(1.,0.,0.));
#7773 = ORIENTED_EDGE('',*,*,#7774,.T.);
#7774 = EDGE_CURVE('',#7767,#7736,#7775,.T.);
#7775 = LINE('',#7776,#7777);
#7776 = CARTESIAN_POINT('',(8.32,-1.2,1.));
#7777 = VECTOR('',#7778,1.);
#7778 = DIRECTION('',(-0.,-1.,8.673617379884E-16));
#7779 = PLANE('',#7780);
#7780 = AXIS2_PLACEMENT_3D('',#7781,#7782,#7783);
#7781 = CARTESIAN_POINT('',(8.32,-1.2,1.));
#7782 = DIRECTION('',(-0.,8.673617379884E-16,1.));
#7783 = DIRECTION('',(0.,-1.,8.673617379884E-16));
#7784 = ADVANCED_FACE('',(#7785),#7810,.T.);
#7785 = FACE_BOUND('',#7786,.T.);
#7786 = EDGE_LOOP('',(#7787,#7788,#7796,#7804));
#7787 = ORIENTED_EDGE('',*,*,#7766,.T.);
#7788 = ORIENTED_EDGE('',*,*,#7789,.F.);
#7789 = EDGE_CURVE('',#7790,#7759,#7792,.T.);
#7790 = VERTEX_POINT('',#7791);
#7791 = CARTESIAN_POINT('',(9.02,-0.95,-1.085));
#7792 = LINE('',#7793,#7794);
#7793 = CARTESIAN_POINT('',(9.02,-0.95,-1.085));
#7794 = VECTOR('',#7795,1.);
#7795 = DIRECTION('',(0.,-1.040002083919E-16,1.));
#7796 = ORIENTED_EDGE('',*,*,#7797,.F.);
#7797 = EDGE_CURVE('',#7798,#7790,#7800,.T.);
#7798 = VERTEX_POINT('',#7799);
#7799 = CARTESIAN_POINT('',(8.32,-0.95,-1.085));
#7800 = LINE('',#7801,#7802);
#7801 = CARTESIAN_POINT('',(8.32,-0.95,-1.085));
#7802 = VECTOR('',#7803,1.);
#7803 = DIRECTION('',(1.,0.,0.));
#7804 = ORIENTED_EDGE('',*,*,#7805,.T.);
#7805 = EDGE_CURVE('',#7798,#7767,#7806,.T.);
#7806 = LINE('',#7807,#7808);
#7807 = CARTESIAN_POINT('',(8.32,-0.95,-1.085));
#7808 = VECTOR('',#7809,1.);
#7809 = DIRECTION('',(0.,-1.040002083919E-16,1.));
#7810 = PLANE('',#7811);
#7811 = AXIS2_PLACEMENT_3D('',#7812,#7813,#7814);
#7812 = CARTESIAN_POINT('',(8.32,-0.95,-1.085));
#7813 = DIRECTION('',(-0.,1.,1.040002083919E-16));
#7814 = DIRECTION('',(0.,-1.040002083919E-16,1.));
#7815 = ADVANCED_FACE('',(#7816),#7832,.T.);
#7816 = FACE_BOUND('',#7817,.T.);
#7817 = EDGE_LOOP('',(#7818,#7819,#7825,#7826));
#7818 = ORIENTED_EDGE('',*,*,#7797,.T.);
#7819 = ORIENTED_EDGE('',*,*,#7820,.F.);
#7820 = EDGE_CURVE('',#6828,#7790,#7821,.T.);
#7821 = LINE('',#7822,#7823);
#7822 = CARTESIAN_POINT('',(9.02,2.871796744001E-16,-1.085));
#7823 = VECTOR('',#7824,1.);
#7824 = DIRECTION('',(0.,-1.,-2.282530889443E-16));
#7825 = ORIENTED_EDGE('',*,*,#6827,.F.);
#7826 = ORIENTED_EDGE('',*,*,#7827,.T.);
#7827 = EDGE_CURVE('',#6820,#7798,#7828,.T.);
#7828 = LINE('',#7829,#7830);
#7829 = CARTESIAN_POINT('',(8.32,2.871796744001E-16,-1.085));
#7830 = VECTOR('',#7831,1.);
#7831 = DIRECTION('',(0.,-1.,-2.282530889443E-16));
#7832 = PLANE('',#7833);
#7833 = AXIS2_PLACEMENT_3D('',#7834,#7835,#7836);
#7834 = CARTESIAN_POINT('',(8.32,2.871796744001E-16,-1.085));
#7835 = DIRECTION('',(0.,-2.282530889443E-16,1.));
#7836 = DIRECTION('',(0.,-1.,-2.282530889443E-16));
#7837 = ADVANCED_FACE('',(#7838),#7846,.T.);
#7838 = FACE_BOUND('',#7839,.T.);
#7839 = EDGE_LOOP('',(#7840,#7841,#7842,#7843,#7844,#7845));
#7840 = ORIENTED_EDGE('',*,*,#7712,.F.);
#7841 = ORIENTED_EDGE('',*,*,#7743,.F.);
#7842 = ORIENTED_EDGE('',*,*,#7774,.F.);
#7843 = ORIENTED_EDGE('',*,*,#7805,.F.);
#7844 = ORIENTED_EDGE('',*,*,#7827,.F.);
#7845 = ORIENTED_EDGE('',*,*,#6817,.F.);
#7846 = PLANE('',#7847);
#7847 = AXIS2_PLACEMENT_3D('',#7848,#7849,#7850);
#7848 = CARTESIAN_POINT('',(8.32,0.,0.));
#7849 = DIRECTION('',(-1.,-0.,0.));
#7850 = DIRECTION('',(0.,0.,1.));
#7851 = ADVANCED_FACE('',(#7852),#7860,.F.);
#7852 = FACE_BOUND('',#7853,.T.);
#7853 = EDGE_LOOP('',(#7854,#7855,#7856,#7857,#7858,#7859));
#7854 = ORIENTED_EDGE('',*,*,#7696,.T.);
#7855 = ORIENTED_EDGE('',*,*,#6835,.T.);
#7856 = ORIENTED_EDGE('',*,*,#7820,.T.);
#7857 = ORIENTED_EDGE('',*,*,#7789,.T.);
#7858 = ORIENTED_EDGE('',*,*,#7758,.T.);
#7859 = ORIENTED_EDGE('',*,*,#7727,.T.);
#7860 = PLANE('',#7861);
#7861 = AXIS2_PLACEMENT_3D('',#7862,#7863,#7864);
#7862 = CARTESIAN_POINT('',(9.02,0.,0.));
#7863 = DIRECTION('',(-1.,-0.,0.));
#7864 = DIRECTION('',(0.,0.,1.));
#7865 = ADVANCED_FACE('',(#7866),#7891,.T.);
#7866 = FACE_BOUND('',#7867,.T.);
#7867 = EDGE_LOOP('',(#7868,#7869,#7877,#7885));
#7868 = ORIENTED_EDGE('',*,*,#6809,.T.);
#7869 = ORIENTED_EDGE('',*,*,#7870,.F.);
#7870 = EDGE_CURVE('',#7871,#6802,#7873,.T.);
#7871 = VERTEX_POINT('',#7872);
#7872 = CARTESIAN_POINT('',(6.48,-1.2,-1.335));
#7873 = LINE('',#7874,#7875);
#7874 = CARTESIAN_POINT('',(6.48,3.177958443787E-16,-1.335));
#7875 = VECTOR('',#7876,1.);
#7876 = DIRECTION('',(-0.,1.,1.807003620809E-16));
#7877 = ORIENTED_EDGE('',*,*,#7878,.F.);
#7878 = EDGE_CURVE('',#7879,#7871,#7881,.T.);
#7879 = VERTEX_POINT('',#7880);
#7880 = CARTESIAN_POINT('',(5.78,-1.2,-1.335));
#7881 = LINE('',#7882,#7883);
#7882 = CARTESIAN_POINT('',(5.78,-1.2,-1.335));
#7883 = VECTOR('',#7884,1.);
#7884 = DIRECTION('',(1.,0.,0.));
#7885 = ORIENTED_EDGE('',*,*,#7886,.T.);
#7886 = EDGE_CURVE('',#7879,#6784,#7887,.T.);
#7887 = LINE('',#7888,#7889);
#7888 = CARTESIAN_POINT('',(5.78,3.177958443787E-16,-1.335));
#7889 = VECTOR('',#7890,1.);
#7890 = DIRECTION('',(-0.,1.,1.807003620809E-16));
#7891 = PLANE('',#7892);
#7892 = AXIS2_PLACEMENT_3D('',#7893,#7894,#7895);
#7893 = CARTESIAN_POINT('',(5.78,3.177958443787E-16,-1.335));
#7894 = DIRECTION('',(0.,1.807003620809E-16,-1.));
#7895 = DIRECTION('',(0.,1.,1.807003620809E-16));
#7896 = ADVANCED_FACE('',(#7897),#7922,.T.);
#7897 = FACE_BOUND('',#7898,.T.);
#7898 = EDGE_LOOP('',(#7899,#7900,#7908,#7916));
#7899 = ORIENTED_EDGE('',*,*,#7878,.T.);
#7900 = ORIENTED_EDGE('',*,*,#7901,.F.);
#7901 = EDGE_CURVE('',#7902,#7871,#7904,.T.);
#7902 = VERTEX_POINT('',#7903);
#7903 = CARTESIAN_POINT('',(6.48,-1.2,1.));
#7904 = LINE('',#7905,#7906);
#7905 = CARTESIAN_POINT('',(6.48,-1.2,-1.335));
#7906 = VECTOR('',#7907,1.);
#7907 = DIRECTION('',(-0.,9.286528243987E-17,-1.));
#7908 = ORIENTED_EDGE('',*,*,#7909,.F.);
#7909 = EDGE_CURVE('',#7910,#7902,#7912,.T.);
#7910 = VERTEX_POINT('',#7911);
#7911 = CARTESIAN_POINT('',(5.78,-1.2,1.));
#7912 = LINE('',#7913,#7914);
#7913 = CARTESIAN_POINT('',(5.78,-1.2,1.));
#7914 = VECTOR('',#7915,1.);
#7915 = DIRECTION('',(1.,0.,0.));
#7916 = ORIENTED_EDGE('',*,*,#7917,.T.);
#7917 = EDGE_CURVE('',#7910,#7879,#7918,.T.);
#7918 = LINE('',#7919,#7920);
#7919 = CARTESIAN_POINT('',(5.78,-1.2,-1.335));
#7920 = VECTOR('',#7921,1.);
#7921 = DIRECTION('',(-0.,9.286528243987E-17,-1.));
#7922 = PLANE('',#7923);
#7923 = AXIS2_PLACEMENT_3D('',#7924,#7925,#7926);
#7924 = CARTESIAN_POINT('',(5.78,-1.2,-1.335));
#7925 = DIRECTION('',(0.,-1.,-9.286528243987E-17));
#7926 = DIRECTION('',(0.,9.286528243987E-17,-1.));
#7927 = ADVANCED_FACE('',(#7928),#7953,.T.);
#7928 = FACE_BOUND('',#7929,.T.);
#7929 = EDGE_LOOP('',(#7930,#7931,#7939,#7947));
#7930 = ORIENTED_EDGE('',*,*,#7909,.T.);
#7931 = ORIENTED_EDGE('',*,*,#7932,.F.);
#7932 = EDGE_CURVE('',#7933,#7902,#7935,.T.);
#7933 = VERTEX_POINT('',#7934);
#7934 = CARTESIAN_POINT('',(6.48,-0.95,1.));
#7935 = LINE('',#7936,#7937);
#7936 = CARTESIAN_POINT('',(6.48,-1.2,1.));
#7937 = VECTOR('',#7938,1.);
#7938 = DIRECTION('',(-0.,-1.,8.673617379884E-16));
#7939 = ORIENTED_EDGE('',*,*,#7940,.F.);
#7940 = EDGE_CURVE('',#7941,#7933,#7943,.T.);
#7941 = VERTEX_POINT('',#7942);
#7942 = CARTESIAN_POINT('',(5.78,-0.95,1.));
#7943 = LINE('',#7944,#7945);
#7944 = CARTESIAN_POINT('',(5.78,-0.95,1.));
#7945 = VECTOR('',#7946,1.);
#7946 = DIRECTION('',(1.,0.,0.));
#7947 = ORIENTED_EDGE('',*,*,#7948,.T.);
#7948 = EDGE_CURVE('',#7941,#7910,#7949,.T.);
#7949 = LINE('',#7950,#7951);
#7950 = CARTESIAN_POINT('',(5.78,-1.2,1.));
#7951 = VECTOR('',#7952,1.);
#7952 = DIRECTION('',(-0.,-1.,8.673617379884E-16));
#7953 = PLANE('',#7954);
#7954 = AXIS2_PLACEMENT_3D('',#7955,#7956,#7957);
#7955 = CARTESIAN_POINT('',(5.78,-1.2,1.));
#7956 = DIRECTION('',(-0.,8.673617379884E-16,1.));
#7957 = DIRECTION('',(0.,-1.,8.673617379884E-16));
#7958 = ADVANCED_FACE('',(#7959),#7984,.T.);
#7959 = FACE_BOUND('',#7960,.T.);
#7960 = EDGE_LOOP('',(#7961,#7962,#7970,#7978));
#7961 = ORIENTED_EDGE('',*,*,#7940,.T.);
#7962 = ORIENTED_EDGE('',*,*,#7963,.F.);
#7963 = EDGE_CURVE('',#7964,#7933,#7966,.T.);
#7964 = VERTEX_POINT('',#7965);
#7965 = CARTESIAN_POINT('',(6.48,-0.95,-1.085));
#7966 = LINE('',#7967,#7968);
#7967 = CARTESIAN_POINT('',(6.48,-0.95,-1.085));
#7968 = VECTOR('',#7969,1.);
#7969 = DIRECTION('',(0.,-1.040002083919E-16,1.));
#7970 = ORIENTED_EDGE('',*,*,#7971,.F.);
#7971 = EDGE_CURVE('',#7972,#7964,#7974,.T.);
#7972 = VERTEX_POINT('',#7973);
#7973 = CARTESIAN_POINT('',(5.78,-0.95,-1.085));
#7974 = LINE('',#7975,#7976);
#7975 = CARTESIAN_POINT('',(5.78,-0.95,-1.085));
#7976 = VECTOR('',#7977,1.);
#7977 = DIRECTION('',(1.,0.,0.));
#7978 = ORIENTED_EDGE('',*,*,#7979,.T.);
#7979 = EDGE_CURVE('',#7972,#7941,#7980,.T.);
#7980 = LINE('',#7981,#7982);
#7981 = CARTESIAN_POINT('',(5.78,-0.95,-1.085));
#7982 = VECTOR('',#7983,1.);
#7983 = DIRECTION('',(0.,-1.040002083919E-16,1.));
#7984 = PLANE('',#7985);
#7985 = AXIS2_PLACEMENT_3D('',#7986,#7987,#7988);
#7986 = CARTESIAN_POINT('',(5.78,-0.95,-1.085));
#7987 = DIRECTION('',(-0.,1.,1.040002083919E-16));
#7988 = DIRECTION('',(0.,-1.040002083919E-16,1.));
#7989 = ADVANCED_FACE('',(#7990),#8006,.T.);
#7990 = FACE_BOUND('',#7991,.T.);
#7991 = EDGE_LOOP('',(#7992,#7993,#7999,#8000));
#7992 = ORIENTED_EDGE('',*,*,#7971,.T.);
#7993 = ORIENTED_EDGE('',*,*,#7994,.F.);
#7994 = EDGE_CURVE('',#6794,#7964,#7995,.T.);
#7995 = LINE('',#7996,#7997);
#7996 = CARTESIAN_POINT('',(6.48,2.871796744001E-16,-1.085));
#7997 = VECTOR('',#7998,1.);
#7998 = DIRECTION('',(0.,-1.,-2.282530889443E-16));
#7999 = ORIENTED_EDGE('',*,*,#6793,.F.);
#8000 = ORIENTED_EDGE('',*,*,#8001,.T.);
#8001 = EDGE_CURVE('',#6786,#7972,#8002,.T.);
#8002 = LINE('',#8003,#8004);
#8003 = CARTESIAN_POINT('',(5.78,2.871796744001E-16,-1.085));
#8004 = VECTOR('',#8005,1.);
#8005 = DIRECTION('',(0.,-1.,-2.282530889443E-16));
#8006 = PLANE('',#8007);
#8007 = AXIS2_PLACEMENT_3D('',#8008,#8009,#8010);
#8008 = CARTESIAN_POINT('',(5.78,2.871796744001E-16,-1.085));
#8009 = DIRECTION('',(0.,-2.282530889443E-16,1.));
#8010 = DIRECTION('',(0.,-1.,-2.282530889443E-16));
#8011 = ADVANCED_FACE('',(#8012),#8020,.T.);
#8012 = FACE_BOUND('',#8013,.T.);
#8013 = EDGE_LOOP('',(#8014,#8015,#8016,#8017,#8018,#8019));
#8014 = ORIENTED_EDGE('',*,*,#7886,.F.);
#8015 = ORIENTED_EDGE('',*,*,#7917,.F.);
#8016 = ORIENTED_EDGE('',*,*,#7948,.F.);
#8017 = ORIENTED_EDGE('',*,*,#7979,.F.);
#8018 = ORIENTED_EDGE('',*,*,#8001,.F.);
#8019 = ORIENTED_EDGE('',*,*,#6783,.F.);
#8020 = PLANE('',#8021);
#8021 = AXIS2_PLACEMENT_3D('',#8022,#8023,#8024);
#8022 = CARTESIAN_POINT('',(5.78,0.,0.));
#8023 = DIRECTION('',(-1.,-0.,0.));
#8024 = DIRECTION('',(0.,0.,1.));
#8025 = ADVANCED_FACE('',(#8026),#8034,.F.);
#8026 = FACE_BOUND('',#8027,.T.);
#8027 = EDGE_LOOP('',(#8028,#8029,#8030,#8031,#8032,#8033));
#8028 = ORIENTED_EDGE('',*,*,#7870,.T.);
#8029 = ORIENTED_EDGE('',*,*,#6801,.T.);
#8030 = ORIENTED_EDGE('',*,*,#7994,.T.);
#8031 = ORIENTED_EDGE('',*,*,#7963,.T.);
#8032 = ORIENTED_EDGE('',*,*,#7932,.T.);
#8033 = ORIENTED_EDGE('',*,*,#7901,.T.);
#8034 = PLANE('',#8035);
#8035 = AXIS2_PLACEMENT_3D('',#8036,#8037,#8038);
#8036 = CARTESIAN_POINT('',(6.48,0.,0.));
#8037 = DIRECTION('',(-1.,-0.,0.));
#8038 = DIRECTION('',(0.,0.,1.));
#8039 = ADVANCED_FACE('',(#8040),#8065,.F.);
#8040 = FACE_BOUND('',#8041,.T.);
#8041 = EDGE_LOOP('',(#8042,#8052,#8058,#8059));
#8042 = ORIENTED_EDGE('',*,*,#8043,.T.);
#8043 = EDGE_CURVE('',#8044,#8046,#8048,.T.);
#8044 = VERTEX_POINT('',#8045);
#8045 = CARTESIAN_POINT('',(0.7,-1.2,-6.165));
#8046 = VERTEX_POINT('',#8047);
#8047 = CARTESIAN_POINT('',(1.4,-1.2,-6.165));
#8048 = LINE('',#8049,#8050);
#8049 = CARTESIAN_POINT('',(0.7,-1.2,-6.165));
#8050 = VECTOR('',#8051,1.);
#8051 = DIRECTION('',(1.,0.,0.));
#8052 = ORIENTED_EDGE('',*,*,#8053,.T.);
#8053 = EDGE_CURVE('',#8046,#6760,#8054,.T.);
#8054 = LINE('',#8055,#8056);
#8055 = CARTESIAN_POINT('',(1.4,3.177958443787E-16,-6.165));
#8056 = VECTOR('',#8057,1.);
#8057 = DIRECTION('',(0.,1.,-1.807003620809E-16));
#8058 = ORIENTED_EDGE('',*,*,#6759,.F.);
#8059 = ORIENTED_EDGE('',*,*,#8060,.F.);
#8060 = EDGE_CURVE('',#8044,#6750,#8061,.T.);
#8061 = LINE('',#8062,#8063);
#8062 = CARTESIAN_POINT('',(0.7,3.177958443787E-16,-6.165));
#8063 = VECTOR('',#8064,1.);
#8064 = DIRECTION('',(0.,1.,-1.807003620809E-16));
#8065 = PLANE('',#8066);
#8066 = AXIS2_PLACEMENT_3D('',#8067,#8068,#8069);
#8067 = CARTESIAN_POINT('',(0.7,3.177958443787E-16,-6.165));
#8068 = DIRECTION('',(0.,-1.807003620809E-16,-1.));
#8069 = DIRECTION('',(0.,1.,-1.807003620809E-16));
#8070 = ADVANCED_FACE('',(#8071),#8096,.F.);
#8071 = FACE_BOUND('',#8072,.T.);
#8072 = EDGE_LOOP('',(#8073,#8074,#8082,#8090));
#8073 = ORIENTED_EDGE('',*,*,#6775,.T.);
#8074 = ORIENTED_EDGE('',*,*,#8075,.T.);
#8075 = EDGE_CURVE('',#6768,#8076,#8078,.T.);
#8076 = VERTEX_POINT('',#8077);
#8077 = CARTESIAN_POINT('',(1.4,-0.95,-6.415));
#8078 = LINE('',#8079,#8080);
#8079 = CARTESIAN_POINT('',(1.4,2.871796744001E-16,-6.415));
#8080 = VECTOR('',#8081,1.);
#8081 = DIRECTION('',(0.,-1.,2.282530889443E-16));
#8082 = ORIENTED_EDGE('',*,*,#8083,.F.);
#8083 = EDGE_CURVE('',#8084,#8076,#8086,.T.);
#8084 = VERTEX_POINT('',#8085);
#8085 = CARTESIAN_POINT('',(0.7,-0.95,-6.415));
#8086 = LINE('',#8087,#8088);
#8087 = CARTESIAN_POINT('',(0.7,-0.95,-6.415));
#8088 = VECTOR('',#8089,1.);
#8089 = DIRECTION('',(1.,0.,0.));
#8090 = ORIENTED_EDGE('',*,*,#8091,.F.);
#8091 = EDGE_CURVE('',#6752,#8084,#8092,.T.);
#8092 = LINE('',#8093,#8094);
#8093 = CARTESIAN_POINT('',(0.7,2.871796744001E-16,-6.415));
#8094 = VECTOR('',#8095,1.);
#8095 = DIRECTION('',(0.,-1.,2.282530889443E-16));
#8096 = PLANE('',#8097);
#8097 = AXIS2_PLACEMENT_3D('',#8098,#8099,#8100);
#8098 = CARTESIAN_POINT('',(0.7,2.871796744001E-16,-6.415));
#8099 = DIRECTION('',(-0.,2.282530889443E-16,1.));
#8100 = DIRECTION('',(0.,-1.,2.282530889443E-16));
#8101 = ADVANCED_FACE('',(#8102),#8127,.F.);
#8102 = FACE_BOUND('',#8103,.T.);
#8103 = EDGE_LOOP('',(#8104,#8105,#8113,#8121));
#8104 = ORIENTED_EDGE('',*,*,#8083,.T.);
#8105 = ORIENTED_EDGE('',*,*,#8106,.T.);
#8106 = EDGE_CURVE('',#8076,#8107,#8109,.T.);
#8107 = VERTEX_POINT('',#8108);
#8108 = CARTESIAN_POINT('',(1.4,-0.95,-8.5));
#8109 = LINE('',#8110,#8111);
#8110 = CARTESIAN_POINT('',(1.4,-0.95,-6.415));
#8111 = VECTOR('',#8112,1.);
#8112 = DIRECTION('',(0.,-1.040002083919E-16,-1.));
#8113 = ORIENTED_EDGE('',*,*,#8114,.F.);
#8114 = EDGE_CURVE('',#8115,#8107,#8117,.T.);
#8115 = VERTEX_POINT('',#8116);
#8116 = CARTESIAN_POINT('',(0.7,-0.95,-8.5));
#8117 = LINE('',#8118,#8119);
#8118 = CARTESIAN_POINT('',(0.7,-0.95,-8.5));
#8119 = VECTOR('',#8120,1.);
#8120 = DIRECTION('',(1.,0.,0.));
#8121 = ORIENTED_EDGE('',*,*,#8122,.F.);
#8122 = EDGE_CURVE('',#8084,#8115,#8123,.T.);
#8123 = LINE('',#8124,#8125);
#8124 = CARTESIAN_POINT('',(0.7,-0.95,-6.415));
#8125 = VECTOR('',#8126,1.);
#8126 = DIRECTION('',(0.,-1.040002083919E-16,-1.));
#8127 = PLANE('',#8128);
#8128 = AXIS2_PLACEMENT_3D('',#8129,#8130,#8131);
#8129 = CARTESIAN_POINT('',(0.7,-0.95,-6.415));
#8130 = DIRECTION('',(0.,-1.,1.040002083919E-16));
#8131 = DIRECTION('',(0.,-1.040002083919E-16,-1.));
#8132 = ADVANCED_FACE('',(#8133),#8158,.F.);
#8133 = FACE_BOUND('',#8134,.T.);
#8134 = EDGE_LOOP('',(#8135,#8136,#8144,#8152));
#8135 = ORIENTED_EDGE('',*,*,#8114,.T.);
#8136 = ORIENTED_EDGE('',*,*,#8137,.T.);
#8137 = EDGE_CURVE('',#8107,#8138,#8140,.T.);
#8138 = VERTEX_POINT('',#8139);
#8139 = CARTESIAN_POINT('',(1.4,-1.2,-8.5));
#8140 = LINE('',#8141,#8142);
#8141 = CARTESIAN_POINT('',(1.4,-1.2,-8.5));
#8142 = VECTOR('',#8143,1.);
#8143 = DIRECTION('',(0.,-1.,-8.673617379884E-16));
#8144 = ORIENTED_EDGE('',*,*,#8145,.F.);
#8145 = EDGE_CURVE('',#8146,#8138,#8148,.T.);
#8146 = VERTEX_POINT('',#8147);
#8147 = CARTESIAN_POINT('',(0.7,-1.2,-8.5));
#8148 = LINE('',#8149,#8150);
#8149 = CARTESIAN_POINT('',(0.7,-1.2,-8.5));
#8150 = VECTOR('',#8151,1.);
#8151 = DIRECTION('',(1.,0.,0.));
#8152 = ORIENTED_EDGE('',*,*,#8153,.F.);
#8153 = EDGE_CURVE('',#8115,#8146,#8154,.T.);
#8154 = LINE('',#8155,#8156);
#8155 = CARTESIAN_POINT('',(0.7,-1.2,-8.5));
#8156 = VECTOR('',#8157,1.);
#8157 = DIRECTION('',(0.,-1.,-8.673617379884E-16));
#8158 = PLANE('',#8159);
#8159 = AXIS2_PLACEMENT_3D('',#8160,#8161,#8162);
#8160 = CARTESIAN_POINT('',(0.7,-1.2,-8.5));
#8161 = DIRECTION('',(0.,-8.673617379884E-16,1.));
#8162 = DIRECTION('',(0.,-1.,-8.673617379884E-16));
#8163 = ADVANCED_FACE('',(#8164),#8180,.F.);
#8164 = FACE_BOUND('',#8165,.T.);
#8165 = EDGE_LOOP('',(#8166,#8167,#8173,#8174));
#8166 = ORIENTED_EDGE('',*,*,#8145,.T.);
#8167 = ORIENTED_EDGE('',*,*,#8168,.T.);
#8168 = EDGE_CURVE('',#8138,#8046,#8169,.T.);
#8169 = LINE('',#8170,#8171);
#8170 = CARTESIAN_POINT('',(1.4,-1.2,-6.165));
#8171 = VECTOR('',#8172,1.);
#8172 = DIRECTION('',(0.,9.286528243987E-17,1.));
#8173 = ORIENTED_EDGE('',*,*,#8043,.F.);
#8174 = ORIENTED_EDGE('',*,*,#8175,.F.);
#8175 = EDGE_CURVE('',#8146,#8044,#8176,.T.);
#8176 = LINE('',#8177,#8178);
#8177 = CARTESIAN_POINT('',(0.7,-1.2,-6.165));
#8178 = VECTOR('',#8179,1.);
#8179 = DIRECTION('',(0.,9.286528243987E-17,1.));
#8180 = PLANE('',#8181);
#8181 = AXIS2_PLACEMENT_3D('',#8182,#8183,#8184);
#8182 = CARTESIAN_POINT('',(0.7,-1.2,-6.165));
#8183 = DIRECTION('',(0.,1.,-9.286528243987E-17));
#8184 = DIRECTION('',(0.,9.286528243987E-17,1.));
#8185 = ADVANCED_FACE('',(#8186),#8194,.T.);
#8186 = FACE_BOUND('',#8187,.T.);
#8187 = EDGE_LOOP('',(#8188,#8189,#8190,#8191,#8192,#8193));
#8188 = ORIENTED_EDGE('',*,*,#8060,.T.);
#8189 = ORIENTED_EDGE('',*,*,#6749,.T.);
#8190 = ORIENTED_EDGE('',*,*,#8091,.T.);
#8191 = ORIENTED_EDGE('',*,*,#8122,.T.);
#8192 = ORIENTED_EDGE('',*,*,#8153,.T.);
#8193 = ORIENTED_EDGE('',*,*,#8175,.T.);
#8194 = PLANE('',#8195);
#8195 = AXIS2_PLACEMENT_3D('',#8196,#8197,#8198);
#8196 = CARTESIAN_POINT('',(0.7,0.,-7.5));
#8197 = DIRECTION('',(-1.,0.,-0.));
#8198 = DIRECTION('',(0.,0.,-1.));
#8199 = ADVANCED_FACE('',(#8200),#8208,.F.);
#8200 = FACE_BOUND('',#8201,.T.);
#8201 = EDGE_LOOP('',(#8202,#8203,#8204,#8205,#8206,#8207));
#8202 = ORIENTED_EDGE('',*,*,#8053,.F.);
#8203 = ORIENTED_EDGE('',*,*,#8168,.F.);
#8204 = ORIENTED_EDGE('',*,*,#8137,.F.);
#8205 = ORIENTED_EDGE('',*,*,#8106,.F.);
#8206 = ORIENTED_EDGE('',*,*,#8075,.F.);
#8207 = ORIENTED_EDGE('',*,*,#6767,.F.);
#8208 = PLANE('',#8209);
#8209 = AXIS2_PLACEMENT_3D('',#8210,#8211,#8212);
#8210 = CARTESIAN_POINT('',(1.4,0.,-7.5));
#8211 = DIRECTION('',(-1.,0.,-0.));
#8212 = DIRECTION('',(0.,0.,-1.));
#8213 = ADVANCED_FACE('',(#8214),#8239,.T.);
#8214 = FACE_BOUND('',#8215,.T.);
#8215 = EDGE_LOOP('',(#8216,#8217,#8225,#8233));
#8216 = ORIENTED_EDGE('',*,*,#6741,.T.);
#8217 = ORIENTED_EDGE('',*,*,#8218,.F.);
#8218 = EDGE_CURVE('',#8219,#6734,#8221,.T.);
#8219 = VERTEX_POINT('',#8220);
#8220 = CARTESIAN_POINT('',(1.4,-1.2,-1.335));
#8221 = LINE('',#8222,#8223);
#8222 = CARTESIAN_POINT('',(1.4,3.177958443787E-16,-1.335));
#8223 = VECTOR('',#8224,1.);
#8224 = DIRECTION('',(-0.,1.,1.807003620809E-16));
#8225 = ORIENTED_EDGE('',*,*,#8226,.F.);
#8226 = EDGE_CURVE('',#8227,#8219,#8229,.T.);
#8227 = VERTEX_POINT('',#8228);
#8228 = CARTESIAN_POINT('',(0.7,-1.2,-1.335));
#8229 = LINE('',#8230,#8231);
#8230 = CARTESIAN_POINT('',(0.7,-1.2,-1.335));
#8231 = VECTOR('',#8232,1.);
#8232 = DIRECTION('',(1.,0.,0.));
#8233 = ORIENTED_EDGE('',*,*,#8234,.T.);
#8234 = EDGE_CURVE('',#8227,#6716,#8235,.T.);
#8235 = LINE('',#8236,#8237);
#8236 = CARTESIAN_POINT('',(0.7,3.177958443787E-16,-1.335));
#8237 = VECTOR('',#8238,1.);
#8238 = DIRECTION('',(-0.,1.,1.807003620809E-16));
#8239 = PLANE('',#8240);
#8240 = AXIS2_PLACEMENT_3D('',#8241,#8242,#8243);
#8241 = CARTESIAN_POINT('',(0.7,3.177958443787E-16,-1.335));
#8242 = DIRECTION('',(0.,1.807003620809E-16,-1.));
#8243 = DIRECTION('',(0.,1.,1.807003620809E-16));
#8244 = ADVANCED_FACE('',(#8245),#8270,.T.);
#8245 = FACE_BOUND('',#8246,.T.);
#8246 = EDGE_LOOP('',(#8247,#8248,#8256,#8264));
#8247 = ORIENTED_EDGE('',*,*,#8226,.T.);
#8248 = ORIENTED_EDGE('',*,*,#8249,.F.);
#8249 = EDGE_CURVE('',#8250,#8219,#8252,.T.);
#8250 = VERTEX_POINT('',#8251);
#8251 = CARTESIAN_POINT('',(1.4,-1.2,1.));
#8252 = LINE('',#8253,#8254);
#8253 = CARTESIAN_POINT('',(1.4,-1.2,-1.335));
#8254 = VECTOR('',#8255,1.);
#8255 = DIRECTION('',(-0.,9.286528243987E-17,-1.));
#8256 = ORIENTED_EDGE('',*,*,#8257,.F.);
#8257 = EDGE_CURVE('',#8258,#8250,#8260,.T.);
#8258 = VERTEX_POINT('',#8259);
#8259 = CARTESIAN_POINT('',(0.7,-1.2,1.));
#8260 = LINE('',#8261,#8262);
#8261 = CARTESIAN_POINT('',(0.7,-1.2,1.));
#8262 = VECTOR('',#8263,1.);
#8263 = DIRECTION('',(1.,0.,0.));
#8264 = ORIENTED_EDGE('',*,*,#8265,.T.);
#8265 = EDGE_CURVE('',#8258,#8227,#8266,.T.);
#8266 = LINE('',#8267,#8268);
#8267 = CARTESIAN_POINT('',(0.7,-1.2,-1.335));
#8268 = VECTOR('',#8269,1.);
#8269 = DIRECTION('',(-0.,9.286528243987E-17,-1.));
#8270 = PLANE('',#8271);
#8271 = AXIS2_PLACEMENT_3D('',#8272,#8273,#8274);
#8272 = CARTESIAN_POINT('',(0.7,-1.2,-1.335));
#8273 = DIRECTION('',(0.,-1.,-9.286528243987E-17));
#8274 = DIRECTION('',(0.,9.286528243987E-17,-1.));
#8275 = ADVANCED_FACE('',(#8276),#8301,.T.);
#8276 = FACE_BOUND('',#8277,.T.);
#8277 = EDGE_LOOP('',(#8278,#8279,#8287,#8295));
#8278 = ORIENTED_EDGE('',*,*,#8257,.T.);
#8279 = ORIENTED_EDGE('',*,*,#8280,.F.);
#8280 = EDGE_CURVE('',#8281,#8250,#8283,.T.);
#8281 = VERTEX_POINT('',#8282);
#8282 = CARTESIAN_POINT('',(1.4,-0.95,1.));
#8283 = LINE('',#8284,#8285);
#8284 = CARTESIAN_POINT('',(1.4,-1.2,1.));
#8285 = VECTOR('',#8286,1.);
#8286 = DIRECTION('',(-0.,-1.,8.673617379884E-16));
#8287 = ORIENTED_EDGE('',*,*,#8288,.F.);
#8288 = EDGE_CURVE('',#8289,#8281,#8291,.T.);
#8289 = VERTEX_POINT('',#8290);
#8290 = CARTESIAN_POINT('',(0.7,-0.95,1.));
#8291 = LINE('',#8292,#8293);
#8292 = CARTESIAN_POINT('',(0.7,-0.95,1.));
#8293 = VECTOR('',#8294,1.);
#8294 = DIRECTION('',(1.,0.,0.));
#8295 = ORIENTED_EDGE('',*,*,#8296,.T.);
#8296 = EDGE_CURVE('',#8289,#8258,#8297,.T.);
#8297 = LINE('',#8298,#8299);
#8298 = CARTESIAN_POINT('',(0.7,-1.2,1.));
#8299 = VECTOR('',#8300,1.);
#8300 = DIRECTION('',(-0.,-1.,8.673617379884E-16));
#8301 = PLANE('',#8302);
#8302 = AXIS2_PLACEMENT_3D('',#8303,#8304,#8305);
#8303 = CARTESIAN_POINT('',(0.7,-1.2,1.));
#8304 = DIRECTION('',(-0.,8.673617379884E-16,1.));
#8305 = DIRECTION('',(0.,-1.,8.673617379884E-16));
#8306 = ADVANCED_FACE('',(#8307),#8332,.T.);
#8307 = FACE_BOUND('',#8308,.T.);
#8308 = EDGE_LOOP('',(#8309,#8310,#8318,#8326));
#8309 = ORIENTED_EDGE('',*,*,#8288,.T.);
#8310 = ORIENTED_EDGE('',*,*,#8311,.F.);
#8311 = EDGE_CURVE('',#8312,#8281,#8314,.T.);
#8312 = VERTEX_POINT('',#8313);
#8313 = CARTESIAN_POINT('',(1.4,-0.95,-1.085));
#8314 = LINE('',#8315,#8316);
#8315 = CARTESIAN_POINT('',(1.4,-0.95,-1.085));
#8316 = VECTOR('',#8317,1.);
#8317 = DIRECTION('',(0.,-1.040002083919E-16,1.));
#8318 = ORIENTED_EDGE('',*,*,#8319,.F.);
#8319 = EDGE_CURVE('',#8320,#8312,#8322,.T.);
#8320 = VERTEX_POINT('',#8321);
#8321 = CARTESIAN_POINT('',(0.7,-0.95,-1.085));
#8322 = LINE('',#8323,#8324);
#8323 = CARTESIAN_POINT('',(0.7,-0.95,-1.085));
#8324 = VECTOR('',#8325,1.);
#8325 = DIRECTION('',(1.,0.,0.));
#8326 = ORIENTED_EDGE('',*,*,#8327,.T.);
#8327 = EDGE_CURVE('',#8320,#8289,#8328,.T.);
#8328 = LINE('',#8329,#8330);
#8329 = CARTESIAN_POINT('',(0.7,-0.95,-1.085));
#8330 = VECTOR('',#8331,1.);
#8331 = DIRECTION('',(0.,-1.040002083919E-16,1.));
#8332 = PLANE('',#8333);
#8333 = AXIS2_PLACEMENT_3D('',#8334,#8335,#8336);
#8334 = CARTESIAN_POINT('',(0.7,-0.95,-1.085));
#8335 = DIRECTION('',(-0.,1.,1.040002083919E-16));
#8336 = DIRECTION('',(0.,-1.040002083919E-16,1.));
#8337 = ADVANCED_FACE('',(#8338),#8354,.T.);
#8338 = FACE_BOUND('',#8339,.T.);
#8339 = EDGE_LOOP('',(#8340,#8341,#8347,#8348));
#8340 = ORIENTED_EDGE('',*,*,#8319,.T.);
#8341 = ORIENTED_EDGE('',*,*,#8342,.F.);
#8342 = EDGE_CURVE('',#6726,#8312,#8343,.T.);
#8343 = LINE('',#8344,#8345);
#8344 = CARTESIAN_POINT('',(1.4,2.871796744001E-16,-1.085));
#8345 = VECTOR('',#8346,1.);
#8346 = DIRECTION('',(0.,-1.,-2.282530889443E-16));
#8347 = ORIENTED_EDGE('',*,*,#6725,.F.);
#8348 = ORIENTED_EDGE('',*,*,#8349,.T.);
#8349 = EDGE_CURVE('',#6718,#8320,#8350,.T.);
#8350 = LINE('',#8351,#8352);
#8351 = CARTESIAN_POINT('',(0.7,2.871796744001E-16,-1.085));
#8352 = VECTOR('',#8353,1.);
#8353 = DIRECTION('',(0.,-1.,-2.282530889443E-16));
#8354 = PLANE('',#8355);
#8355 = AXIS2_PLACEMENT_3D('',#8356,#8357,#8358);
#8356 = CARTESIAN_POINT('',(0.7,2.871796744001E-16,-1.085));
#8357 = DIRECTION('',(0.,-2.282530889443E-16,1.));
#8358 = DIRECTION('',(0.,-1.,-2.282530889443E-16));
#8359 = ADVANCED_FACE('',(#8360),#8368,.T.);
#8360 = FACE_BOUND('',#8361,.T.);
#8361 = EDGE_LOOP('',(#8362,#8363,#8364,#8365,#8366,#8367));
#8362 = ORIENTED_EDGE('',*,*,#8234,.F.);
#8363 = ORIENTED_EDGE('',*,*,#8265,.F.);
#8364 = ORIENTED_EDGE('',*,*,#8296,.F.);
#8365 = ORIENTED_EDGE('',*,*,#8327,.F.);
#8366 = ORIENTED_EDGE('',*,*,#8349,.F.);
#8367 = ORIENTED_EDGE('',*,*,#6715,.F.);
#8368 = PLANE('',#8369);
#8369 = AXIS2_PLACEMENT_3D('',#8370,#8371,#8372);
#8370 = CARTESIAN_POINT('',(0.7,0.,0.));
#8371 = DIRECTION('',(-1.,-0.,0.));
#8372 = DIRECTION('',(0.,0.,1.));
#8373 = ADVANCED_FACE('',(#8374),#8382,.F.);
#8374 = FACE_BOUND('',#8375,.T.);
#8375 = EDGE_LOOP('',(#8376,#8377,#8378,#8379,#8380,#8381));
#8376 = ORIENTED_EDGE('',*,*,#8218,.T.);
#8377 = ORIENTED_EDGE('',*,*,#6733,.T.);
#8378 = ORIENTED_EDGE('',*,*,#8342,.T.);
#8379 = ORIENTED_EDGE('',*,*,#8311,.T.);
#8380 = ORIENTED_EDGE('',*,*,#8280,.T.);
#8381 = ORIENTED_EDGE('',*,*,#8249,.T.);
#8382 = PLANE('',#8383);
#8383 = AXIS2_PLACEMENT_3D('',#8384,#8385,#8386);
#8384 = CARTESIAN_POINT('',(1.4,0.,0.));
#8385 = DIRECTION('',(-1.,-0.,0.));
#8386 = DIRECTION('',(0.,0.,1.));
#8387 = ADVANCED_FACE('',(#8388),#8413,.F.);
#8388 = FACE_BOUND('',#8389,.T.);
#8389 = EDGE_LOOP('',(#8390,#8391,#8399,#8407));
#8390 = ORIENTED_EDGE('',*,*,#6385,.T.);
#8391 = ORIENTED_EDGE('',*,*,#8392,.F.);
#8392 = EDGE_CURVE('',#8393,#6388,#8395,.T.);
#8393 = VERTEX_POINT('',#8394);
#8394 = CARTESIAN_POINT('',(4.40995949282,8.805,-3.144424836979));
#8395 = LINE('',#8396,#8397);
#8396 = CARTESIAN_POINT('',(4.40995949282,8.805,-3.144424836979));
#8397 = VECTOR('',#8398,1.);
#8398 = DIRECTION('',(-0.,-1.,-0.));
#8399 = ORIENTED_EDGE('',*,*,#8400,.F.);
#8400 = EDGE_CURVE('',#8401,#8393,#8403,.T.);
#8401 = VERTEX_POINT('',#8402);
#8402 = CARTESIAN_POINT('',(4.757603691632,8.805,-4.354115567485));
#8403 = LINE('',#8404,#8405);
#8404 = CARTESIAN_POINT('',(4.40995949282,8.805,-3.144424836979));
#8405 = VECTOR('',#8406,1.);
#8406 = DIRECTION('',(-0.276203301025,-0.,0.961099233432));
#8407 = ORIENTED_EDGE('',*,*,#8408,.T.);
#8408 = EDGE_CURVE('',#8401,#6386,#8409,.T.);
#8409 = LINE('',#8410,#8411);
#8410 = CARTESIAN_POINT('',(4.757603691632,8.805,-4.354115567485));
#8411 = VECTOR('',#8412,1.);
#8412 = DIRECTION('',(-0.,-1.,-0.));
#8413 = PLANE('',#8414);
#8414 = AXIS2_PLACEMENT_3D('',#8415,#8416,#8417);
#8415 = CARTESIAN_POINT('',(4.40995949282,8.805,-3.144424836979));
#8416 = DIRECTION('',(0.961099233432,-0.,0.276203301025));
#8417 = DIRECTION('',(0.276203301025,0.,-0.961099233432));
#8418 = ADVANCED_FACE('',(#8419),#8437,.F.);
#8419 = FACE_BOUND('',#8420,.T.);
#8420 = EDGE_LOOP('',(#8421,#8422,#8430,#8436));
#8421 = ORIENTED_EDGE('',*,*,#6467,.T.);
#8422 = ORIENTED_EDGE('',*,*,#8423,.F.);
#8423 = EDGE_CURVE('',#8424,#6460,#8426,.T.);
#8424 = VERTEX_POINT('',#8425);
#8425 = CARTESIAN_POINT('',(4.753940212673,8.805,-3.144424836979));
#8426 = LINE('',#8427,#8428);
#8427 = CARTESIAN_POINT('',(4.753940212673,8.805,-3.144424836979));
#8428 = VECTOR('',#8429,1.);
#8429 = DIRECTION('',(-0.,-1.,-0.));
#8430 = ORIENTED_EDGE('',*,*,#8431,.F.);
#8431 = EDGE_CURVE('',#8393,#8424,#8432,.T.);
#8432 = LINE('',#8433,#8434);
#8433 = CARTESIAN_POINT('',(4.753940212673,8.805,-3.144424836979));
#8434 = VECTOR('',#8435,1.);
#8435 = DIRECTION('',(1.,-0.,-0.));
#8436 = ORIENTED_EDGE('',*,*,#8392,.T.);
#8437 = PLANE('',#8438);
#8438 = AXIS2_PLACEMENT_3D('',#8439,#8440,#8441);
#8439 = CARTESIAN_POINT('',(4.753940212673,8.805,-3.144424836979));
#8440 = DIRECTION('',(0.,0.,-1.));
#8441 = DIRECTION('',(-1.,0.,-0.));
#8442 = ADVANCED_FACE('',(#8443),#8461,.F.);
#8443 = FACE_BOUND('',#8444,.T.);
#8444 = EDGE_LOOP('',(#8445,#8446,#8454,#8460));
#8445 = ORIENTED_EDGE('',*,*,#6459,.T.);
#8446 = ORIENTED_EDGE('',*,*,#8447,.F.);
#8447 = EDGE_CURVE('',#8448,#6452,#8450,.T.);
#8448 = VERTEX_POINT('',#8449);
#8449 = CARTESIAN_POINT('',(4.942201049872,8.805,-3.801254072113));
#8450 = LINE('',#8451,#8452);
#8451 = CARTESIAN_POINT('',(4.942201049872,8.805,-3.801254072113));
#8452 = VECTOR('',#8453,1.);
#8453 = DIRECTION('',(-0.,-1.,-0.));
#8454 = ORIENTED_EDGE('',*,*,#8455,.F.);
#8455 = EDGE_CURVE('',#8424,#8448,#8456,.T.);
#8456 = LINE('',#8457,#8458);
#8457 = CARTESIAN_POINT('',(4.942201049872,8.805,-3.801254072113));
#8458 = VECTOR('',#8459,1.);
#8459 = DIRECTION('',(0.275526576548,-0.,-0.961293454475));
#8460 = ORIENTED_EDGE('',*,*,#8423,.T.);
#8461 = PLANE('',#8462);
#8462 = AXIS2_PLACEMENT_3D('',#8463,#8464,#8465);
#8463 = CARTESIAN_POINT('',(4.942201049872,8.805,-3.801254072113));
#8464 = DIRECTION('',(-0.961293454475,0.,-0.275526576548));
#8465 = DIRECTION('',(-0.275526576548,0.,0.961293454475));
#8466 = ADVANCED_FACE('',(#8467),#8485,.F.);
#8467 = FACE_BOUND('',#8468,.T.);
#8468 = EDGE_LOOP('',(#8469,#8470,#8478,#8484));
#8469 = ORIENTED_EDGE('',*,*,#6451,.T.);
#8470 = ORIENTED_EDGE('',*,*,#8471,.F.);
#8471 = EDGE_CURVE('',#8472,#6444,#8474,.T.);
#8472 = VERTEX_POINT('',#8473);
#8473 = CARTESIAN_POINT('',(5.205850084699,8.805,-3.144424836979));
#8474 = LINE('',#8475,#8476);
#8475 = CARTESIAN_POINT('',(5.205850084699,8.805,-3.144424836979));
#8476 = VECTOR('',#8477,1.);
#8477 = DIRECTION('',(-0.,-1.,-0.));
#8478 = ORIENTED_EDGE('',*,*,#8479,.F.);
#8479 = EDGE_CURVE('',#8448,#8472,#8480,.T.);
#8480 = LINE('',#8481,#8482);
#8481 = CARTESIAN_POINT('',(5.205850084699,8.805,-3.144424836979));
#8482 = VECTOR('',#8483,1.);
#8483 = DIRECTION('',(0.372507738364,-0.,0.928029086214));
#8484 = ORIENTED_EDGE('',*,*,#8447,.T.);
#8485 = PLANE('',#8486);
#8486 = AXIS2_PLACEMENT_3D('',#8487,#8488,#8489);
#8487 = CARTESIAN_POINT('',(5.205850084699,8.805,-3.144424836979));
#8488 = DIRECTION('',(0.928029086214,0.,-0.372507738364));
#8489 = DIRECTION('',(-0.372507738364,0.,-0.928029086214));
#8490 = ADVANCED_FACE('',(#8491),#8509,.F.);
#8491 = FACE_BOUND('',#8492,.T.);
#8492 = EDGE_LOOP('',(#8493,#8494,#8502,#8508));
#8493 = ORIENTED_EDGE('',*,*,#6443,.T.);
#8494 = ORIENTED_EDGE('',*,*,#8495,.F.);
#8495 = EDGE_CURVE('',#8496,#6436,#8498,.T.);
#8496 = VERTEX_POINT('',#8497);
#8497 = CARTESIAN_POINT('',(5.57391927675,8.805,-3.144424836979));
#8498 = LINE('',#8499,#8500);
#8499 = CARTESIAN_POINT('',(5.57391927675,8.805,-3.144424836979));
#8500 = VECTOR('',#8501,1.);
#8501 = DIRECTION('',(-0.,-1.,-0.));
#8502 = ORIENTED_EDGE('',*,*,#8503,.F.);
#8503 = EDGE_CURVE('',#8472,#8496,#8504,.T.);
#8504 = LINE('',#8505,#8506);
#8505 = CARTESIAN_POINT('',(5.57391927675,8.805,-3.144424836979));
#8506 = VECTOR('',#8507,1.);
#8507 = DIRECTION('',(1.,-0.,-0.));
#8508 = ORIENTED_EDGE('',*,*,#8471,.T.);
#8509 = PLANE('',#8510);
#8510 = AXIS2_PLACEMENT_3D('',#8511,#8512,#8513);
#8511 = CARTESIAN_POINT('',(5.57391927675,8.805,-3.144424836979));
#8512 = DIRECTION('',(0.,0.,-1.));
#8513 = DIRECTION('',(-1.,0.,-0.));
#8514 = ADVANCED_FACE('',(#8515),#8533,.F.);
#8515 = FACE_BOUND('',#8516,.T.);
#8516 = EDGE_LOOP('',(#8517,#8518,#8526,#8532));
#8517 = ORIENTED_EDGE('',*,*,#6435,.T.);
#8518 = ORIENTED_EDGE('',*,*,#8519,.F.);
#8519 = EDGE_CURVE('',#8520,#6428,#8522,.T.);
#8520 = VERTEX_POINT('',#8521);
#8521 = CARTESIAN_POINT('',(5.301659597376,8.805,-3.801254072113));
#8522 = LINE('',#8523,#8524);
#8523 = CARTESIAN_POINT('',(5.301659597376,8.805,-3.801254072113));
#8524 = VECTOR('',#8525,1.);
#8525 = DIRECTION('',(-0.,-1.,-0.));
#8526 = ORIENTED_EDGE('',*,*,#8527,.F.);
#8527 = EDGE_CURVE('',#8496,#8520,#8528,.T.);
#8528 = LINE('',#8529,#8530);
#8529 = CARTESIAN_POINT('',(5.301659597376,8.805,-3.801254072113));
#8530 = VECTOR('',#8531,1.);
#8531 = DIRECTION('',(-0.382914031738,-0.,-0.923783981404));
#8532 = ORIENTED_EDGE('',*,*,#8495,.T.);
#8533 = PLANE('',#8534);
#8534 = AXIS2_PLACEMENT_3D('',#8535,#8536,#8537);
#8535 = CARTESIAN_POINT('',(5.301659597376,8.805,-3.801254072113));
#8536 = DIRECTION('',(-0.923783981404,0.,0.382914031738));
#8537 = DIRECTION('',(0.382914031738,0.,0.923783981404));
#8538 = ADVANCED_FACE('',(#8539),#8557,.F.);
#8539 = FACE_BOUND('',#8540,.T.);
#8540 = EDGE_LOOP('',(#8541,#8542,#8550,#8556));
#8541 = ORIENTED_EDGE('',*,*,#6427,.T.);
#8542 = ORIENTED_EDGE('',*,*,#8543,.F.);
#8543 = EDGE_CURVE('',#8544,#6420,#8546,.T.);
#8544 = VERTEX_POINT('',#8545);
#8545 = CARTESIAN_POINT('',(5.866379580699,8.805,-4.354115567485));
#8546 = LINE('',#8547,#8548);
#8547 = CARTESIAN_POINT('',(5.866379580699,8.805,-4.354115567485));
#8548 = VECTOR('',#8549,1.);
#8549 = DIRECTION('',(-0.,-1.,-0.));
#8550 = ORIENTED_EDGE('',*,*,#8551,.F.);
#8551 = EDGE_CURVE('',#8520,#8544,#8552,.T.);
#8552 = LINE('',#8553,#8554);
#8553 = CARTESIAN_POINT('',(5.866379580699,8.805,-4.354115567485));
#8554 = VECTOR('',#8555,1.);
#8555 = DIRECTION('',(0.714569558638,-0.,-0.699564397227));
#8556 = ORIENTED_EDGE('',*,*,#8519,.T.);
#8557 = PLANE('',#8558);
#8558 = AXIS2_PLACEMENT_3D('',#8559,#8560,#8561);
#8559 = CARTESIAN_POINT('',(5.866379580699,8.805,-4.354115567485));
#8560 = DIRECTION('',(-0.699564397227,0.,-0.714569558638));
#8561 = DIRECTION('',(-0.714569558638,0.,0.699564397227));
#8562 = ADVANCED_FACE('',(#8563),#8581,.F.);
#8563 = FACE_BOUND('',#8564,.T.);
#8564 = EDGE_LOOP('',(#8565,#8566,#8574,#8580));
#8565 = ORIENTED_EDGE('',*,*,#6419,.T.);
#8566 = ORIENTED_EDGE('',*,*,#8567,.F.);
#8567 = EDGE_CURVE('',#8568,#6412,#8570,.T.);
#8568 = VERTEX_POINT('',#8569);
#8569 = CARTESIAN_POINT('',(5.468281639358,8.805,-4.354115567485));
#8570 = LINE('',#8571,#8572);
#8571 = CARTESIAN_POINT('',(5.468281639358,8.805,-4.354115567485));
#8572 = VECTOR('',#8573,1.);
#8573 = DIRECTION('',(-0.,-1.,-0.));
#8574 = ORIENTED_EDGE('',*,*,#8575,.F.);
#8575 = EDGE_CURVE('',#8544,#8568,#8576,.T.);
#8576 = LINE('',#8577,#8578);
#8577 = CARTESIAN_POINT('',(5.468281639358,8.805,-4.354115567485));
#8578 = VECTOR('',#8579,1.);
#8579 = DIRECTION('',(-1.,-0.,-0.));
#8580 = ORIENTED_EDGE('',*,*,#8543,.T.);
#8581 = PLANE('',#8582);
#8582 = AXIS2_PLACEMENT_3D('',#8583,#8584,#8585);
#8583 = CARTESIAN_POINT('',(5.468281639358,8.805,-4.354115567485));
#8584 = DIRECTION('',(0.,0.,1.));
#8585 = DIRECTION('',(1.,0.,-0.));
#8586 = ADVANCED_FACE('',(#8587),#8605,.F.);
#8587 = FACE_BOUND('',#8588,.T.);
#8588 = EDGE_LOOP('',(#8589,#8590,#8598,#8604));
#8589 = ORIENTED_EDGE('',*,*,#6411,.T.);
#8590 = ORIENTED_EDGE('',*,*,#8591,.F.);
#8591 = EDGE_CURVE('',#8592,#6404,#8594,.T.);
#8592 = VERTEX_POINT('',#8593);
#8593 = CARTESIAN_POINT('',(4.954173561734,8.805,-3.838256671071));
#8594 = LINE('',#8595,#8596);
#8595 = CARTESIAN_POINT('',(4.954173561734,8.805,-3.838256671071));
#8596 = VECTOR('',#8597,1.);
#8597 = DIRECTION('',(-0.,-1.,-0.));
#8598 = ORIENTED_EDGE('',*,*,#8599,.F.);
#8599 = EDGE_CURVE('',#8568,#8592,#8600,.T.);
#8600 = LINE('',#8601,#8602);
#8601 = CARTESIAN_POINT('',(4.954173561734,8.805,-3.838256671071));
#8602 = VECTOR('',#8603,1.);
#8603 = DIRECTION('',(-0.705903765636,-0.,0.708307753494));
#8604 = ORIENTED_EDGE('',*,*,#8567,.T.);
#8605 = PLANE('',#8606);
#8606 = AXIS2_PLACEMENT_3D('',#8607,#8608,#8609);
#8607 = CARTESIAN_POINT('',(4.954173561734,8.805,-3.838256671071));
#8608 = DIRECTION('',(0.708307753494,-0.,0.705903765636));
#8609 = DIRECTION('',(0.705903765636,0.,-0.708307753494));
#8610 = ADVANCED_FACE('',(#8611),#8629,.F.);
#8611 = FACE_BOUND('',#8612,.T.);
#8612 = EDGE_LOOP('',(#8613,#8614,#8622,#8628));
#8613 = ORIENTED_EDGE('',*,*,#6403,.T.);
#8614 = ORIENTED_EDGE('',*,*,#8615,.F.);
#8615 = EDGE_CURVE('',#8616,#6396,#8618,.T.);
#8616 = VERTEX_POINT('',#8617);
#8617 = CARTESIAN_POINT('',(5.102044186301,8.805,-4.354115567485));
#8618 = LINE('',#8619,#8620);
#8619 = CARTESIAN_POINT('',(5.102044186301,8.805,-4.354115567485));
#8620 = VECTOR('',#8621,1.);
#8621 = DIRECTION('',(-0.,-1.,-0.));
#8622 = ORIENTED_EDGE('',*,*,#8623,.F.);
#8623 = EDGE_CURVE('',#8592,#8616,#8624,.T.);
#8624 = LINE('',#8625,#8626);
#8625 = CARTESIAN_POINT('',(5.102044186301,8.805,-4.354115567485));
#8626 = VECTOR('',#8627,1.);
#8627 = DIRECTION('',(0.275552063252,-0.,-0.961286149093));
#8628 = ORIENTED_EDGE('',*,*,#8591,.T.);
#8629 = PLANE('',#8630);
#8630 = AXIS2_PLACEMENT_3D('',#8631,#8632,#8633);
#8631 = CARTESIAN_POINT('',(5.102044186301,8.805,-4.354115567485));
#8632 = DIRECTION('',(-0.961286149093,0.,-0.275552063252));
#8633 = DIRECTION('',(-0.275552063252,0.,0.961286149093));
#8634 = ADVANCED_FACE('',(#8635),#8646,.F.);
#8635 = FACE_BOUND('',#8636,.T.);
#8636 = EDGE_LOOP('',(#8637,#8638,#8639,#8645));
#8637 = ORIENTED_EDGE('',*,*,#6395,.T.);
#8638 = ORIENTED_EDGE('',*,*,#8408,.F.);
#8639 = ORIENTED_EDGE('',*,*,#8640,.F.);
#8640 = EDGE_CURVE('',#8616,#8401,#8641,.T.);
#8641 = LINE('',#8642,#8643);
#8642 = CARTESIAN_POINT('',(4.757603691632,8.805,-4.354115567485));
#8643 = VECTOR('',#8644,1.);
#8644 = DIRECTION('',(-1.,-0.,-0.));
#8645 = ORIENTED_EDGE('',*,*,#8615,.T.);
#8646 = PLANE('',#8647);
#8647 = AXIS2_PLACEMENT_3D('',#8648,#8649,#8650);
#8648 = CARTESIAN_POINT('',(4.757603691632,8.805,-4.354115567485));
#8649 = DIRECTION('',(0.,0.,1.));
#8650 = DIRECTION('',(1.,0.,-0.));
#8651 = ADVANCED_FACE('',(#8652),#8665,.F.);
#8652 = FACE_BOUND('',#8653,.T.);
#8653 = EDGE_LOOP('',(#8654,#8655,#8656,#8657,#8658,#8659,#8660,#8661,
    #8662,#8663,#8664));
#8654 = ORIENTED_EDGE('',*,*,#8400,.T.);
#8655 = ORIENTED_EDGE('',*,*,#8431,.T.);
#8656 = ORIENTED_EDGE('',*,*,#8455,.T.);
#8657 = ORIENTED_EDGE('',*,*,#8479,.T.);
#8658 = ORIENTED_EDGE('',*,*,#8503,.T.);
#8659 = ORIENTED_EDGE('',*,*,#8527,.T.);
#8660 = ORIENTED_EDGE('',*,*,#8551,.T.);
#8661 = ORIENTED_EDGE('',*,*,#8575,.T.);
#8662 = ORIENTED_EDGE('',*,*,#8599,.T.);
#8663 = ORIENTED_EDGE('',*,*,#8623,.T.);
#8664 = ORIENTED_EDGE('',*,*,#8640,.T.);
#8665 = PLANE('',#8666);
#8666 = AXIS2_PLACEMENT_3D('',#8667,#8668,#8669);
#8667 = CARTESIAN_POINT('',(0.,8.805,0.));
#8668 = DIRECTION('',(0.,-1.,0.));
#8669 = DIRECTION('',(0.,-0.,-1.));
#8670 = ADVANCED_FACE('',(#8671),#8696,.F.);
#8671 = FACE_BOUND('',#8672,.T.);
#8672 = EDGE_LOOP('',(#8673,#8674,#8682,#8690));
#8673 = ORIENTED_EDGE('',*,*,#6165,.T.);
#8674 = ORIENTED_EDGE('',*,*,#8675,.F.);
#8675 = EDGE_CURVE('',#8676,#6168,#8678,.T.);
#8676 = VERTEX_POINT('',#8677);
#8677 = CARTESIAN_POINT('',(7.968587361192,8.805,-4.354115567485));
#8678 = LINE('',#8679,#8680);
#8679 = CARTESIAN_POINT('',(7.968587361192,8.805,-4.354115567485));
#8680 = VECTOR('',#8681,1.);
#8681 = DIRECTION('',(-0.,-1.,-0.));
#8682 = ORIENTED_EDGE('',*,*,#8683,.F.);
#8683 = EDGE_CURVE('',#8684,#8676,#8686,.T.);
#8684 = VERTEX_POINT('',#8685);
#8685 = CARTESIAN_POINT('',(8.49914948815,8.805,-4.354115567485));
#8686 = LINE('',#8687,#8688);
#8687 = CARTESIAN_POINT('',(8.49914948815,8.805,-4.354115567485));
#8688 = VECTOR('',#8689,1.);
#8689 = DIRECTION('',(-1.,0.,0.));
#8690 = ORIENTED_EDGE('',*,*,#8691,.T.);
#8691 = EDGE_CURVE('',#8684,#6166,#8692,.T.);
#8692 = LINE('',#8693,#8694);
#8693 = CARTESIAN_POINT('',(8.49914948815,8.805,-4.354115567485));
#8694 = VECTOR('',#8695,1.);
#8695 = DIRECTION('',(-0.,-1.,-0.));
#8696 = PLANE('',#8697);
#8697 = AXIS2_PLACEMENT_3D('',#8698,#8699,#8700);
#8698 = CARTESIAN_POINT('',(8.49914948815,8.805,-4.354115567485));
#8699 = DIRECTION('',(0.,-0.,1.));
#8700 = DIRECTION('',(1.,0.,0.));
#8701 = ADVANCED_FACE('',(#8702),#8720,.F.);
#8702 = FACE_BOUND('',#8703,.T.);
#8703 = EDGE_LOOP('',(#8704,#8705,#8713,#8719));
#8704 = ORIENTED_EDGE('',*,*,#6343,.T.);
#8705 = ORIENTED_EDGE('',*,*,#8706,.F.);
#8706 = EDGE_CURVE('',#8707,#6336,#8709,.T.);
#8707 = VERTEX_POINT('',#8708);
#8708 = CARTESIAN_POINT('',(7.539963216366,8.805,-3.489896966992));
#8709 = LINE('',#8710,#8711);
#8710 = CARTESIAN_POINT('',(7.539963216366,8.805,-3.489896966992));
#8711 = VECTOR('',#8712,1.);
#8712 = DIRECTION('',(-0.,-1.,-0.));
#8713 = ORIENTED_EDGE('',*,*,#8714,.F.);
#8714 = EDGE_CURVE('',#8676,#8707,#8715,.T.);
#8715 = LINE('',#8716,#8717);
#8716 = CARTESIAN_POINT('',(7.968587361192,8.805,-4.354115567485));
#8717 = VECTOR('',#8718,1.);
#8718 = DIRECTION('',(-0.444321030833,0.,0.895867636183));
#8719 = ORIENTED_EDGE('',*,*,#8675,.T.);
#8720 = PLANE('',#8721);
#8721 = AXIS2_PLACEMENT_3D('',#8722,#8723,#8724);
#8722 = CARTESIAN_POINT('',(7.968587361192,8.805,-4.354115567485));
#8723 = DIRECTION('',(0.895867636183,-0.,0.444321030833));
#8724 = DIRECTION('',(0.444321030833,0.,-0.895867636183));
#8725 = ADVANCED_FACE('',(#8726),#8744,.F.);
#8726 = FACE_BOUND('',#8727,.T.);
#8727 = EDGE_LOOP('',(#8728,#8729,#8737,#8743));
#8728 = ORIENTED_EDGE('',*,*,#6335,.T.);
#8729 = ORIENTED_EDGE('',*,*,#8730,.F.);
#8730 = EDGE_CURVE('',#8731,#6328,#8733,.T.);
#8731 = VERTEX_POINT('',#8732);
#8732 = CARTESIAN_POINT('',(7.586484462749,8.805,-4.354115567485));
#8733 = LINE('',#8734,#8735);
#8734 = CARTESIAN_POINT('',(7.586484462749,8.805,-4.354115567485));
#8735 = VECTOR('',#8736,1.);
#8736 = DIRECTION('',(-0.,-1.,-0.));
#8737 = ORIENTED_EDGE('',*,*,#8738,.F.);
#8738 = EDGE_CURVE('',#8707,#8731,#8739,.T.);
#8739 = LINE('',#8740,#8741);
#8740 = CARTESIAN_POINT('',(7.539963216366,8.805,-3.489896966992));
#8741 = VECTOR('',#8742,1.);
#8742 = DIRECTION('',(5.375259206908E-02,0.,-0.998554284376));
#8743 = ORIENTED_EDGE('',*,*,#8706,.T.);
#8744 = PLANE('',#8745);
#8745 = AXIS2_PLACEMENT_3D('',#8746,#8747,#8748);
#8746 = CARTESIAN_POINT('',(7.539963216366,8.805,-3.489896966992));
#8747 = DIRECTION('',(-0.998554284376,0.,-5.375259206908E-02));
#8748 = DIRECTION('',(-5.375259206908E-02,0.,0.998554284376));
#8749 = ADVANCED_FACE('',(#8750),#8768,.F.);
#8750 = FACE_BOUND('',#8751,.T.);
#8751 = EDGE_LOOP('',(#8752,#8753,#8761,#8767));
#8752 = ORIENTED_EDGE('',*,*,#6327,.T.);
#8753 = ORIENTED_EDGE('',*,*,#8754,.F.);
#8754 = EDGE_CURVE('',#8755,#6320,#8757,.T.);
#8755 = VERTEX_POINT('',#8756);
#8756 = CARTESIAN_POINT('',(7.071319977948,8.805,-4.354115567485));
#8757 = LINE('',#8758,#8759);
#8758 = CARTESIAN_POINT('',(7.071319977948,8.805,-4.354115567485));
#8759 = VECTOR('',#8760,1.);
#8760 = DIRECTION('',(-0.,-1.,-0.));
#8761 = ORIENTED_EDGE('',*,*,#8762,.F.);
#8762 = EDGE_CURVE('',#8731,#8755,#8763,.T.);
#8763 = LINE('',#8764,#8765);
#8764 = CARTESIAN_POINT('',(7.586484462749,8.805,-4.354115567485));
#8765 = VECTOR('',#8766,1.);
#8766 = DIRECTION('',(-1.,0.,0.));
#8767 = ORIENTED_EDGE('',*,*,#8730,.T.);
#8768 = PLANE('',#8769);
#8769 = AXIS2_PLACEMENT_3D('',#8770,#8771,#8772);
#8770 = CARTESIAN_POINT('',(7.586484462749,8.805,-4.354115567485));
#8771 = DIRECTION('',(0.,-0.,1.));
#8772 = DIRECTION('',(1.,0.,0.));
#8773 = ADVANCED_FACE('',(#8774),#8792,.F.);
#8774 = FACE_BOUND('',#8775,.T.);
#8775 = EDGE_LOOP('',(#8776,#8777,#8785,#8791));
#8776 = ORIENTED_EDGE('',*,*,#6319,.T.);
#8777 = ORIENTED_EDGE('',*,*,#8778,.F.);
#8778 = EDGE_CURVE('',#8779,#6312,#8781,.T.);
#8779 = VERTEX_POINT('',#8780);
#8780 = CARTESIAN_POINT('',(6.789761832349,8.805,-3.374569232259));
#8781 = LINE('',#8782,#8783);
#8782 = CARTESIAN_POINT('',(6.789761832349,8.805,-3.374569232259));
#8783 = VECTOR('',#8784,1.);
#8784 = DIRECTION('',(-0.,-1.,-0.));
#8785 = ORIENTED_EDGE('',*,*,#8786,.F.);
#8786 = EDGE_CURVE('',#8755,#8779,#8787,.T.);
#8787 = LINE('',#8788,#8789);
#8788 = CARTESIAN_POINT('',(7.071319977948,8.805,-4.354115567485));
#8789 = VECTOR('',#8790,1.);
#8790 = DIRECTION('',(-0.276251757517,0.,0.961085306551));
#8791 = ORIENTED_EDGE('',*,*,#8754,.T.);
#8792 = PLANE('',#8793);
#8793 = AXIS2_PLACEMENT_3D('',#8794,#8795,#8796);
#8794 = CARTESIAN_POINT('',(7.071319977948,8.805,-4.354115567485));
#8795 = DIRECTION('',(0.961085306551,-0.,0.276251757517));
#8796 = DIRECTION('',(0.276251757517,0.,-0.961085306551));
#8797 = ADVANCED_FACE('',(#8798),#8816,.F.);
#8798 = FACE_BOUND('',#8799,.T.);
#8799 = EDGE_LOOP('',(#8800,#8801,#8809,#8815));
#8800 = ORIENTED_EDGE('',*,*,#6311,.T.);
#8801 = ORIENTED_EDGE('',*,*,#8802,.F.);
#8802 = EDGE_CURVE('',#8803,#6304,#8805,.T.);
#8803 = VERTEX_POINT('',#8804);
#8804 = CARTESIAN_POINT('',(6.119176163807,8.805,-3.374569232259));
#8805 = LINE('',#8806,#8807);
#8806 = CARTESIAN_POINT('',(6.119176163807,8.805,-3.374569232259));
#8807 = VECTOR('',#8808,1.);
#8808 = DIRECTION('',(-0.,-1.,-0.));
#8809 = ORIENTED_EDGE('',*,*,#8810,.F.);
#8810 = EDGE_CURVE('',#8779,#8803,#8811,.T.);
#8811 = LINE('',#8812,#8813);
#8812 = CARTESIAN_POINT('',(6.789761832349,8.805,-3.374569232259));
#8813 = VECTOR('',#8814,1.);
#8814 = DIRECTION('',(-1.,0.,0.));
#8815 = ORIENTED_EDGE('',*,*,#8778,.T.);
#8816 = PLANE('',#8817);
#8817 = AXIS2_PLACEMENT_3D('',#8818,#8819,#8820);
#8818 = CARTESIAN_POINT('',(6.789761832349,8.805,-3.374569232259));
#8819 = DIRECTION('',(0.,-0.,1.));
#8820 = DIRECTION('',(1.,0.,0.));
#8821 = ADVANCED_FACE('',(#8822),#8840,.F.);
#8822 = FACE_BOUND('',#8823,.T.);
#8823 = EDGE_LOOP('',(#8824,#8825,#8833,#8839));
#8824 = ORIENTED_EDGE('',*,*,#6303,.T.);
#8825 = ORIENTED_EDGE('',*,*,#8826,.F.);
#8826 = EDGE_CURVE('',#8827,#6296,#8829,.T.);
#8827 = VERTEX_POINT('',#8828);
#8828 = CARTESIAN_POINT('',(6.204841226395,8.805,-3.675224544229));
#8829 = LINE('',#8830,#8831);
#8830 = CARTESIAN_POINT('',(6.204841226395,8.805,-3.675224544229));
#8831 = VECTOR('',#8832,1.);
#8832 = DIRECTION('',(-0.,-1.,-0.));
#8833 = ORIENTED_EDGE('',*,*,#8834,.F.);
#8834 = EDGE_CURVE('',#8803,#8827,#8835,.T.);
#8835 = LINE('',#8836,#8837);
#8836 = CARTESIAN_POINT('',(6.119176163807,8.805,-3.374569232259));
#8837 = VECTOR('',#8838,1.);
#8838 = DIRECTION('',(0.274021776595,0.,-0.961723487262));
#8839 = ORIENTED_EDGE('',*,*,#8802,.T.);
#8840 = PLANE('',#8841);
#8841 = AXIS2_PLACEMENT_3D('',#8842,#8843,#8844);
#8842 = CARTESIAN_POINT('',(6.119176163807,8.805,-3.374569232259));
#8843 = DIRECTION('',(-0.961723487262,0.,-0.274021776595));
#8844 = DIRECTION('',(-0.274021776595,0.,0.961723487262));
#8845 = ADVANCED_FACE('',(#8846),#8864,.F.);
#8846 = FACE_BOUND('',#8847,.T.);
#8847 = EDGE_LOOP('',(#8848,#8849,#8857,#8863));
#8848 = ORIENTED_EDGE('',*,*,#6295,.T.);
#8849 = ORIENTED_EDGE('',*,*,#8850,.F.);
#8850 = EDGE_CURVE('',#8851,#6288,#8853,.T.);
#8851 = VERTEX_POINT('',#8852);
#8852 = CARTESIAN_POINT('',(6.723981068964,8.805,-3.675224544229));
#8853 = LINE('',#8854,#8855);
#8854 = CARTESIAN_POINT('',(6.723981068964,8.805,-3.675224544229));
#8855 = VECTOR('',#8856,1.);
#8856 = DIRECTION('',(-0.,-1.,-0.));
#8857 = ORIENTED_EDGE('',*,*,#8858,.F.);
#8858 = EDGE_CURVE('',#8827,#8851,#8859,.T.);
#8859 = LINE('',#8860,#8861);
#8860 = CARTESIAN_POINT('',(6.204841226395,8.805,-3.675224544229));
#8861 = VECTOR('',#8862,1.);
#8862 = DIRECTION('',(1.,0.,0.));
#8863 = ORIENTED_EDGE('',*,*,#8826,.T.);
#8864 = PLANE('',#8865);
#8865 = AXIS2_PLACEMENT_3D('',#8866,#8867,#8868);
#8866 = CARTESIAN_POINT('',(6.204841226395,8.805,-3.675224544229));
#8867 = DIRECTION('',(0.,0.,-1.));
#8868 = DIRECTION('',(-1.,0.,-0.));
#8869 = ADVANCED_FACE('',(#8870),#8888,.F.);
#8870 = FACE_BOUND('',#8871,.T.);
#8871 = EDGE_LOOP('',(#8872,#8873,#8881,#8887));
#8872 = ORIENTED_EDGE('',*,*,#6287,.T.);
#8873 = ORIENTED_EDGE('',*,*,#8874,.F.);
#8874 = EDGE_CURVE('',#8875,#6280,#8877,.T.);
#8875 = VERTEX_POINT('',#8876);
#8876 = CARTESIAN_POINT('',(6.787856529544,8.805,-3.898854863686));
#8877 = LINE('',#8878,#8879);
#8878 = CARTESIAN_POINT('',(6.787856529544,8.805,-3.898854863686));
#8879 = VECTOR('',#8880,1.);
#8880 = DIRECTION('',(-0.,-1.,-0.));
#8881 = ORIENTED_EDGE('',*,*,#8882,.F.);
#8882 = EDGE_CURVE('',#8851,#8875,#8883,.T.);
#8883 = LINE('',#8884,#8885);
#8884 = CARTESIAN_POINT('',(6.723981068964,8.805,-3.675224544229));
#8885 = VECTOR('',#8886,1.);
#8886 = DIRECTION('',(0.274645930492,0.,-0.961545429433));
#8887 = ORIENTED_EDGE('',*,*,#8850,.T.);
#8888 = PLANE('',#8889);
#8889 = AXIS2_PLACEMENT_3D('',#8890,#8891,#8892);
#8890 = CARTESIAN_POINT('',(6.723981068964,8.805,-3.675224544229));
#8891 = DIRECTION('',(-0.961545429433,0.,-0.274645930492));
#8892 = DIRECTION('',(-0.274645930492,0.,0.961545429433));
#8893 = ADVANCED_FACE('',(#8894),#8912,.F.);
#8894 = FACE_BOUND('',#8895,.T.);
#8895 = EDGE_LOOP('',(#8896,#8897,#8905,#8911));
#8896 = ORIENTED_EDGE('',*,*,#6279,.T.);
#8897 = ORIENTED_EDGE('',*,*,#8898,.F.);
#8898 = EDGE_CURVE('',#8899,#6272,#8901,.T.);
#8899 = VERTEX_POINT('',#8900);
#8900 = CARTESIAN_POINT('',(6.26864312316,8.805,-3.898854863686));
#8901 = LINE('',#8902,#8903);
#8902 = CARTESIAN_POINT('',(6.26864312316,8.805,-3.898854863686));
#8903 = VECTOR('',#8904,1.);
#8904 = DIRECTION('',(-0.,-1.,-0.));
#8905 = ORIENTED_EDGE('',*,*,#8906,.F.);
#8906 = EDGE_CURVE('',#8875,#8899,#8907,.T.);
#8907 = LINE('',#8908,#8909);
#8908 = CARTESIAN_POINT('',(6.787856529544,8.805,-3.898854863686));
#8909 = VECTOR('',#8910,1.);
#8910 = DIRECTION('',(-1.,0.,0.));
#8911 = ORIENTED_EDGE('',*,*,#8874,.T.);
#8912 = PLANE('',#8913);
#8913 = AXIS2_PLACEMENT_3D('',#8914,#8915,#8916);
#8914 = CARTESIAN_POINT('',(6.787856529544,8.805,-3.898854863686));
#8915 = DIRECTION('',(0.,-0.,1.));
#8916 = DIRECTION('',(1.,0.,0.));
#8917 = ADVANCED_FACE('',(#8918),#8936,.F.);
#8918 = FACE_BOUND('',#8919,.T.);
#8919 = EDGE_LOOP('',(#8920,#8921,#8929,#8935));
#8920 = ORIENTED_EDGE('',*,*,#6271,.T.);
#8921 = ORIENTED_EDGE('',*,*,#8922,.F.);
#8922 = EDGE_CURVE('',#8923,#6264,#8925,.T.);
#8923 = VERTEX_POINT('',#8924);
#8924 = CARTESIAN_POINT('',(6.334114918526,8.805,-4.123857148294));
#8925 = LINE('',#8926,#8927);
#8926 = CARTESIAN_POINT('',(6.334114918526,8.805,-4.123857148294));
#8927 = VECTOR('',#8928,1.);
#8928 = DIRECTION('',(-0.,-1.,-0.));
#8929 = ORIENTED_EDGE('',*,*,#8930,.F.);
#8930 = EDGE_CURVE('',#8899,#8923,#8931,.T.);
#8931 = LINE('',#8932,#8933);
#8932 = CARTESIAN_POINT('',(6.26864312316,8.805,-3.898854863686));
#8933 = VECTOR('',#8934,1.);
#8934 = DIRECTION('',(0.279394794088,0.,-0.960176311433));
#8935 = ORIENTED_EDGE('',*,*,#8898,.T.);
#8936 = PLANE('',#8937);
#8937 = AXIS2_PLACEMENT_3D('',#8938,#8939,#8940);
#8938 = CARTESIAN_POINT('',(6.26864312316,8.805,-3.898854863686));
#8939 = DIRECTION('',(-0.960176311433,0.,-0.279394794088));
#8940 = DIRECTION('',(-0.279394794088,0.,0.960176311433));
#8941 = ADVANCED_FACE('',(#8942),#8960,.F.);
#8942 = FACE_BOUND('',#8943,.T.);
#8943 = EDGE_LOOP('',(#8944,#8945,#8953,#8959));
#8944 = ORIENTED_EDGE('',*,*,#6263,.T.);
#8945 = ORIENTED_EDGE('',*,*,#8946,.F.);
#8946 = EDGE_CURVE('',#8947,#6256,#8949,.T.);
#8947 = VERTEX_POINT('',#8948);
#8948 = CARTESIAN_POINT('',(6.885262377008,8.805,-4.123857148294));
#8949 = LINE('',#8950,#8951);
#8950 = CARTESIAN_POINT('',(6.885262377008,8.805,-4.123857148294));
#8951 = VECTOR('',#8952,1.);
#8952 = DIRECTION('',(-0.,-1.,-0.));
#8953 = ORIENTED_EDGE('',*,*,#8954,.F.);
#8954 = EDGE_CURVE('',#8923,#8947,#8955,.T.);
#8955 = LINE('',#8956,#8957);
#8956 = CARTESIAN_POINT('',(6.334114918526,8.805,-4.123857148294));
#8957 = VECTOR('',#8958,1.);
#8958 = DIRECTION('',(1.,0.,0.));
#8959 = ORIENTED_EDGE('',*,*,#8922,.T.);
#8960 = PLANE('',#8961);
#8961 = AXIS2_PLACEMENT_3D('',#8962,#8963,#8964);
#8962 = CARTESIAN_POINT('',(6.334114918526,8.805,-4.123857148294));
#8963 = DIRECTION('',(0.,0.,-1.));
#8964 = DIRECTION('',(-1.,0.,-0.));
#8965 = ADVANCED_FACE('',(#8966),#8984,.F.);
#8966 = FACE_BOUND('',#8967,.T.);
#8967 = EDGE_LOOP('',(#8968,#8969,#8977,#8983));
#8968 = ORIENTED_EDGE('',*,*,#6255,.T.);
#8969 = ORIENTED_EDGE('',*,*,#8970,.F.);
#8970 = EDGE_CURVE('',#8971,#6248,#8973,.T.);
#8971 = VERTEX_POINT('',#8972);
#8972 = CARTESIAN_POINT('',(6.950660608559,8.805,-4.354115567485));
#8973 = LINE('',#8974,#8975);
#8974 = CARTESIAN_POINT('',(6.950660608559,8.805,-4.354115567485));
#8975 = VECTOR('',#8976,1.);
#8976 = DIRECTION('',(-0.,-1.,-0.));
#8977 = ORIENTED_EDGE('',*,*,#8978,.F.);
#8978 = EDGE_CURVE('',#8947,#8971,#8979,.T.);
#8979 = LINE('',#8980,#8981);
#8980 = CARTESIAN_POINT('',(6.885262377008,8.805,-4.123857148294));
#8981 = VECTOR('',#8982,1.);
#8982 = DIRECTION('',(0.273214882175,0.,-0.961953028042));
#8983 = ORIENTED_EDGE('',*,*,#8946,.T.);
#8984 = PLANE('',#8985);
#8985 = AXIS2_PLACEMENT_3D('',#8986,#8987,#8988);
#8986 = CARTESIAN_POINT('',(6.885262377008,8.805,-4.123857148294));
#8987 = DIRECTION('',(-0.961953028042,0.,-0.273214882175));
#8988 = DIRECTION('',(-0.273214882175,0.,0.961953028042));
#8989 = ADVANCED_FACE('',(#8990),#9008,.F.);
#8990 = FACE_BOUND('',#8991,.T.);
#8991 = EDGE_LOOP('',(#8992,#8993,#9001,#9007));
#8992 = ORIENTED_EDGE('',*,*,#6247,.T.);
#8993 = ORIENTED_EDGE('',*,*,#8994,.F.);
#8994 = EDGE_CURVE('',#8995,#6240,#8997,.T.);
#8995 = VERTEX_POINT('',#8996);
#8996 = CARTESIAN_POINT('',(6.056981636408,8.805,-4.354115567485));
#8997 = LINE('',#8998,#8999);
#8998 = CARTESIAN_POINT('',(6.056981636408,8.805,-4.354115567485));
#8999 = VECTOR('',#9000,1.);
#9000 = DIRECTION('',(-0.,-1.,-0.));
#9001 = ORIENTED_EDGE('',*,*,#9002,.F.);
#9002 = EDGE_CURVE('',#8971,#8995,#9003,.T.);
#9003 = LINE('',#9004,#9005);
#9004 = CARTESIAN_POINT('',(6.950660608559,8.805,-4.354115567485));
#9005 = VECTOR('',#9006,1.);
#9006 = DIRECTION('',(-1.,0.,0.));
#9007 = ORIENTED_EDGE('',*,*,#8970,.T.);
#9008 = PLANE('',#9009);
#9009 = AXIS2_PLACEMENT_3D('',#9010,#9011,#9012);
#9010 = CARTESIAN_POINT('',(6.950660608559,8.805,-4.354115567485));
#9011 = DIRECTION('',(0.,-0.,1.));
#9012 = DIRECTION('',(1.,0.,0.));
#9013 = ADVANCED_FACE('',(#9014),#9032,.F.);
#9014 = FACE_BOUND('',#9015,.T.);
#9015 = EDGE_LOOP('',(#9016,#9017,#9025,#9031));
#9016 = ORIENTED_EDGE('',*,*,#6239,.T.);
#9017 = ORIENTED_EDGE('',*,*,#9018,.F.);
#9018 = EDGE_CURVE('',#9019,#6232,#9021,.T.);
#9019 = VERTEX_POINT('',#9020);
#9020 = CARTESIAN_POINT('',(5.708881340972,8.805,-3.144424836979));
#9021 = LINE('',#9022,#9023);
#9022 = CARTESIAN_POINT('',(5.708881340972,8.805,-3.144424836979));
#9023 = VECTOR('',#9024,1.);
#9024 = DIRECTION('',(-0.,-1.,-0.));
#9025 = ORIENTED_EDGE('',*,*,#9026,.F.);
#9026 = EDGE_CURVE('',#8995,#9019,#9027,.T.);
#9027 = LINE('',#9028,#9029);
#9028 = CARTESIAN_POINT('',(6.056981636408,8.805,-4.354115567485));
#9029 = VECTOR('',#9030,1.);
#9030 = DIRECTION('',(-0.276537975025,0.,0.961002990822));
#9031 = ORIENTED_EDGE('',*,*,#8994,.T.);
#9032 = PLANE('',#9033);
#9033 = AXIS2_PLACEMENT_3D('',#9034,#9035,#9036);
#9034 = CARTESIAN_POINT('',(6.056981636408,8.805,-4.354115567485));
#9035 = DIRECTION('',(0.961002990822,-0.,0.276537975025));
#9036 = DIRECTION('',(0.276537975025,0.,-0.961002990822));
#9037 = ADVANCED_FACE('',(#9038),#9056,.F.);
#9038 = FACE_BOUND('',#9039,.T.);
#9039 = EDGE_LOOP('',(#9040,#9041,#9049,#9055));
#9040 = ORIENTED_EDGE('',*,*,#6231,.T.);
#9041 = ORIENTED_EDGE('',*,*,#9042,.F.);
#9042 = EDGE_CURVE('',#9043,#6224,#9045,.T.);
#9043 = VERTEX_POINT('',#9044);
#9044 = CARTESIAN_POINT('',(7.012090071317,8.805,-3.144424836979));
#9045 = LINE('',#9046,#9047);
#9046 = CARTESIAN_POINT('',(7.012090071317,8.805,-3.144424836979));
#9047 = VECTOR('',#9048,1.);
#9048 = DIRECTION('',(-0.,-1.,-0.));
#9049 = ORIENTED_EDGE('',*,*,#9050,.F.);
#9050 = EDGE_CURVE('',#9019,#9043,#9051,.T.);
#9051 = LINE('',#9052,#9053);
#9052 = CARTESIAN_POINT('',(5.708881340972,8.805,-3.144424836979));
#9053 = VECTOR('',#9054,1.);
#9054 = DIRECTION('',(1.,0.,-3.986449806627E-16));
#9055 = ORIENTED_EDGE('',*,*,#9018,.T.);
#9056 = PLANE('',#9057);
#9057 = AXIS2_PLACEMENT_3D('',#9058,#9059,#9060);
#9058 = CARTESIAN_POINT('',(6.796768784765,8.805,-3.144424836979));
#9059 = DIRECTION('',(0.,0.,-1.));
#9060 = DIRECTION('',(-1.,0.,-0.));
#9061 = ADVANCED_FACE('',(#9062),#9080,.F.);
#9062 = FACE_BOUND('',#9063,.T.);
#9063 = EDGE_LOOP('',(#9064,#9065,#9073,#9079));
#9064 = ORIENTED_EDGE('',*,*,#6223,.T.);
#9065 = ORIENTED_EDGE('',*,*,#9066,.F.);
#9066 = EDGE_CURVE('',#9067,#6216,#9069,.T.);
#9067 = VERTEX_POINT('',#9068);
#9068 = CARTESIAN_POINT('',(7.321315567737,8.805,-4.221380697862));
#9069 = LINE('',#9070,#9071);
#9070 = CARTESIAN_POINT('',(7.321315567737,8.805,-4.221380697862));
#9071 = VECTOR('',#9072,1.);
#9072 = DIRECTION('',(-0.,-1.,-0.));
#9073 = ORIENTED_EDGE('',*,*,#9074,.F.);
#9074 = EDGE_CURVE('',#9043,#9067,#9075,.T.);
#9075 = LINE('',#9076,#9077);
#9076 = CARTESIAN_POINT('',(7.012090071317,8.805,-3.144424836979));
#9077 = VECTOR('',#9078,1.);
#9078 = DIRECTION('',(0.275978236559,0.,-0.961163884541));
#9079 = ORIENTED_EDGE('',*,*,#9042,.T.);
#9080 = PLANE('',#9081);
#9081 = AXIS2_PLACEMENT_3D('',#9082,#9083,#9084);
#9082 = CARTESIAN_POINT('',(7.012090071317,8.805,-3.144424836979));
#9083 = DIRECTION('',(-0.961163884541,0.,-0.275978236559));
#9084 = DIRECTION('',(-0.275978236559,0.,0.961163884541));
#9085 = ADVANCED_FACE('',(#9086),#9104,.F.);
#9086 = FACE_BOUND('',#9087,.T.);
#9087 = EDGE_LOOP('',(#9088,#9089,#9097,#9103));
#9088 = ORIENTED_EDGE('',*,*,#6215,.T.);
#9089 = ORIENTED_EDGE('',*,*,#9090,.F.);
#9090 = EDGE_CURVE('',#9091,#6208,#9093,.T.);
#9091 = VERTEX_POINT('',#9092);
#9092 = CARTESIAN_POINT('',(7.260949101135,8.805,-3.144424836979));
#9093 = LINE('',#9094,#9095);
#9094 = CARTESIAN_POINT('',(7.260949101135,8.805,-3.144424836979));
#9095 = VECTOR('',#9096,1.);
#9096 = DIRECTION('',(-0.,-1.,-0.));
#9097 = ORIENTED_EDGE('',*,*,#9098,.F.);
#9098 = EDGE_CURVE('',#9067,#9091,#9099,.T.);
#9099 = LINE('',#9100,#9101);
#9100 = CARTESIAN_POINT('',(7.321315567737,8.805,-4.221380697862));
#9101 = VECTOR('',#9102,1.);
#9102 = DIRECTION('',(-5.596501978068E-02,0.,0.998432730113));
#9103 = ORIENTED_EDGE('',*,*,#9066,.T.);
#9104 = PLANE('',#9105);
#9105 = AXIS2_PLACEMENT_3D('',#9106,#9107,#9108);
#9106 = CARTESIAN_POINT('',(7.321315567737,8.805,-4.221380697862));
#9107 = DIRECTION('',(0.998432730113,-0.,5.596501978068E-02));
#9108 = DIRECTION('',(5.596501978068E-02,0.,-0.998432730113));
#9109 = ADVANCED_FACE('',(#9110),#9128,.F.);
#9110 = FACE_BOUND('',#9111,.T.);
#9111 = EDGE_LOOP('',(#9112,#9113,#9121,#9127));
#9112 = ORIENTED_EDGE('',*,*,#6207,.T.);
#9113 = ORIENTED_EDGE('',*,*,#9114,.F.);
#9114 = EDGE_CURVE('',#9115,#6200,#9117,.T.);
#9115 = VERTEX_POINT('',#9116);
#9116 = CARTESIAN_POINT('',(7.583441831593,8.805,-3.144424836979));
#9117 = LINE('',#9118,#9119);
#9118 = CARTESIAN_POINT('',(7.583441831593,8.805,-3.144424836979));
#9119 = VECTOR('',#9120,1.);
#9120 = DIRECTION('',(-0.,-1.,-0.));
#9121 = ORIENTED_EDGE('',*,*,#9122,.F.);
#9122 = EDGE_CURVE('',#9091,#9115,#9123,.T.);
#9123 = LINE('',#9124,#9125);
#9124 = CARTESIAN_POINT('',(7.260949101135,8.805,-3.144424836979));
#9125 = VECTOR('',#9126,1.);
#9126 = DIRECTION('',(1.,0.,0.));
#9127 = ORIENTED_EDGE('',*,*,#9090,.T.);
#9128 = PLANE('',#9129);
#9129 = AXIS2_PLACEMENT_3D('',#9130,#9131,#9132);
#9130 = CARTESIAN_POINT('',(7.260949101135,8.805,-3.144424836979));
#9131 = DIRECTION('',(0.,0.,-1.));
#9132 = DIRECTION('',(-1.,0.,-0.));
#9133 = ADVANCED_FACE('',(#9134),#9152,.F.);
#9134 = FACE_BOUND('',#9135,.T.);
#9135 = EDGE_LOOP('',(#9136,#9137,#9145,#9151));
#9136 = ORIENTED_EDGE('',*,*,#6199,.T.);
#9137 = ORIENTED_EDGE('',*,*,#9138,.F.);
#9138 = EDGE_CURVE('',#9139,#6192,#9141,.T.);
#9139 = VERTEX_POINT('',#9140);
#9140 = CARTESIAN_POINT('',(8.154708993482,8.805,-4.226566946818));
#9141 = LINE('',#9142,#9143);
#9142 = CARTESIAN_POINT('',(8.154708993482,8.805,-4.226566946818));
#9143 = VECTOR('',#9144,1.);
#9144 = DIRECTION('',(-0.,-1.,-0.));
#9145 = ORIENTED_EDGE('',*,*,#9146,.F.);
#9146 = EDGE_CURVE('',#9115,#9139,#9147,.T.);
#9147 = LINE('',#9148,#9149);
#9148 = CARTESIAN_POINT('',(7.583441831593,8.805,-3.144424836979));
#9149 = VECTOR('',#9150,1.);
#9150 = DIRECTION('',(0.466845930496,0.,-0.884338666564));
#9151 = ORIENTED_EDGE('',*,*,#9114,.T.);
#9152 = PLANE('',#9153);
#9153 = AXIS2_PLACEMENT_3D('',#9154,#9155,#9156);
#9154 = CARTESIAN_POINT('',(7.583441831593,8.805,-3.144424836979));
#9155 = DIRECTION('',(-0.884338666564,0.,-0.466845930496));
#9156 = DIRECTION('',(-0.466845930496,0.,0.884338666564));
#9157 = ADVANCED_FACE('',(#9158),#9176,.F.);
#9158 = FACE_BOUND('',#9159,.T.);
#9159 = EDGE_LOOP('',(#9160,#9161,#9169,#9175));
#9160 = ORIENTED_EDGE('',*,*,#6191,.T.);
#9161 = ORIENTED_EDGE('',*,*,#9162,.F.);
#9162 = EDGE_CURVE('',#9163,#6184,#9165,.T.);
#9163 = VERTEX_POINT('',#9164);
#9164 = CARTESIAN_POINT('',(7.84395336971,8.805,-3.144424836979));
#9165 = LINE('',#9166,#9167);
#9166 = CARTESIAN_POINT('',(7.84395336971,8.805,-3.144424836979));
#9167 = VECTOR('',#9168,1.);
#9168 = DIRECTION('',(-0.,-1.,-0.));
#9169 = ORIENTED_EDGE('',*,*,#9170,.F.);
#9170 = EDGE_CURVE('',#9139,#9163,#9171,.T.);
#9171 = LINE('',#9172,#9173);
#9172 = CARTESIAN_POINT('',(8.154708993482,8.805,-4.226566946818));
#9173 = VECTOR('',#9174,1.);
#9174 = DIRECTION('',(-0.276011881897,0.,0.961154223344));
#9175 = ORIENTED_EDGE('',*,*,#9138,.T.);
#9176 = PLANE('',#9177);
#9177 = AXIS2_PLACEMENT_3D('',#9178,#9179,#9180);
#9178 = CARTESIAN_POINT('',(8.154708993482,8.805,-4.226566946818));
#9179 = DIRECTION('',(0.961154223344,-0.,0.276011881897));
#9180 = DIRECTION('',(0.276011881897,0.,-0.961154223344));
#9181 = ADVANCED_FACE('',(#9182),#9200,.F.);
#9182 = FACE_BOUND('',#9183,.T.);
#9183 = EDGE_LOOP('',(#9184,#9185,#9193,#9199));
#9184 = ORIENTED_EDGE('',*,*,#6183,.T.);
#9185 = ORIENTED_EDGE('',*,*,#9186,.F.);
#9186 = EDGE_CURVE('',#9187,#6176,#9189,.T.);
#9187 = VERTEX_POINT('',#9188);
#9188 = CARTESIAN_POINT('',(8.151354483517,8.805,-3.144424836979));
#9189 = LINE('',#9190,#9191);
#9190 = CARTESIAN_POINT('',(8.151354483517,8.805,-3.144424836979));
#9191 = VECTOR('',#9192,1.);
#9192 = DIRECTION('',(-0.,-1.,-0.));
#9193 = ORIENTED_EDGE('',*,*,#9194,.F.);
#9194 = EDGE_CURVE('',#9163,#9187,#9195,.T.);
#9195 = LINE('',#9196,#9197);
#9196 = CARTESIAN_POINT('',(7.84395336971,8.805,-3.144424836979));
#9197 = VECTOR('',#9198,1.);
#9198 = DIRECTION('',(1.,0.,0.));
#9199 = ORIENTED_EDGE('',*,*,#9162,.T.);
#9200 = PLANE('',#9201);
#9201 = AXIS2_PLACEMENT_3D('',#9202,#9203,#9204);
#9202 = CARTESIAN_POINT('',(7.84395336971,8.805,-3.144424836979));
#9203 = DIRECTION('',(0.,0.,-1.));
#9204 = DIRECTION('',(-1.,0.,-0.));
#9205 = ADVANCED_FACE('',(#9206),#9217,.F.);
#9206 = FACE_BOUND('',#9207,.T.);
#9207 = EDGE_LOOP('',(#9208,#9209,#9210,#9216));
#9208 = ORIENTED_EDGE('',*,*,#6175,.T.);
#9209 = ORIENTED_EDGE('',*,*,#8691,.F.);
#9210 = ORIENTED_EDGE('',*,*,#9211,.F.);
#9211 = EDGE_CURVE('',#9187,#8684,#9212,.T.);
#9212 = LINE('',#9213,#9214);
#9213 = CARTESIAN_POINT('',(8.151354483517,8.805,-3.144424836979));
#9214 = VECTOR('',#9215,1.);
#9215 = DIRECTION('',(0.276313970254,0.,-0.961067422111));
#9216 = ORIENTED_EDGE('',*,*,#9186,.T.);
#9217 = PLANE('',#9218);
#9218 = AXIS2_PLACEMENT_3D('',#9219,#9220,#9221);
#9219 = CARTESIAN_POINT('',(8.151354483517,8.805,-3.144424836979));
#9220 = DIRECTION('',(-0.961067422111,0.,-0.276313970254));
#9221 = DIRECTION('',(-0.276313970254,0.,0.961067422111));
#9222 = ADVANCED_FACE('',(#9223),#9248,.F.);
#9223 = FACE_BOUND('',#9224,.T.);
#9224 = EDGE_LOOP('',(#9225,#9226,#9227,#9228,#9229,#9230,#9231,#9232,
    #9233,#9234,#9235,#9236,#9237,#9238,#9239,#9240,#9241,#9242,#9243,
    #9244,#9245,#9246,#9247));
#9225 = ORIENTED_EDGE('',*,*,#8683,.T.);
#9226 = ORIENTED_EDGE('',*,*,#8714,.T.);
#9227 = ORIENTED_EDGE('',*,*,#8738,.T.);
#9228 = ORIENTED_EDGE('',*,*,#8762,.T.);
#9229 = ORIENTED_EDGE('',*,*,#8786,.T.);
#9230 = ORIENTED_EDGE('',*,*,#8810,.T.);
#9231 = ORIENTED_EDGE('',*,*,#8834,.T.);
#9232 = ORIENTED_EDGE('',*,*,#8858,.T.);
#9233 = ORIENTED_EDGE('',*,*,#8882,.T.);
#9234 = ORIENTED_EDGE('',*,*,#8906,.T.);
#9235 = ORIENTED_EDGE('',*,*,#8930,.T.);
#9236 = ORIENTED_EDGE('',*,*,#8954,.T.);
#9237 = ORIENTED_EDGE('',*,*,#8978,.T.);
#9238 = ORIENTED_EDGE('',*,*,#9002,.T.);
#9239 = ORIENTED_EDGE('',*,*,#9026,.T.);
#9240 = ORIENTED_EDGE('',*,*,#9050,.T.);
#9241 = ORIENTED_EDGE('',*,*,#9074,.T.);
#9242 = ORIENTED_EDGE('',*,*,#9098,.T.);
#9243 = ORIENTED_EDGE('',*,*,#9122,.T.);
#9244 = ORIENTED_EDGE('',*,*,#9146,.T.);
#9245 = ORIENTED_EDGE('',*,*,#9170,.T.);
#9246 = ORIENTED_EDGE('',*,*,#9194,.T.);
#9247 = ORIENTED_EDGE('',*,*,#9211,.T.);
#9248 = PLANE('',#9249);
#9249 = AXIS2_PLACEMENT_3D('',#9250,#9251,#9252);
#9250 = CARTESIAN_POINT('',(0.,8.805,0.));
#9251 = DIRECTION('',(0.,-1.,-0.));
#9252 = DIRECTION('',(0.,0.,-1.));
#9253 = ADVANCED_FACE('',(#9254),#9279,.F.);
#9254 = FACE_BOUND('',#9255,.T.);
#9255 = EDGE_LOOP('',(#9256,#9257,#9265,#9273));
#9256 = ORIENTED_EDGE('',*,*,#6475,.T.);
#9257 = ORIENTED_EDGE('',*,*,#9258,.F.);
#9258 = EDGE_CURVE('',#9259,#6478,#9261,.T.);
#9259 = VERTEX_POINT('',#9260);
#9260 = CARTESIAN_POINT('',(9.476216722813,8.805,-4.122257135316));
#9261 = LINE('',#9262,#9263);
#9262 = CARTESIAN_POINT('',(9.476216722813,8.805,-4.122257135316));
#9263 = VECTOR('',#9264,1.);
#9264 = DIRECTION('',(-0.,-1.,-0.));
#9265 = ORIENTED_EDGE('',*,*,#9266,.F.);
#9266 = EDGE_CURVE('',#9267,#9259,#9269,.T.);
#9267 = VERTEX_POINT('',#9268);
#9268 = CARTESIAN_POINT('',(8.921869238378,8.805,-4.123816688194));
#9269 = LINE('',#9270,#9271);
#9270 = CARTESIAN_POINT('',(8.921869238378,8.805,-4.123816688194));
#9271 = VECTOR('',#9272,1.);
#9272 = DIRECTION('',(0.999996042659,0.,2.813301676023E-03));
#9273 = ORIENTED_EDGE('',*,*,#9274,.T.);
#9274 = EDGE_CURVE('',#9267,#6476,#9275,.T.);
#9275 = LINE('',#9276,#9277);
#9276 = CARTESIAN_POINT('',(8.921869238378,8.805,-4.123816688194));
#9277 = VECTOR('',#9278,1.);
#9278 = DIRECTION('',(-0.,-1.,-0.));
#9279 = PLANE('',#9280);
#9280 = AXIS2_PLACEMENT_3D('',#9281,#9282,#9283);
#9281 = CARTESIAN_POINT('',(8.921869238378,8.805,-4.123816688194));
#9282 = DIRECTION('',(2.813301676023E-03,0.,-0.999996042659));
#9283 = DIRECTION('',(-0.999996042659,0.,-2.813301676023E-03));
#9284 = ADVANCED_FACE('',(#9285),#9303,.F.);
#9285 = FACE_BOUND('',#9286,.T.);
#9286 = EDGE_LOOP('',(#9287,#9288,#9296,#9302));
#9287 = ORIENTED_EDGE('',*,*,#6605,.T.);
#9288 = ORIENTED_EDGE('',*,*,#9289,.F.);
#9289 = EDGE_CURVE('',#9290,#6598,#9292,.T.);
#9290 = VERTEX_POINT('',#9291);
#9291 = CARTESIAN_POINT('',(9.843976946841,8.805,-4.120546776616));
#9292 = LINE('',#9293,#9294);
#9293 = CARTESIAN_POINT('',(9.843976946841,8.805,-4.120546776616));
#9294 = VECTOR('',#9295,1.);
#9295 = DIRECTION('',(-0.,-1.,-0.));
#9296 = ORIENTED_EDGE('',*,*,#9297,.F.);
#9297 = EDGE_CURVE('',#9259,#9290,#9298,.T.);
#9298 = LINE('',#9299,#9300);
#9299 = CARTESIAN_POINT('',(9.476216722813,8.805,-4.122257135316));
#9300 = VECTOR('',#9301,1.);
#9301 = DIRECTION('',(0.999989185465,0.,4.650693823681E-03));
#9302 = ORIENTED_EDGE('',*,*,#9258,.T.);
#9303 = PLANE('',#9304);
#9304 = AXIS2_PLACEMENT_3D('',#9305,#9306,#9307);
#9305 = CARTESIAN_POINT('',(9.476216722813,8.805,-4.122257135316));
#9306 = DIRECTION('',(4.650693823681E-03,0.,-0.999989185465));
#9307 = DIRECTION('',(-0.999989185465,0.,-4.650693823681E-03));
#9308 = ADVANCED_FACE('',(#9309),#9327,.F.);
#9309 = FACE_BOUND('',#9310,.T.);
#9310 = EDGE_LOOP('',(#9311,#9312,#9320,#9326));
#9311 = ORIENTED_EDGE('',*,*,#6597,.T.);
#9312 = ORIENTED_EDGE('',*,*,#9313,.F.);
#9313 = EDGE_CURVE('',#9314,#6590,#9316,.T.);
#9314 = VERTEX_POINT('',#9315);
#9315 = CARTESIAN_POINT('',(9.563330992555,8.805,-3.144424836979));
#9316 = LINE('',#9317,#9318);
#9317 = CARTESIAN_POINT('',(9.563330992555,8.805,-3.144424836979));
#9318 = VECTOR('',#9319,1.);
#9319 = DIRECTION('',(-0.,-1.,-0.));
#9320 = ORIENTED_EDGE('',*,*,#9321,.F.);
#9321 = EDGE_CURVE('',#9290,#9314,#9322,.T.);
#9322 = LINE('',#9323,#9324);
#9323 = CARTESIAN_POINT('',(9.843976946841,8.805,-4.120546776616));
#9324 = VECTOR('',#9325,1.);
#9325 = DIRECTION('',(-0.276317334357,0.,0.9610664549));
#9326 = ORIENTED_EDGE('',*,*,#9289,.T.);
#9327 = PLANE('',#9328);
#9328 = AXIS2_PLACEMENT_3D('',#9329,#9330,#9331);
#9329 = CARTESIAN_POINT('',(9.843976946841,8.805,-4.120546776616));
#9330 = DIRECTION('',(0.9610664549,-0.,0.276317334357));
#9331 = DIRECTION('',(0.276317334357,0.,-0.9610664549));
#9332 = ADVANCED_FACE('',(#9333),#9351,.F.);
#9333 = FACE_BOUND('',#9334,.T.);
#9334 = EDGE_LOOP('',(#9335,#9336,#9344,#9350));
#9335 = ORIENTED_EDGE('',*,*,#6589,.T.);
#9336 = ORIENTED_EDGE('',*,*,#9337,.F.);
#9337 = EDGE_CURVE('',#9338,#6582,#9340,.T.);
#9338 = VERTEX_POINT('',#9339);
#9339 = CARTESIAN_POINT('',(9.907925971235,8.805,-3.144424836979));
#9340 = LINE('',#9341,#9342);
#9341 = CARTESIAN_POINT('',(9.907925971235,8.805,-3.144424836979));
#9342 = VECTOR('',#9343,1.);
#9343 = DIRECTION('',(-0.,-1.,-0.));
#9344 = ORIENTED_EDGE('',*,*,#9345,.F.);
#9345 = EDGE_CURVE('',#9314,#9338,#9346,.T.);
#9346 = LINE('',#9347,#9348);
#9347 = CARTESIAN_POINT('',(9.563330992555,8.805,-3.144424836979));
#9348 = VECTOR('',#9349,1.);
#9349 = DIRECTION('',(1.,0.,0.));
#9350 = ORIENTED_EDGE('',*,*,#9313,.T.);
#9351 = PLANE('',#9352);
#9352 = AXIS2_PLACEMENT_3D('',#9353,#9354,#9355);
#9353 = CARTESIAN_POINT('',(9.563330992555,8.805,-3.144424836979));
#9354 = DIRECTION('',(0.,0.,-1.));
#9355 = DIRECTION('',(-1.,0.,-0.));
#9356 = ADVANCED_FACE('',(#9357),#9375,.F.);
#9357 = FACE_BOUND('',#9358,.T.);
#9358 = EDGE_LOOP('',(#9359,#9360,#9368,#9374));
#9359 = ORIENTED_EDGE('',*,*,#6581,.T.);
#9360 = ORIENTED_EDGE('',*,*,#9361,.F.);
#9361 = EDGE_CURVE('',#9362,#6574,#9364,.T.);
#9362 = VERTEX_POINT('',#9363);
#9363 = CARTESIAN_POINT('',(10.188491005324,8.805,-4.120546776613));
#9364 = LINE('',#9365,#9366);
#9365 = CARTESIAN_POINT('',(10.188491005324,8.805,-4.120546776613));
#9366 = VECTOR('',#9367,1.);
#9367 = DIRECTION('',(-0.,-1.,-0.));
#9368 = ORIENTED_EDGE('',*,*,#9369,.F.);
#9369 = EDGE_CURVE('',#9338,#9362,#9370,.T.);
#9370 = LINE('',#9371,#9372);
#9371 = CARTESIAN_POINT('',(9.907925971235,8.805,-3.144424836979));
#9372 = VECTOR('',#9373,1.);
#9373 = DIRECTION('',(0.276243742892,0.,-0.961087610217));
#9374 = ORIENTED_EDGE('',*,*,#9337,.T.);
#9375 = PLANE('',#9376);
#9376 = AXIS2_PLACEMENT_3D('',#9377,#9378,#9379);
#9377 = CARTESIAN_POINT('',(9.907925971235,8.805,-3.144424836979));
#9378 = DIRECTION('',(-0.961087610217,0.,-0.276243742892));
#9379 = DIRECTION('',(-0.276243742892,0.,0.961087610217));
#9380 = ADVANCED_FACE('',(#9381),#9399,.F.);
#9381 = FACE_BOUND('',#9382,.T.);
#9382 = EDGE_LOOP('',(#9383,#9384,#9392,#9398));
#9383 = ORIENTED_EDGE('',*,*,#6573,.T.);
#9384 = ORIENTED_EDGE('',*,*,#9385,.F.);
#9385 = EDGE_CURVE('',#9386,#6566,#9388,.T.);
#9386 = VERTEX_POINT('',#9387);
#9387 = CARTESIAN_POINT('',(10.519693163722,8.805,-4.12052048298));
#9388 = LINE('',#9389,#9390);
#9389 = CARTESIAN_POINT('',(10.519693163722,8.805,-4.12052048298));
#9390 = VECTOR('',#9391,1.);
#9391 = DIRECTION('',(-0.,-1.,-0.));
#9392 = ORIENTED_EDGE('',*,*,#9393,.F.);
#9393 = EDGE_CURVE('',#9362,#9386,#9394,.T.);
#9394 = LINE('',#9395,#9396);
#9395 = CARTESIAN_POINT('',(10.188491005324,8.805,-4.120546776613));
#9396 = VECTOR('',#9397,1.);
#9397 = DIRECTION('',(0.999999996849,0.,7.938847109813E-05));
#9398 = ORIENTED_EDGE('',*,*,#9361,.T.);
#9399 = PLANE('',#9400);
#9400 = AXIS2_PLACEMENT_3D('',#9401,#9402,#9403);
#9401 = CARTESIAN_POINT('',(10.188491005324,8.805,-4.120546776613));
#9402 = DIRECTION('',(7.938847109813E-05,0.,-0.999999996849));
#9403 = DIRECTION('',(-0.999999996849,0.,-7.938847109813E-05));
#9404 = ADVANCED_FACE('',(#9405),#9423,.F.);
#9405 = FACE_BOUND('',#9406,.T.);
#9406 = EDGE_LOOP('',(#9407,#9408,#9416,#9422));
#9407 = ORIENTED_EDGE('',*,*,#6565,.T.);
#9408 = ORIENTED_EDGE('',*,*,#9409,.F.);
#9409 = EDGE_CURVE('',#9410,#6558,#9412,.T.);
#9410 = VERTEX_POINT('',#9411);
#9411 = CARTESIAN_POINT('',(10.586824351845,8.805,-4.354115567485));
#9412 = LINE('',#9413,#9414);
#9413 = CARTESIAN_POINT('',(10.586824351845,8.805,-4.354115567485));
#9414 = VECTOR('',#9415,1.);
#9415 = DIRECTION('',(-0.,-1.,-0.));
#9416 = ORIENTED_EDGE('',*,*,#9417,.F.);
#9417 = EDGE_CURVE('',#9386,#9410,#9418,.T.);
#9418 = LINE('',#9419,#9420);
#9419 = CARTESIAN_POINT('',(10.519693163722,8.805,-4.12052048298));
#9420 = VECTOR('',#9421,1.);
#9421 = DIRECTION('',(0.276203301029,0.,-0.961099233431));
#9422 = ORIENTED_EDGE('',*,*,#9385,.T.);
#9423 = PLANE('',#9424);
#9424 = AXIS2_PLACEMENT_3D('',#9425,#9426,#9427);
#9425 = CARTESIAN_POINT('',(10.519693163722,8.805,-4.12052048298));
#9426 = DIRECTION('',(-0.961099233431,0.,-0.276203301029));
#9427 = DIRECTION('',(-0.276203301029,0.,0.961099233431));
#9428 = ADVANCED_FACE('',(#9429),#9447,.F.);
#9429 = FACE_BOUND('',#9430,.T.);
#9430 = EDGE_LOOP('',(#9431,#9432,#9440,#9446));
#9431 = ORIENTED_EDGE('',*,*,#6557,.T.);
#9432 = ORIENTED_EDGE('',*,*,#9433,.F.);
#9433 = EDGE_CURVE('',#9434,#6550,#9436,.T.);
#9434 = VERTEX_POINT('',#9435);
#9435 = CARTESIAN_POINT('',(8.64488676305,8.805,-4.354115567485));
#9436 = LINE('',#9437,#9438);
#9437 = CARTESIAN_POINT('',(8.64488676305,8.805,-4.354115567485));
#9438 = VECTOR('',#9439,1.);
#9439 = DIRECTION('',(-0.,-1.,-0.));
#9440 = ORIENTED_EDGE('',*,*,#9441,.F.);
#9441 = EDGE_CURVE('',#9410,#9434,#9442,.T.);
#9442 = LINE('',#9443,#9444);
#9443 = CARTESIAN_POINT('',(10.586824351845,8.805,-4.354115567485));
#9444 = VECTOR('',#9445,1.);
#9445 = DIRECTION('',(-1.,0.,0.));
#9446 = ORIENTED_EDGE('',*,*,#9409,.T.);
#9447 = PLANE('',#9448);
#9448 = AXIS2_PLACEMENT_3D('',#9449,#9450,#9451);
#9449 = CARTESIAN_POINT('',(9.542909678478,8.805,-4.354115567485));
#9450 = DIRECTION('',(0.,-0.,1.));
#9451 = DIRECTION('',(1.,0.,0.));
#9452 = ADVANCED_FACE('',(#9453),#9471,.F.);
#9453 = FACE_BOUND('',#9454,.T.);
#9454 = EDGE_LOOP('',(#9455,#9456,#9464,#9470));
#9455 = ORIENTED_EDGE('',*,*,#6549,.T.);
#9456 = ORIENTED_EDGE('',*,*,#9457,.F.);
#9457 = EDGE_CURVE('',#9458,#6542,#9460,.T.);
#9458 = VERTEX_POINT('',#9459);
#9459 = CARTESIAN_POINT('',(8.296937273434,8.805,-3.144424836979));
#9460 = LINE('',#9461,#9462);
#9461 = CARTESIAN_POINT('',(8.296937273434,8.805,-3.144424836979));
#9462 = VECTOR('',#9463,1.);
#9463 = DIRECTION('',(-0.,-1.,-0.));
#9464 = ORIENTED_EDGE('',*,*,#9465,.F.);
#9465 = EDGE_CURVE('',#9434,#9458,#9466,.T.);
#9466 = LINE('',#9467,#9468);
#9467 = CARTESIAN_POINT('',(8.64488676305,8.805,-4.354115567485));
#9468 = VECTOR('',#9469,1.);
#9469 = DIRECTION('',(-0.276427328049,0.,0.961034823671));
#9470 = ORIENTED_EDGE('',*,*,#9433,.T.);
#9471 = PLANE('',#9472);
#9472 = AXIS2_PLACEMENT_3D('',#9473,#9474,#9475);
#9473 = CARTESIAN_POINT('',(8.64488676305,8.805,-4.354115567485));
#9474 = DIRECTION('',(0.961034823671,-0.,0.276427328049));
#9475 = DIRECTION('',(0.276427328049,0.,-0.961034823671));
#9476 = ADVANCED_FACE('',(#9477),#9495,.F.);
#9477 = FACE_BOUND('',#9478,.T.);
#9478 = EDGE_LOOP('',(#9479,#9480,#9488,#9494));
#9479 = ORIENTED_EDGE('',*,*,#6541,.T.);
#9480 = ORIENTED_EDGE('',*,*,#9481,.F.);
#9481 = EDGE_CURVE('',#9482,#6534,#9484,.T.);
#9482 = VERTEX_POINT('',#9483);
#9483 = CARTESIAN_POINT('',(9.210894111194,8.805,-3.144424836979));
#9484 = LINE('',#9485,#9486);
#9485 = CARTESIAN_POINT('',(9.210894111194,8.805,-3.144424836979));
#9486 = VECTOR('',#9487,1.);
#9487 = DIRECTION('',(-0.,-1.,-0.));
#9488 = ORIENTED_EDGE('',*,*,#9489,.F.);
#9489 = EDGE_CURVE('',#9458,#9482,#9490,.T.);
#9490 = LINE('',#9491,#9492);
#9491 = CARTESIAN_POINT('',(8.296937273434,8.805,-3.144424836979));
#9492 = VECTOR('',#9493,1.);
#9493 = DIRECTION('',(1.,0.,-4.745091355267E-16));
#9494 = ORIENTED_EDGE('',*,*,#9457,.T.);
#9495 = PLANE('',#9496);
#9496 = AXIS2_PLACEMENT_3D('',#9497,#9498,#9499);
#9497 = CARTESIAN_POINT('',(8.296937273434,8.805,-3.144424836979));
#9498 = DIRECTION('',(-4.745091355267E-16,0.,-1.));
#9499 = DIRECTION('',(-1.,0.,4.745091355267E-16));
#9500 = ADVANCED_FACE('',(#9501),#9519,.F.);
#9501 = FACE_BOUND('',#9502,.T.);
#9502 = EDGE_LOOP('',(#9503,#9504,#9512,#9518));
#9503 = ORIENTED_EDGE('',*,*,#6533,.T.);
#9504 = ORIENTED_EDGE('',*,*,#9505,.F.);
#9505 = EDGE_CURVE('',#9506,#6526,#9508,.T.);
#9506 = VERTEX_POINT('',#9507);
#9507 = CARTESIAN_POINT('',(9.276211422547,8.805,-3.374613370544));
#9508 = LINE('',#9509,#9510);
#9509 = CARTESIAN_POINT('',(9.276211422547,8.805,-3.374613370544));
#9510 = VECTOR('',#9511,1.);
#9511 = DIRECTION('',(-0.,-1.,-0.));
#9512 = ORIENTED_EDGE('',*,*,#9513,.F.);
#9513 = EDGE_CURVE('',#9482,#9506,#9514,.T.);
#9514 = LINE('',#9515,#9516);
#9515 = CARTESIAN_POINT('',(9.210894111194,8.805,-3.144424836979));
#9516 = VECTOR('',#9517,1.);
#9517 = DIRECTION('',(0.27297869307,0.,-0.96202007938));
#9518 = ORIENTED_EDGE('',*,*,#9481,.T.);
#9519 = PLANE('',#9520);
#9520 = AXIS2_PLACEMENT_3D('',#9521,#9522,#9523);
#9521 = CARTESIAN_POINT('',(9.210894111194,8.805,-3.144424836979));
#9522 = DIRECTION('',(-0.96202007938,0.,-0.27297869307));
#9523 = DIRECTION('',(-0.27297869307,0.,0.96202007938));
#9524 = ADVANCED_FACE('',(#9525),#9543,.F.);
#9525 = FACE_BOUND('',#9526,.T.);
#9526 = EDGE_LOOP('',(#9527,#9528,#9536,#9542));
#9527 = ORIENTED_EDGE('',*,*,#6525,.T.);
#9528 = ORIENTED_EDGE('',*,*,#9529,.F.);
#9529 = EDGE_CURVE('',#9530,#6518,#9532,.T.);
#9530 = VERTEX_POINT('',#9531);
#9531 = CARTESIAN_POINT('',(8.706775999652,8.805,-3.374613370544));
#9532 = LINE('',#9533,#9534);
#9533 = CARTESIAN_POINT('',(8.706775999652,8.805,-3.374613370544));
#9534 = VECTOR('',#9535,1.);
#9535 = DIRECTION('',(-0.,-1.,-0.));
#9536 = ORIENTED_EDGE('',*,*,#9537,.F.);
#9537 = EDGE_CURVE('',#9506,#9530,#9538,.T.);
#9538 = LINE('',#9539,#9540);
#9539 = CARTESIAN_POINT('',(9.276211422547,8.805,-3.374613370544));
#9540 = VECTOR('',#9541,1.);
#9541 = DIRECTION('',(-1.,0.,0.));
#9542 = ORIENTED_EDGE('',*,*,#9505,.T.);
#9543 = PLANE('',#9544);
#9544 = AXIS2_PLACEMENT_3D('',#9545,#9546,#9547);
#9545 = CARTESIAN_POINT('',(9.276211422547,8.805,-3.374613370544));
#9546 = DIRECTION('',(0.,-0.,1.));
#9547 = DIRECTION('',(1.,0.,0.));
#9548 = ADVANCED_FACE('',(#9549),#9567,.F.);
#9549 = FACE_BOUND('',#9550,.T.);
#9550 = EDGE_LOOP('',(#9551,#9552,#9560,#9566));
#9551 = ORIENTED_EDGE('',*,*,#6517,.T.);
#9552 = ORIENTED_EDGE('',*,*,#9553,.F.);
#9553 = EDGE_CURVE('',#9554,#6510,#9556,.T.);
#9554 = VERTEX_POINT('',#9555);
#9555 = CARTESIAN_POINT('',(8.79259554625,8.805,-3.675224544226));
#9556 = LINE('',#9557,#9558);
#9557 = CARTESIAN_POINT('',(8.79259554625,8.805,-3.675224544226));
#9558 = VECTOR('',#9559,1.);
#9559 = DIRECTION('',(-0.,-1.,-0.));
#9560 = ORIENTED_EDGE('',*,*,#9561,.F.);
#9561 = EDGE_CURVE('',#9530,#9554,#9562,.T.);
#9562 = LINE('',#9563,#9564);
#9563 = CARTESIAN_POINT('',(8.706775999652,8.805,-3.374613370544));
#9564 = VECTOR('',#9565,1.);
#9565 = DIRECTION('',(0.274515999857,0.,-0.961582531987));
#9566 = ORIENTED_EDGE('',*,*,#9529,.T.);
#9567 = PLANE('',#9568);
#9568 = AXIS2_PLACEMENT_3D('',#9569,#9570,#9571);
#9569 = CARTESIAN_POINT('',(8.706775999652,8.805,-3.374613370544));
#9570 = DIRECTION('',(-0.961582531987,0.,-0.274515999857));
#9571 = DIRECTION('',(-0.274515999857,0.,0.961582531987));
#9572 = ADVANCED_FACE('',(#9573),#9591,.F.);
#9573 = FACE_BOUND('',#9574,.T.);
#9574 = EDGE_LOOP('',(#9575,#9576,#9584,#9590));
#9575 = ORIENTED_EDGE('',*,*,#6509,.T.);
#9576 = ORIENTED_EDGE('',*,*,#9577,.F.);
#9577 = EDGE_CURVE('',#9578,#6502,#9580,.T.);
#9578 = VERTEX_POINT('',#9579);
#9579 = CARTESIAN_POINT('',(9.311654468622,8.805,-3.675224544226));
#9580 = LINE('',#9581,#9582);
#9581 = CARTESIAN_POINT('',(9.311654468622,8.805,-3.675224544226));
#9582 = VECTOR('',#9583,1.);
#9583 = DIRECTION('',(-0.,-1.,-0.));
#9584 = ORIENTED_EDGE('',*,*,#9585,.F.);
#9585 = EDGE_CURVE('',#9554,#9578,#9586,.T.);
#9586 = LINE('',#9587,#9588);
#9587 = CARTESIAN_POINT('',(8.79259554625,8.805,-3.675224544226));
#9588 = VECTOR('',#9589,1.);
#9589 = DIRECTION('',(1.,0.,0.));
#9590 = ORIENTED_EDGE('',*,*,#9553,.T.);
#9591 = PLANE('',#9592);
#9592 = AXIS2_PLACEMENT_3D('',#9593,#9594,#9595);
#9593 = CARTESIAN_POINT('',(8.79259554625,8.805,-3.675224544226));
#9594 = DIRECTION('',(0.,0.,-1.));
#9595 = DIRECTION('',(-1.,0.,-0.));
#9596 = ADVANCED_FACE('',(#9597),#9615,.F.);
#9597 = FACE_BOUND('',#9598,.T.);
#9598 = EDGE_LOOP('',(#9599,#9600,#9608,#9614));
#9599 = ORIENTED_EDGE('',*,*,#6501,.T.);
#9600 = ORIENTED_EDGE('',*,*,#9601,.F.);
#9601 = EDGE_CURVE('',#9602,#6494,#9604,.T.);
#9602 = VERTEX_POINT('',#9603);
#9603 = CARTESIAN_POINT('',(9.3755299292,8.805,-3.898814403586));
#9604 = LINE('',#9605,#9606);
#9605 = CARTESIAN_POINT('',(9.3755299292,8.805,-3.898814403586));
#9606 = VECTOR('',#9607,1.);
#9607 = DIRECTION('',(-0.,-1.,-0.));
#9608 = ORIENTED_EDGE('',*,*,#9609,.F.);
#9609 = EDGE_CURVE('',#9578,#9602,#9610,.T.);
#9610 = LINE('',#9611,#9612);
#9611 = CARTESIAN_POINT('',(9.311654468622,8.805,-3.675224544226));
#9612 = VECTOR('',#9613,1.);
#9613 = DIRECTION('',(0.274691879767,0.,-0.961532303768));
#9614 = ORIENTED_EDGE('',*,*,#9577,.T.);
#9615 = PLANE('',#9616);
#9616 = AXIS2_PLACEMENT_3D('',#9617,#9618,#9619);
#9617 = CARTESIAN_POINT('',(9.311654468622,8.805,-3.675224544226));
#9618 = DIRECTION('',(-0.961532303768,0.,-0.274691879767));
#9619 = DIRECTION('',(-0.274691879767,0.,0.961532303768));
#9620 = ADVANCED_FACE('',(#9621),#9639,.F.);
#9621 = FACE_BOUND('',#9622,.T.);
#9622 = EDGE_LOOP('',(#9623,#9624,#9632,#9638));
#9623 = ORIENTED_EDGE('',*,*,#6493,.T.);
#9624 = ORIENTED_EDGE('',*,*,#9625,.F.);
#9625 = EDGE_CURVE('',#9626,#6486,#9628,.T.);
#9626 = VERTEX_POINT('',#9627);
#9627 = CARTESIAN_POINT('',(8.856397443013,8.805,-3.898814403586));
#9628 = LINE('',#9629,#9630);
#9629 = CARTESIAN_POINT('',(8.856397443013,8.805,-3.898814403586));
#9630 = VECTOR('',#9631,1.);
#9631 = DIRECTION('',(-0.,-1.,-0.));
#9632 = ORIENTED_EDGE('',*,*,#9633,.F.);
#9633 = EDGE_CURVE('',#9602,#9626,#9634,.T.);
#9634 = LINE('',#9635,#9636);
#9635 = CARTESIAN_POINT('',(9.3755299292,8.805,-3.898814403586));
#9636 = VECTOR('',#9637,1.);
#9637 = DIRECTION('',(-1.,0.,0.));
#9638 = ORIENTED_EDGE('',*,*,#9601,.T.);
#9639 = PLANE('',#9640);
#9640 = AXIS2_PLACEMENT_3D('',#9641,#9642,#9643);
#9641 = CARTESIAN_POINT('',(9.3755299292,8.805,-3.898814403586));
#9642 = DIRECTION('',(0.,-0.,1.));
#9643 = DIRECTION('',(1.,0.,0.));
#9644 = ADVANCED_FACE('',(#9645),#9656,.F.);
#9645 = FACE_BOUND('',#9646,.T.);
#9646 = EDGE_LOOP('',(#9647,#9648,#9649,#9655));
#9647 = ORIENTED_EDGE('',*,*,#6485,.T.);
#9648 = ORIENTED_EDGE('',*,*,#9274,.F.);
#9649 = ORIENTED_EDGE('',*,*,#9650,.F.);
#9650 = EDGE_CURVE('',#9626,#9267,#9651,.T.);
#9651 = LINE('',#9652,#9653);
#9652 = CARTESIAN_POINT('',(8.856397443013,8.805,-3.898814403586));
#9653 = VECTOR('',#9654,1.);
#9654 = DIRECTION('',(0.279394794081,0.,-0.960176311435));
#9655 = ORIENTED_EDGE('',*,*,#9625,.T.);
#9656 = PLANE('',#9657);
#9657 = AXIS2_PLACEMENT_3D('',#9658,#9659,#9660);
#9658 = CARTESIAN_POINT('',(8.856397443013,8.805,-3.898814403586));
#9659 = DIRECTION('',(-0.960176311435,0.,-0.279394794081));
#9660 = DIRECTION('',(-0.279394794081,0.,0.960176311435));
#9661 = ADVANCED_FACE('',(#9662),#9681,.T.);
#9662 = FACE_BOUND('',#9663,.T.);
#9663 = EDGE_LOOP('',(#9664,#9665,#9666,#9667,#9668,#9669,#9670,#9671,
    #9672,#9673,#9674,#9675,#9676,#9677,#9678,#9679,#9680));
#9664 = ORIENTED_EDGE('',*,*,#9266,.T.);
#9665 = ORIENTED_EDGE('',*,*,#9297,.T.);
#9666 = ORIENTED_EDGE('',*,*,#9321,.T.);
#9667 = ORIENTED_EDGE('',*,*,#9345,.T.);
#9668 = ORIENTED_EDGE('',*,*,#9369,.T.);
#9669 = ORIENTED_EDGE('',*,*,#9393,.T.);
#9670 = ORIENTED_EDGE('',*,*,#9417,.T.);
#9671 = ORIENTED_EDGE('',*,*,#9441,.T.);
#9672 = ORIENTED_EDGE('',*,*,#9465,.T.);
#9673 = ORIENTED_EDGE('',*,*,#9489,.T.);
#9674 = ORIENTED_EDGE('',*,*,#9513,.T.);
#9675 = ORIENTED_EDGE('',*,*,#9537,.T.);
#9676 = ORIENTED_EDGE('',*,*,#9561,.T.);
#9677 = ORIENTED_EDGE('',*,*,#9585,.T.);
#9678 = ORIENTED_EDGE('',*,*,#9609,.T.);
#9679 = ORIENTED_EDGE('',*,*,#9633,.T.);
#9680 = ORIENTED_EDGE('',*,*,#9650,.T.);
#9681 = PLANE('',#9682);
#9682 = AXIS2_PLACEMENT_3D('',#9683,#9684,#9685);
#9683 = CARTESIAN_POINT('',(0.,8.805,0.));
#9684 = DIRECTION('',(-0.,1.,0.));
#9685 = DIRECTION('',(0.,0.,1.));
#9686 = ( GEOMETRIC_REPRESENTATION_CONTEXT(3) 
GLOBAL_UNCERTAINTY_ASSIGNED_CONTEXT((#9690)) 
GLOBAL_UNIT_ASSIGNED_CONTEXT((#9687,#9688,#9689)) REPRESENTATION_CONTEXT
('Context #1','3D Context with UNIT and UNCERTAINTY') );
#9687 = ( LENGTH_UNIT() NAMED_UNIT(*) SI_UNIT(.MILLI.,.METRE.) );
#9688 = ( NAMED_UNIT(*) PLANE_ANGLE_UNIT() SI_UNIT($,.RADIAN.) );
#9689 = ( NAMED_UNIT(*) SI_UNIT($,.STERADIAN.) SOLID_ANGLE_UNIT() );
#9690 = UNCERTAINTY_MEASURE_WITH_UNIT(LENGTH_MEASURE(1.E-07),#9687,
  'distance_accuracy_value','confusion accuracy');
#9691 = CONTEXT_DEPENDENT_SHAPE_REPRESENTATION(#9692,#9694);
#9692 = ( REPRESENTATION_RELATIONSHIP('','',#6158,#6135) 
REPRESENTATION_RELATIONSHIP_WITH_TRANSFORMATION(#9693) 
SHAPE_REPRESENTATION_RELATIONSHIP() );
#9693 = ITEM_DEFINED_TRANSFORMATION('','',#11,#6136);
#9694 = PRODUCT_DEFINITION_SHAPE('Placement','Placement of an item',
  #9695);
#9695 = NEXT_ASSEMBLY_USAGE_OCCURRENCE('3','=>[0:1:1:5]','',#6130,#6153,
  $);
#9696 = PRODUCT_RELATED_PRODUCT_CATEGORY('part',$,(#6155));
#9697 = CONTEXT_DEPENDENT_SHAPE_REPRESENTATION(#9698,#9700);
#9698 = ( REPRESENTATION_RELATIONSHIP('','',#6135,#10) 
REPRESENTATION_RELATIONSHIP_WITH_TRANSFORMATION(#9699) 
SHAPE_REPRESENTATION_RELATIONSHIP() );
#9699 = ITEM_DEFINED_TRANSFORMATION('','',#11,#23);
#9700 = PRODUCT_DEFINITION_SHAPE('Placement','Placement of an item',
  #9701);
#9701 = NEXT_ASSEMBLY_USAGE_OCCURRENCE('5','K2','',#5,#6130,$);
#9702 = CONTEXT_DEPENDENT_SHAPE_REPRESENTATION(#9703,#9705);
#9703 = ( REPRESENTATION_RELATIONSHIP('','',#88,#10) 
REPRESENTATION_RELATIONSHIP_WITH_TRANSFORMATION(#9704) 
SHAPE_REPRESENTATION_RELATIONSHIP() );
#9704 = ITEM_DEFINED_TRANSFORMATION('','',#11,#27);
#9705 = PRODUCT_DEFINITION_SHAPE('Placement','Placement of an item',
  #9706);
#9706 = NEXT_ASSEMBLY_USAGE_OCCURRENCE('6','J2','',#5,#83,$);
#9707 = SHAPE_DEFINITION_REPRESENTATION(#9708,#9714);
#9708 = PRODUCT_DEFINITION_SHAPE('','',#9709);
#9709 = PRODUCT_DEFINITION('design','',#9710,#9713);
#9710 = PRODUCT_DEFINITION_FORMATION('','',#9711);
#9711 = PRODUCT('ULN2003ANSRE4','ULN2003ANSRE4','',(#9712));
#9712 = PRODUCT_CONTEXT('',#2,'mechanical');
#9713 = PRODUCT_DEFINITION_CONTEXT('part definition',#2,'design');
#9714 = SHAPE_REPRESENTATION('',(#11,#9715),#9719);
#9715 = AXIS2_PLACEMENT_3D('',#9716,#9717,#9718);
#9716 = CARTESIAN_POINT('',(0.,0.,0.));
#9717 = DIRECTION('',(0.,0.,1.));
#9718 = DIRECTION('',(1.,0.,-0.));
#9719 = ( GEOMETRIC_REPRESENTATION_CONTEXT(3) 
GLOBAL_UNCERTAINTY_ASSIGNED_CONTEXT((#9723)) 
GLOBAL_UNIT_ASSIGNED_CONTEXT((#9720,#9721,#9722)) REPRESENTATION_CONTEXT
('Context #1','3D Context with UNIT and UNCERTAINTY') );
#9720 = ( LENGTH_UNIT() NAMED_UNIT(*) SI_UNIT(.MILLI.,.METRE.) );
#9721 = ( NAMED_UNIT(*) PLANE_ANGLE_UNIT() SI_UNIT($,.RADIAN.) );
#9722 = ( NAMED_UNIT(*) SI_UNIT($,.STERADIAN.) SOLID_ANGLE_UNIT() );
#9723 = UNCERTAINTY_MEASURE_WITH_UNIT(LENGTH_MEASURE(2.E-06),#9720,
  'distance_accuracy_value','confusion accuracy');
#9724 = CONTEXT_DEPENDENT_SHAPE_REPRESENTATION(#9725,#9727);
#9725 = ( REPRESENTATION_RELATIONSHIP('','',#9714,#10) 
REPRESENTATION_RELATIONSHIP_WITH_TRANSFORMATION(#9726) 
SHAPE_REPRESENTATION_RELATIONSHIP() );
#9726 = ITEM_DEFINED_TRANSFORMATION('','',#11,#31);
#9727 = PRODUCT_DEFINITION_SHAPE('Placement','Placement of an item',
  #9728);
#9728 = NEXT_ASSEMBLY_USAGE_OCCURRENCE('8','IC1','',#5,#9709,$);
#9729 = PRODUCT_RELATED_PRODUCT_CATEGORY('part',$,(#9711));
#9730 = SHAPE_DEFINITION_REPRESENTATION(#9731,#9737);
#9731 = PRODUCT_DEFINITION_SHAPE('','',#9732);
#9732 = PRODUCT_DEFINITION('design','',#9733,#9736);
#9733 = PRODUCT_DEFINITION_FORMATION('','',#9734);
#9734 = PRODUCT('NS0016A_ASM','NS0016A_ASM','',(#9735));
#9735 = PRODUCT_CONTEXT('',#2,'mechanical');
#9736 = PRODUCT_DEFINITION_CONTEXT('part definition',#2,'design');
#9737 = SHAPE_REPRESENTATION('',(#11,#9738,#11412,#11834,#12256,#12678,
    #13100,#13522,#13944,#14366,#14788,#15210,#15632,#16054,#16476,
    #16898,#17320,#17742),#18164);
#9738 = MANIFOLD_SOLID_BREP('',#9739);
#9739 = CLOSED_SHELL('',(#9740,#9802,#9864,#9926,#9988,#10076,#10124,
    #10148,#10188,#10213,#10253,#10277,#10318,#10360,#10420,#10430,
    #10490,#10552,#10590,#10636,#10660,#10700,#10718,#10743,#10768,
    #10819,#10852,#10875,#10892,#10934,#10963,#11009,#11026,#11042,
    #11060,#11085,#11110,#11141,#11165,#11182,#11194,#11217,#11235,
    #11252,#11264,#11276,#11294,#11311,#11323,#11341,#11352,#11384,
    #11402));
#9740 = ADVANCED_FACE('',(#9741),#9797,.F.);
#9741 = FACE_BOUND('',#9742,.F.);
#9742 = EDGE_LOOP('',(#9743,#9772));
#9743 = ORIENTED_EDGE('',*,*,#9744,.T.);
#9744 = EDGE_CURVE('',#9745,#9747,#9749,.T.);
#9745 = VERTEX_POINT('',#9746);
#9746 = CARTESIAN_POINT('',(2.64998567281,-4.903031224027,1.15004853541)
  );
#9747 = VERTEX_POINT('',#9748);
#9748 = CARTESIAN_POINT('',(2.453031224027,-5.09998567281,1.15004853541)
  );
#9749 = B_SPLINE_CURVE_WITH_KNOTS('',3,(#9750,#9751,#9752,#9753,#9754,
    #9755,#9756,#9757,#9758,#9759,#9760,#9761,#9762,#9763,#9764,#9765,
    #9766,#9767,#9768,#9769,#9770,#9771),.UNSPECIFIED.,.F.,.F.,(4,1,1,1,
    1,1,1,1,1,1,1,1,1,1,1,1,1,1,1,4),(0.,5.263157894737E-02,
    0.105263157895,0.157894736842,0.21052631579,0.263157894737,
    0.315789473684,0.368421052632,0.421052631579,0.473684210526,
    0.526315789474,0.578947368421,0.631578947368,0.684210526316,
    0.736842105263,0.789473684211,0.842105263158,0.894736842105,
    0.947368421053,1.),.UNSPECIFIED.);
#9750 = CARTESIAN_POINT('',(2.64998567281,-4.903031224027,1.15004853541)
  );
#9751 = CARTESIAN_POINT('',(2.649903590209,-4.908444123782,1.15004853541
    ));
#9752 = CARTESIAN_POINT('',(2.649288905365,-4.919234257355,
    1.149977474638));
#9753 = CARTESIAN_POINT('',(2.647081150816,-4.935316473141,
    1.150006035653));
#9754 = CARTESIAN_POINT('',(2.643572250697,-4.951160432054,
    1.149998382752));
#9755 = CARTESIAN_POINT('',(2.638793266728,-4.966669974327,1.15000043334
    ));
#9756 = CARTESIAN_POINT('',(2.632773441042,-4.98174107514,1.149999883888
    ));
#9757 = CARTESIAN_POINT('',(2.625552891332,-4.99627528492,1.150000031109
    ));
#9758 = CARTESIAN_POINT('',(2.617178894583,-5.010176957762,
    1.149999991675));
#9759 = CARTESIAN_POINT('',(2.607706500888,-5.023354796306,
    1.150000002191));
#9760 = CARTESIAN_POINT('',(2.597197927693,-5.035722203903,
    1.149999999562));
#9761 = CARTESIAN_POINT('',(2.585722203903,-5.047197927693,
    1.149999999562));
#9762 = CARTESIAN_POINT('',(2.573354796306,-5.057706500888,
    1.150000002191));
#9763 = CARTESIAN_POINT('',(2.560176957762,-5.067178894583,
    1.149999991675));
#9764 = CARTESIAN_POINT('',(2.54627528492,-5.075552891332,1.150000031109
    ));
#9765 = CARTESIAN_POINT('',(2.53174107514,-5.082773441042,1.149999883888
    ));
#9766 = CARTESIAN_POINT('',(2.516669974327,-5.088793266728,1.15000043334
    ));
#9767 = CARTESIAN_POINT('',(2.501160432054,-5.093572250697,
    1.149998382752));
#9768 = CARTESIAN_POINT('',(2.485316473141,-5.097081150816,
    1.150006035653));
#9769 = CARTESIAN_POINT('',(2.469234257355,-5.099288905365,
    1.149977474638));
#9770 = CARTESIAN_POINT('',(2.458444123782,-5.099903590209,1.15004853541
    ));
#9771 = CARTESIAN_POINT('',(2.453031224027,-5.09998567281,1.15004853541)
  );
#9772 = ORIENTED_EDGE('',*,*,#9773,.F.);
#9773 = EDGE_CURVE('',#9745,#9747,#9774,.T.);
#9774 = B_SPLINE_CURVE_WITH_KNOTS('',3,(#9775,#9776,#9777,#9778,#9779,
    #9780,#9781,#9782,#9783,#9784,#9785,#9786,#9787,#9788,#9789,#9790,
    #9791,#9792,#9793,#9794,#9795,#9796),.UNSPECIFIED.,.F.,.F.,(4,1,1,1,
    1,1,1,1,1,1,1,1,1,1,1,1,1,1,1,4),(0.,5.263157894737E-02,
    0.105263157895,0.157894736842,0.21052631579,0.263157894737,
    0.315789473684,0.368421052632,0.421052631579,0.473684210526,
    0.526315789474,0.578947368421,0.631578947368,0.684210526316,
    0.736842105263,0.789473684211,0.842105263158,0.894736842105,
    0.947368421053,1.),.UNSPECIFIED.);
#9775 = CARTESIAN_POINT('',(2.64998567281,-4.903031224027,1.15004853541)
  );
#9776 = CARTESIAN_POINT('',(2.64998567281,-4.908592238157,1.15004853541)
  );
#9777 = CARTESIAN_POINT('',(2.649551754293,-4.91965182969,1.149977474638
    ));
#9778 = CARTESIAN_POINT('',(2.647506156595,-4.936074939546,
    1.150006035653));
#9779 = CARTESIAN_POINT('',(2.644156051852,-4.952141828265,
    1.149998382752));
#9780 = CARTESIAN_POINT('',(2.639495018439,-4.967861384237,1.15000043334
    ));
#9781 = CARTESIAN_POINT('',(2.63359800597,-4.983024200535,1.149999883888
    ));
#9782 = CARTESIAN_POINT('',(2.626477743057,-4.997631561304,
    1.150000031109));
#9783 = CARTESIAN_POINT('',(2.618201773397,-5.011545709141,
    1.149999991675));
#9784 = CARTESIAN_POINT('',(2.608835025973,-5.024684355093,
    1.150000002191));
#9785 = CARTESIAN_POINT('',(2.598395823231,-5.037017042985,
    1.149999999562));
#9786 = CARTESIAN_POINT('',(2.587017042985,-5.048395823231,
    1.149999999562));
#9787 = CARTESIAN_POINT('',(2.574684355093,-5.058835025973,
    1.150000002191));
#9788 = CARTESIAN_POINT('',(2.561545709141,-5.068201773397,
    1.149999991675));
#9789 = CARTESIAN_POINT('',(2.547631561304,-5.076477743057,
    1.150000031109));
#9790 = CARTESIAN_POINT('',(2.533024200535,-5.08359800597,1.149999883888
    ));
#9791 = CARTESIAN_POINT('',(2.517861384237,-5.089495018439,1.15000043334
    ));
#9792 = CARTESIAN_POINT('',(2.502141828265,-5.094156051852,
    1.149998382752));
#9793 = CARTESIAN_POINT('',(2.486074939546,-5.097506156595,
    1.150006035653));
#9794 = CARTESIAN_POINT('',(2.46965182969,-5.099551754293,1.149977474638
    ));
#9795 = CARTESIAN_POINT('',(2.458592238157,-5.09998567281,1.15004853541)
  );
#9796 = CARTESIAN_POINT('',(2.453031224027,-5.09998567281,1.15004853541)
  );
#9797 = PLANE('',#9798);
#9798 = AXIS2_PLACEMENT_3D('',#9799,#9800,#9801);
#9799 = CARTESIAN_POINT('',(0.,0.,1.15));
#9800 = DIRECTION('',(0.,0.,1.));
#9801 = DIRECTION('',(0.,-1.,0.));
#9802 = ADVANCED_FACE('',(#9803),#9859,.F.);
#9803 = FACE_BOUND('',#9804,.F.);
#9804 = EDGE_LOOP('',(#9805,#9834));
#9805 = ORIENTED_EDGE('',*,*,#9806,.T.);
#9806 = EDGE_CURVE('',#9807,#9809,#9811,.T.);
#9807 = VERTEX_POINT('',#9808);
#9808 = CARTESIAN_POINT('',(-2.453031224027,-5.09998567281,1.15004853541
    ));
#9809 = VERTEX_POINT('',#9810);
#9810 = CARTESIAN_POINT('',(-2.64998567281,-4.903031224027,1.15004853541
    ));
#9811 = B_SPLINE_CURVE_WITH_KNOTS('',3,(#9812,#9813,#9814,#9815,#9816,
    #9817,#9818,#9819,#9820,#9821,#9822,#9823,#9824,#9825,#9826,#9827,
    #9828,#9829,#9830,#9831,#9832,#9833),.UNSPECIFIED.,.F.,.F.,(4,1,1,1,
    1,1,1,1,1,1,1,1,1,1,1,1,1,1,1,4),(0.,5.263157894737E-02,
    0.105263157895,0.157894736842,0.21052631579,0.263157894737,
    0.315789473684,0.368421052632,0.421052631579,0.473684210526,
    0.526315789474,0.578947368421,0.631578947368,0.684210526316,
    0.736842105263,0.789473684211,0.842105263158,0.894736842105,
    0.947368421053,1.),.UNSPECIFIED.);
#9812 = CARTESIAN_POINT('',(-2.453031224027,-5.09998567281,1.15004853541
    ));
#9813 = CARTESIAN_POINT('',(-2.458444123782,-5.099903590209,
    1.15004853541));
#9814 = CARTESIAN_POINT('',(-2.469234257355,-5.099288905365,
    1.149977474638));
#9815 = CARTESIAN_POINT('',(-2.485316473141,-5.097081150816,
    1.150006035653));
#9816 = CARTESIAN_POINT('',(-2.501160432054,-5.093572250697,
    1.149998382752));
#9817 = CARTESIAN_POINT('',(-2.516669974327,-5.088793266728,
    1.15000043334));
#9818 = CARTESIAN_POINT('',(-2.53174107514,-5.082773441042,
    1.149999883888));
#9819 = CARTESIAN_POINT('',(-2.54627528492,-5.075552891332,
    1.150000031109));
#9820 = CARTESIAN_POINT('',(-2.560176957762,-5.067178894583,
    1.149999991675));
#9821 = CARTESIAN_POINT('',(-2.573354796306,-5.057706500888,
    1.150000002191));
#9822 = CARTESIAN_POINT('',(-2.585722203903,-5.047197927693,
    1.149999999562));
#9823 = CARTESIAN_POINT('',(-2.597197927693,-5.035722203903,
    1.149999999562));
#9824 = CARTESIAN_POINT('',(-2.607706500888,-5.023354796306,
    1.150000002191));
#9825 = CARTESIAN_POINT('',(-2.617178894583,-5.010176957762,
    1.149999991675));
#9826 = CARTESIAN_POINT('',(-2.625552891332,-4.99627528492,
    1.150000031109));
#9827 = CARTESIAN_POINT('',(-2.632773441042,-4.98174107514,
    1.149999883888));
#9828 = CARTESIAN_POINT('',(-2.638793266728,-4.966669974327,
    1.15000043334));
#9829 = CARTESIAN_POINT('',(-2.643572250697,-4.951160432054,
    1.149998382752));
#9830 = CARTESIAN_POINT('',(-2.647081150816,-4.935316473141,
    1.150006035653));
#9831 = CARTESIAN_POINT('',(-2.649288905365,-4.919234257355,
    1.149977474638));
#9832 = CARTESIAN_POINT('',(-2.649903590209,-4.908444123782,
    1.15004853541));
#9833 = CARTESIAN_POINT('',(-2.64998567281,-4.903031224027,1.15004853541
    ));
#9834 = ORIENTED_EDGE('',*,*,#9835,.F.);
#9835 = EDGE_CURVE('',#9807,#9809,#9836,.T.);
#9836 = B_SPLINE_CURVE_WITH_KNOTS('',3,(#9837,#9838,#9839,#9840,#9841,
    #9842,#9843,#9844,#9845,#9846,#9847,#9848,#9849,#9850,#9851,#9852,
    #9853,#9854,#9855,#9856,#9857,#9858),.UNSPECIFIED.,.F.,.F.,(4,1,1,1,
    1,1,1,1,1,1,1,1,1,1,1,1,1,1,1,4),(0.,5.263157894737E-02,
    0.105263157895,0.157894736842,0.21052631579,0.263157894737,
    0.315789473684,0.368421052632,0.421052631579,0.473684210526,
    0.526315789474,0.578947368421,0.631578947368,0.684210526316,
    0.736842105263,0.789473684211,0.842105263158,0.894736842105,
    0.947368421053,1.),.UNSPECIFIED.);
#9837 = CARTESIAN_POINT('',(-2.453031224027,-5.09998567281,1.15004853541
    ));
#9838 = CARTESIAN_POINT('',(-2.458592238157,-5.09998567281,1.15004853541
    ));
#9839 = CARTESIAN_POINT('',(-2.46965182969,-5.099551754293,
    1.149977474638));
#9840 = CARTESIAN_POINT('',(-2.486074939546,-5.097506156595,
    1.150006035653));
#9841 = CARTESIAN_POINT('',(-2.502141828265,-5.094156051852,
    1.149998382752));
#9842 = CARTESIAN_POINT('',(-2.517861384237,-5.089495018439,
    1.15000043334));
#9843 = CARTESIAN_POINT('',(-2.533024200535,-5.08359800597,
    1.149999883888));
#9844 = CARTESIAN_POINT('',(-2.547631561304,-5.076477743057,
    1.150000031109));
#9845 = CARTESIAN_POINT('',(-2.561545709141,-5.068201773397,
    1.149999991675));
#9846 = CARTESIAN_POINT('',(-2.574684355093,-5.058835025973,
    1.150000002191));
#9847 = CARTESIAN_POINT('',(-2.587017042985,-5.048395823231,
    1.149999999562));
#9848 = CARTESIAN_POINT('',(-2.598395823231,-5.037017042985,
    1.149999999562));
#9849 = CARTESIAN_POINT('',(-2.608835025973,-5.024684355093,
    1.150000002191));
#9850 = CARTESIAN_POINT('',(-2.618201773397,-5.011545709141,
    1.149999991675));
#9851 = CARTESIAN_POINT('',(-2.626477743057,-4.997631561304,
    1.150000031109));
#9852 = CARTESIAN_POINT('',(-2.63359800597,-4.983024200535,
    1.149999883888));
#9853 = CARTESIAN_POINT('',(-2.639495018439,-4.967861384237,
    1.15000043334));
#9854 = CARTESIAN_POINT('',(-2.644156051852,-4.952141828265,
    1.149998382752));
#9855 = CARTESIAN_POINT('',(-2.647506156595,-4.936074939546,
    1.150006035653));
#9856 = CARTESIAN_POINT('',(-2.649551754293,-4.91965182969,
    1.149977474638));
#9857 = CARTESIAN_POINT('',(-2.64998567281,-4.908592238157,1.15004853541
    ));
#9858 = CARTESIAN_POINT('',(-2.64998567281,-4.903031224027,1.15004853541
    ));
#9859 = PLANE('',#9860);
#9860 = AXIS2_PLACEMENT_3D('',#9861,#9862,#9863);
#9861 = CARTESIAN_POINT('',(0.,0.,1.15));
#9862 = DIRECTION('',(0.,0.,1.));
#9863 = DIRECTION('',(0.,-1.,0.));
#9864 = ADVANCED_FACE('',(#9865),#9921,.F.);
#9865 = FACE_BOUND('',#9866,.F.);
#9866 = EDGE_LOOP('',(#9867,#9896));
#9867 = ORIENTED_EDGE('',*,*,#9868,.T.);
#9868 = EDGE_CURVE('',#9869,#9871,#9873,.T.);
#9869 = VERTEX_POINT('',#9870);
#9870 = CARTESIAN_POINT('',(-2.64998567281,4.903031224027,1.15004853541)
  );
#9871 = VERTEX_POINT('',#9872);
#9872 = CARTESIAN_POINT('',(-2.453031224027,5.09998567281,1.15004853541)
  );
#9873 = B_SPLINE_CURVE_WITH_KNOTS('',3,(#9874,#9875,#9876,#9877,#9878,
    #9879,#9880,#9881,#9882,#9883,#9884,#9885,#9886,#9887,#9888,#9889,
    #9890,#9891,#9892,#9893,#9894,#9895),.UNSPECIFIED.,.F.,.F.,(4,1,1,1,
    1,1,1,1,1,1,1,1,1,1,1,1,1,1,1,4),(0.,5.263157894737E-02,
    0.105263157895,0.157894736842,0.21052631579,0.263157894737,
    0.315789473684,0.368421052632,0.421052631579,0.473684210526,
    0.526315789474,0.578947368421,0.631578947368,0.684210526316,
    0.736842105263,0.789473684211,0.842105263158,0.894736842105,
    0.947368421053,1.),.UNSPECIFIED.);
#9874 = CARTESIAN_POINT('',(-2.64998567281,4.903031224027,1.15004853541)
  );
#9875 = CARTESIAN_POINT('',(-2.649903590209,4.908444123782,1.15004853541
    ));
#9876 = CARTESIAN_POINT('',(-2.649288905365,4.919234257355,
    1.149977474638));
#9877 = CARTESIAN_POINT('',(-2.647081150816,4.935316473141,
    1.150006035653));
#9878 = CARTESIAN_POINT('',(-2.643572250697,4.951160432054,
    1.149998382752));
#9879 = CARTESIAN_POINT('',(-2.638793266728,4.966669974327,1.15000043334
    ));
#9880 = CARTESIAN_POINT('',(-2.632773441042,4.98174107514,1.149999883888
    ));
#9881 = CARTESIAN_POINT('',(-2.625552891332,4.99627528492,1.150000031109
    ));
#9882 = CARTESIAN_POINT('',(-2.617178894583,5.010176957762,
    1.149999991675));
#9883 = CARTESIAN_POINT('',(-2.607706500888,5.023354796306,
    1.150000002191));
#9884 = CARTESIAN_POINT('',(-2.597197927693,5.035722203903,
    1.149999999562));
#9885 = CARTESIAN_POINT('',(-2.585722203903,5.047197927693,
    1.149999999562));
#9886 = CARTESIAN_POINT('',(-2.573354796306,5.057706500888,
    1.150000002191));
#9887 = CARTESIAN_POINT('',(-2.560176957762,5.067178894583,
    1.149999991675));
#9888 = CARTESIAN_POINT('',(-2.54627528492,5.075552891332,1.150000031109
    ));
#9889 = CARTESIAN_POINT('',(-2.53174107514,5.082773441042,1.149999883888
    ));
#9890 = CARTESIAN_POINT('',(-2.516669974327,5.088793266728,1.15000043334
    ));
#9891 = CARTESIAN_POINT('',(-2.501160432054,5.093572250697,
    1.149998382752));
#9892 = CARTESIAN_POINT('',(-2.485316473141,5.097081150816,
    1.150006035653));
#9893 = CARTESIAN_POINT('',(-2.469234257355,5.099288905365,
    1.149977474638));
#9894 = CARTESIAN_POINT('',(-2.458444123782,5.099903590209,1.15004853541
    ));
#9895 = CARTESIAN_POINT('',(-2.453031224027,5.09998567281,1.15004853541)
  );
#9896 = ORIENTED_EDGE('',*,*,#9897,.F.);
#9897 = EDGE_CURVE('',#9869,#9871,#9898,.T.);
#9898 = B_SPLINE_CURVE_WITH_KNOTS('',3,(#9899,#9900,#9901,#9902,#9903,
    #9904,#9905,#9906,#9907,#9908,#9909,#9910,#9911,#9912,#9913,#9914,
    #9915,#9916,#9917,#9918,#9919,#9920),.UNSPECIFIED.,.F.,.F.,(4,1,1,1,
    1,1,1,1,1,1,1,1,1,1,1,1,1,1,1,4),(0.,5.263157894737E-02,
    0.105263157895,0.157894736842,0.21052631579,0.263157894737,
    0.315789473684,0.368421052632,0.421052631579,0.473684210526,
    0.526315789474,0.578947368421,0.631578947368,0.684210526316,
    0.736842105263,0.789473684211,0.842105263158,0.894736842105,
    0.947368421053,1.),.UNSPECIFIED.);
#9899 = CARTESIAN_POINT('',(-2.64998567281,4.903031224027,1.15004853541)
  );
#9900 = CARTESIAN_POINT('',(-2.64998567281,4.908592238157,1.15004853541)
  );
#9901 = CARTESIAN_POINT('',(-2.649551754293,4.91965182969,1.149977474638
    ));
#9902 = CARTESIAN_POINT('',(-2.647506156595,4.936074939546,
    1.150006035653));
#9903 = CARTESIAN_POINT('',(-2.644156051852,4.952141828265,
    1.149998382752));
#9904 = CARTESIAN_POINT('',(-2.639495018439,4.967861384237,1.15000043334
    ));
#9905 = CARTESIAN_POINT('',(-2.63359800597,4.983024200535,1.149999883888
    ));
#9906 = CARTESIAN_POINT('',(-2.626477743057,4.997631561304,
    1.150000031109));
#9907 = CARTESIAN_POINT('',(-2.618201773397,5.011545709141,
    1.149999991675));
#9908 = CARTESIAN_POINT('',(-2.608835025973,5.024684355093,
    1.150000002191));
#9909 = CARTESIAN_POINT('',(-2.598395823231,5.037017042985,
    1.149999999562));
#9910 = CARTESIAN_POINT('',(-2.587017042985,5.048395823231,
    1.149999999562));
#9911 = CARTESIAN_POINT('',(-2.574684355093,5.058835025973,
    1.150000002191));
#9912 = CARTESIAN_POINT('',(-2.561545709141,5.068201773397,
    1.149999991675));
#9913 = CARTESIAN_POINT('',(-2.547631561304,5.076477743057,
    1.150000031109));
#9914 = CARTESIAN_POINT('',(-2.533024200535,5.08359800597,1.149999883888
    ));
#9915 = CARTESIAN_POINT('',(-2.517861384237,5.089495018439,1.15000043334
    ));
#9916 = CARTESIAN_POINT('',(-2.502141828265,5.094156051852,
    1.149998382752));
#9917 = CARTESIAN_POINT('',(-2.486074939546,5.097506156595,
    1.150006035653));
#9918 = CARTESIAN_POINT('',(-2.46965182969,5.099551754293,1.149977474638
    ));
#9919 = CARTESIAN_POINT('',(-2.458592238157,5.09998567281,1.15004853541)
  );
#9920 = CARTESIAN_POINT('',(-2.453031224027,5.09998567281,1.15004853541)
  );
#9921 = PLANE('',#9922);
#9922 = AXIS2_PLACEMENT_3D('',#9923,#9924,#9925);
#9923 = CARTESIAN_POINT('',(0.,0.,1.15));
#9924 = DIRECTION('',(0.,0.,1.));
#9925 = DIRECTION('',(0.,-1.,0.));
#9926 = ADVANCED_FACE('',(#9927),#9983,.F.);
#9927 = FACE_BOUND('',#9928,.F.);
#9928 = EDGE_LOOP('',(#9929,#9958));
#9929 = ORIENTED_EDGE('',*,*,#9930,.T.);
#9930 = EDGE_CURVE('',#9931,#9933,#9935,.T.);
#9931 = VERTEX_POINT('',#9932);
#9932 = CARTESIAN_POINT('',(2.453031224027,5.09998567281,1.15004853541)
  );
#9933 = VERTEX_POINT('',#9934);
#9934 = CARTESIAN_POINT('',(2.64998567281,4.903031224027,1.15004853541)
  );
#9935 = B_SPLINE_CURVE_WITH_KNOTS('',3,(#9936,#9937,#9938,#9939,#9940,
    #9941,#9942,#9943,#9944,#9945,#9946,#9947,#9948,#9949,#9950,#9951,
    #9952,#9953,#9954,#9955,#9956,#9957),.UNSPECIFIED.,.F.,.F.,(4,1,1,1,
    1,1,1,1,1,1,1,1,1,1,1,1,1,1,1,4),(0.,5.263157894737E-02,
    0.105263157895,0.157894736842,0.21052631579,0.263157894737,
    0.315789473684,0.368421052632,0.421052631579,0.473684210526,
    0.526315789474,0.578947368421,0.631578947368,0.684210526316,
    0.736842105263,0.789473684211,0.842105263158,0.894736842105,
    0.947368421053,1.),.UNSPECIFIED.);
#9936 = CARTESIAN_POINT('',(2.453031224027,5.09998567281,1.15004853541)
  );
#9937 = CARTESIAN_POINT('',(2.458444123782,5.099903590209,1.15004853541)
  );
#9938 = CARTESIAN_POINT('',(2.469234257355,5.099288905365,1.149977474638
    ));
#9939 = CARTESIAN_POINT('',(2.485316473141,5.097081150816,1.150006035653
    ));
#9940 = CARTESIAN_POINT('',(2.501160432054,5.093572250697,1.149998382752
    ));
#9941 = CARTESIAN_POINT('',(2.516669974327,5.088793266728,1.15000043334)
  );
#9942 = CARTESIAN_POINT('',(2.53174107514,5.082773441042,1.149999883888)
  );
#9943 = CARTESIAN_POINT('',(2.54627528492,5.075552891332,1.150000031109)
  );
#9944 = CARTESIAN_POINT('',(2.560176957762,5.067178894583,1.149999991675
    ));
#9945 = CARTESIAN_POINT('',(2.573354796306,5.057706500888,1.150000002191
    ));
#9946 = CARTESIAN_POINT('',(2.585722203903,5.047197927693,1.149999999562
    ));
#9947 = CARTESIAN_POINT('',(2.597197927693,5.035722203903,1.149999999562
    ));
#9948 = CARTESIAN_POINT('',(2.607706500888,5.023354796306,1.150000002191
    ));
#9949 = CARTESIAN_POINT('',(2.617178894583,5.010176957762,1.149999991675
    ));
#9950 = CARTESIAN_POINT('',(2.625552891332,4.99627528492,1.150000031109)
  );
#9951 = CARTESIAN_POINT('',(2.632773441042,4.98174107514,1.149999883888)
  );
#9952 = CARTESIAN_POINT('',(2.638793266728,4.966669974327,1.15000043334)
  );
#9953 = CARTESIAN_POINT('',(2.643572250697,4.951160432054,1.149998382752
    ));
#9954 = CARTESIAN_POINT('',(2.647081150816,4.935316473141,1.150006035653
    ));
#9955 = CARTESIAN_POINT('',(2.649288905365,4.919234257355,1.149977474638
    ));
#9956 = CARTESIAN_POINT('',(2.649903590209,4.908444123782,1.15004853541)
  );
#9957 = CARTESIAN_POINT('',(2.64998567281,4.903031224027,1.15004853541)
  );
#9958 = ORIENTED_EDGE('',*,*,#9959,.F.);
#9959 = EDGE_CURVE('',#9931,#9933,#9960,.T.);
#9960 = B_SPLINE_CURVE_WITH_KNOTS('',3,(#9961,#9962,#9963,#9964,#9965,
    #9966,#9967,#9968,#9969,#9970,#9971,#9972,#9973,#9974,#9975,#9976,
    #9977,#9978,#9979,#9980,#9981,#9982),.UNSPECIFIED.,.F.,.F.,(4,1,1,1,
    1,1,1,1,1,1,1,1,1,1,1,1,1,1,1,4),(0.,5.263157894737E-02,
    0.105263157895,0.157894736842,0.21052631579,0.263157894737,
    0.315789473684,0.368421052632,0.421052631579,0.473684210526,
    0.526315789474,0.578947368421,0.631578947368,0.684210526316,
    0.736842105263,0.789473684211,0.842105263158,0.894736842105,
    0.947368421053,1.),.UNSPECIFIED.);
#9961 = CARTESIAN_POINT('',(2.453031224027,5.09998567281,1.15004853541)
  );
#9962 = CARTESIAN_POINT('',(2.458592238157,5.09998567281,1.15004853541)
  );
#9963 = CARTESIAN_POINT('',(2.46965182969,5.099551754293,1.149977474638)
  );
#9964 = CARTESIAN_POINT('',(2.486074939546,5.097506156595,1.150006035653
    ));
#9965 = CARTESIAN_POINT('',(2.502141828265,5.094156051852,1.149998382752
    ));
#9966 = CARTESIAN_POINT('',(2.517861384237,5.089495018439,1.15000043334)
  );
#9967 = CARTESIAN_POINT('',(2.533024200535,5.08359800597,1.149999883888)
  );
#9968 = CARTESIAN_POINT('',(2.547631561304,5.076477743057,1.150000031109
    ));
#9969 = CARTESIAN_POINT('',(2.561545709141,5.068201773397,1.149999991675
    ));
#9970 = CARTESIAN_POINT('',(2.574684355093,5.058835025973,1.150000002191
    ));
#9971 = CARTESIAN_POINT('',(2.587017042985,5.048395823231,1.149999999562
    ));
#9972 = CARTESIAN_POINT('',(2.598395823231,5.037017042985,1.149999999562
    ));
#9973 = CARTESIAN_POINT('',(2.608835025973,5.024684355093,1.150000002191
    ));
#9974 = CARTESIAN_POINT('',(2.618201773397,5.011545709141,1.149999991675
    ));
#9975 = CARTESIAN_POINT('',(2.626477743057,4.997631561304,1.150000031109
    ));
#9976 = CARTESIAN_POINT('',(2.63359800597,4.983024200535,1.149999883888)
  );
#9977 = CARTESIAN_POINT('',(2.639495018439,4.967861384237,1.15000043334)
  );
#9978 = CARTESIAN_POINT('',(2.644156051852,4.952141828265,1.149998382752
    ));
#9979 = CARTESIAN_POINT('',(2.647506156595,4.936074939546,1.150006035653
    ));
#9980 = CARTESIAN_POINT('',(2.649551754293,4.91965182969,1.149977474638)
  );
#9981 = CARTESIAN_POINT('',(2.64998567281,4.908592238157,1.15004853541)
  );
#9982 = CARTESIAN_POINT('',(2.64998567281,4.903031224027,1.15004853541)
  );
#9983 = PLANE('',#9984);
#9984 = AXIS2_PLACEMENT_3D('',#9985,#9986,#9987);
#9985 = CARTESIAN_POINT('',(0.,0.,1.15));
#9986 = DIRECTION('',(0.,0.,1.));
#9987 = DIRECTION('',(0.,-1.,0.));
#9988 = ADVANCED_FACE('',(#9989),#10071,.T.);
#9989 = FACE_BOUND('',#9990,.T.);
#9990 = EDGE_LOOP('',(#9991,#10001,#10009,#10010,#10020,#10028,#10037,
    #10064));
#9991 = ORIENTED_EDGE('',*,*,#9992,.F.);
#9992 = EDGE_CURVE('',#9993,#9995,#9997,.T.);
#9993 = VERTEX_POINT('',#9994);
#9994 = CARTESIAN_POINT('',(2.65,-4.9,1.15));
#9995 = VERTEX_POINT('',#9996);
#9996 = CARTESIAN_POINT('',(2.65,-4.9,1.));
#9997 = LINE('',#9998,#9999);
#9998 = CARTESIAN_POINT('',(2.65,-4.9,1.15));
#9999 = VECTOR('',#10000,1.);
#10000 = DIRECTION('',(0.,0.,-1.));
#10001 = ORIENTED_EDGE('',*,*,#10002,.T.);
#10002 = EDGE_CURVE('',#9993,#9745,#10003,.T.);
#10003 = B_SPLINE_CURVE_WITH_KNOTS('',3,(#10004,#10005,#10006,#10007,
    #10008),.UNSPECIFIED.,.F.,.F.,(4,1,4),(0.,0.5,1.),
  .QUASI_UNIFORM_KNOTS.);
#10004 = CARTESIAN_POINT('',(2.65,-4.9,1.15));
#10005 = CARTESIAN_POINT('',(2.65,-4.900509464926,1.15));
#10006 = CARTESIAN_POINT('',(2.649991881044,-4.901513772214,
    1.150062403948));
#10007 = CARTESIAN_POINT('',(2.649993190852,-4.902535450166,
    1.150005898475));
#10008 = CARTESIAN_POINT('',(2.64998567281,-4.903031224027,1.15004853541
    ));
#10009 = ORIENTED_EDGE('',*,*,#9744,.T.);
#10010 = ORIENTED_EDGE('',*,*,#10011,.T.);
#10011 = EDGE_CURVE('',#9747,#10012,#10014,.T.);
#10012 = VERTEX_POINT('',#10013);
#10013 = CARTESIAN_POINT('',(2.45,-5.1,1.15));
#10014 = B_SPLINE_CURVE_WITH_KNOTS('',3,(#10015,#10016,#10017,#10018,
    #10019),.UNSPECIFIED.,.F.,.F.,(4,1,4),(0.,0.5,1.),
  .QUASI_UNIFORM_KNOTS.);
#10015 = CARTESIAN_POINT('',(2.453031224027,-5.09998567281,1.15004853541
    ));
#10016 = CARTESIAN_POINT('',(2.452535450166,-5.099993190852,
    1.150005898475));
#10017 = CARTESIAN_POINT('',(2.451513772214,-5.099991881044,
    1.150062403948));
#10018 = CARTESIAN_POINT('',(2.450509464926,-5.1,1.15));
#10019 = CARTESIAN_POINT('',(2.45,-5.1,1.15));
#10020 = ORIENTED_EDGE('',*,*,#10021,.T.);
#10021 = EDGE_CURVE('',#10012,#10022,#10024,.T.);
#10022 = VERTEX_POINT('',#10023);
#10023 = CARTESIAN_POINT('',(2.45,-5.1,1.));
#10024 = LINE('',#10025,#10026);
#10025 = CARTESIAN_POINT('',(2.45,-5.1,1.15));
#10026 = VECTOR('',#10027,1.);
#10027 = DIRECTION('',(0.,0.,-1.));
#10028 = ORIENTED_EDGE('',*,*,#10029,.F.);
#10029 = EDGE_CURVE('',#10030,#10022,#10032,.T.);
#10030 = VERTEX_POINT('',#10031);
#10031 = CARTESIAN_POINT('',(2.453031213553,-5.099985662224,
    0.999951404552));
#10032 = B_SPLINE_CURVE_WITH_KNOTS('',3,(#10033,#10034,#10035,#10036),
  .UNSPECIFIED.,.F.,.F.,(4,4),(0.,1.),.PIECEWISE_BEZIER_KNOTS.);
#10033 = CARTESIAN_POINT('',(2.453031213553,-5.099985662224,
    0.999951404552));
#10034 = CARTESIAN_POINT('',(2.452028864824,-5.100000862099,
    1.00003760733));
#10035 = CARTESIAN_POINT('',(2.45100616347,-5.1,1.));
#10036 = CARTESIAN_POINT('',(2.45,-5.1,1.));
#10037 = ORIENTED_EDGE('',*,*,#10038,.F.);
#10038 = EDGE_CURVE('',#10039,#10030,#10041,.T.);
#10039 = VERTEX_POINT('',#10040);
#10040 = CARTESIAN_POINT('',(2.649985662224,-4.903031213563,
    0.999951404552));
#10041 = B_SPLINE_CURVE_WITH_KNOTS('',3,(#10042,#10043,#10044,#10045,
    #10046,#10047,#10048,#10049,#10050,#10051,#10052,#10053,#10054,
    #10055,#10056,#10057,#10058,#10059,#10060,#10061,#10062,#10063),
  .UNSPECIFIED.,.F.,.F.,(4,1,1,1,1,1,1,1,1,1,1,1,1,1,1,1,1,1,1,4),(0.,
    5.263157894737E-02,0.105263157895,0.157894736842,0.21052631579,
    0.263157894737,0.315789473684,0.368421052632,0.421052631579,
    0.473684210526,0.526315789474,0.578947368421,0.631578947368,
    0.684210526316,0.736842105263,0.789473684211,0.842105263158,
    0.894736842105,0.947368421053,1.),.UNSPECIFIED.);
#10042 = CARTESIAN_POINT('',(2.649985662224,-4.903031213563,
    0.999951404552));
#10043 = CARTESIAN_POINT('',(2.649903577563,-4.908444248293,
    0.999951404552));
#10044 = CARTESIAN_POINT('',(2.649288880932,-4.919234609888,
    1.000022553226));
#10045 = CARTESIAN_POINT('',(2.647081080349,-4.935316864878,
    0.999993956881));
#10046 = CARTESIAN_POINT('',(2.643572128145,-4.951160905812,
    1.000001619249));
#10047 = CARTESIAN_POINT('',(2.638793092114,-4.966670469596,
    0.999999566124));
#10048 = CARTESIAN_POINT('',(2.632773223931,-4.981741559998,
    1.000000116256));
#10049 = CARTESIAN_POINT('',(2.625552650027,-4.996275722052,
    0.999999968852));
#10050 = CARTESIAN_POINT('',(2.617178655872,-5.01017731557,
    1.000000008335));
#10051 = CARTESIAN_POINT('',(2.607706300276,-5.023355047336,
    0.999999997806));
#10052 = CARTESIAN_POINT('',(2.597197805899,-5.03572232878,
    1.000000000439));
#10053 = CARTESIAN_POINT('',(2.585722216532,-5.047197909399,
    1.000000000439));
#10054 = CARTESIAN_POINT('',(2.573354926943,-5.057706394453,
    0.999999997806));
#10055 = CARTESIAN_POINT('',(2.560177187677,-5.067178740176,
    1.000000008335));
#10056 = CARTESIAN_POINT('',(2.546275587274,-5.075552723949,
    0.999999968852));
#10057 = CARTESIAN_POINT('',(2.531741419206,-5.082773286946,
    1.000000116256));
#10058 = CARTESIAN_POINT('',(2.516670322844,-5.088793143903,
    0.999999566124));
#10059 = CARTESIAN_POINT('',(2.501160756349,-5.093572167768,
    1.000001619249));
#10060 = CARTESIAN_POINT('',(2.48531670417,-5.097081109343,
    0.999993956881));
#10061 = CARTESIAN_POINT('',(2.469234467794,-5.099288892772,
    1.000022553226));
#10062 = CARTESIAN_POINT('',(2.458444191653,-5.099903578422,
    0.999951404552));
#10063 = CARTESIAN_POINT('',(2.453031213553,-5.099985662224,
    0.999951404552));
#10064 = ORIENTED_EDGE('',*,*,#10065,.F.);
#10065 = EDGE_CURVE('',#9995,#10039,#10066,.T.);
#10066 = B_SPLINE_CURVE_WITH_KNOTS('',3,(#10067,#10068,#10069,#10070),
  .UNSPECIFIED.,.F.,.F.,(4,4),(0.,1.),.PIECEWISE_BEZIER_KNOTS.);
#10067 = CARTESIAN_POINT('',(2.65,-4.9,1.));
#10068 = CARTESIAN_POINT('',(2.65,-4.90100616347,1.));
#10069 = CARTESIAN_POINT('',(2.650000862099,-4.902028864835,
    1.000037607331));
#10070 = CARTESIAN_POINT('',(2.649985662224,-4.903031213563,
    0.999951404552));
#10071 = CYLINDRICAL_SURFACE('',#10072,0.2);
#10072 = AXIS2_PLACEMENT_3D('',#10073,#10074,#10075);
#10073 = CARTESIAN_POINT('',(2.45,-4.9,1.15));
#10074 = DIRECTION('',(0.,0.,-1.));
#10075 = DIRECTION('',(0.,-1.,0.));
#10076 = ADVANCED_FACE('',(#10077),#10119,.T.);
#10077 = FACE_BOUND('',#10078,.T.);
#10078 = EDGE_LOOP('',(#10079,#10080,#10088,#10096,#10104,#10113));
#10079 = ORIENTED_EDGE('',*,*,#10065,.T.);
#10080 = ORIENTED_EDGE('',*,*,#10081,.T.);
#10081 = EDGE_CURVE('',#10039,#10082,#10084,.T.);
#10082 = VERTEX_POINT('',#10083);
#10083 = CARTESIAN_POINT('',(2.529263690765,-4.782302140162,
    0.315270364467));
#10084 = LINE('',#10085,#10086);
#10085 = CARTESIAN_POINT('',(2.649985662224,-4.903031213563,
    0.999951404552));
#10086 = VECTOR('',#10087,1.);
#10087 = DIRECTION('',(-0.171079878158,0.171089942601,-0.970288568844));
#10088 = ORIENTED_EDGE('',*,*,#10089,.F.);
#10089 = EDGE_CURVE('',#10090,#10082,#10092,.T.);
#10090 = VERTEX_POINT('',#10091);
#10091 = CARTESIAN_POINT('',(2.529263690765,4.782302140162,
    0.315270364467));
#10092 = LINE('',#10093,#10094);
#10093 = CARTESIAN_POINT('',(2.529263690765,4.782302140162,
    0.315270364467));
#10094 = VECTOR('',#10095,1.);
#10095 = DIRECTION('',(0.,-1.,0.));
#10096 = ORIENTED_EDGE('',*,*,#10097,.F.);
#10097 = EDGE_CURVE('',#10098,#10090,#10100,.T.);
#10098 = VERTEX_POINT('',#10099);
#10099 = CARTESIAN_POINT('',(2.649985662224,4.903031213553,
    0.999951404552));
#10100 = LINE('',#10101,#10102);
#10101 = CARTESIAN_POINT('',(2.649985662224,4.903031213553,
    0.999951404552));
#10102 = VECTOR('',#10103,1.);
#10103 = DIRECTION('',(-0.171079878159,-0.171089942587,-0.970288568847)
  );
#10104 = ORIENTED_EDGE('',*,*,#10105,.T.);
#10105 = EDGE_CURVE('',#10098,#10106,#10108,.T.);
#10106 = VERTEX_POINT('',#10107);
#10107 = CARTESIAN_POINT('',(2.65,4.9,1.));
#10108 = B_SPLINE_CURVE_WITH_KNOTS('',3,(#10109,#10110,#10111,#10112),
  .UNSPECIFIED.,.F.,.F.,(4,4),(0.,1.),.PIECEWISE_BEZIER_KNOTS.);
#10109 = CARTESIAN_POINT('',(2.649985662224,4.903031213553,
    0.999951404552));
#10110 = CARTESIAN_POINT('',(2.650000862099,4.902028864824,1.00003760733
    ));
#10111 = CARTESIAN_POINT('',(2.65,4.90100616347,1.));
#10112 = CARTESIAN_POINT('',(2.65,4.9,1.));
#10113 = ORIENTED_EDGE('',*,*,#10114,.T.);
#10114 = EDGE_CURVE('',#10106,#9995,#10115,.T.);
#10115 = LINE('',#10116,#10117);
#10116 = CARTESIAN_POINT('',(2.65,4.9,1.));
#10117 = VECTOR('',#10118,1.);
#10118 = DIRECTION('',(0.,-1.,0.));
#10119 = PLANE('',#10120);
#10120 = AXIS2_PLACEMENT_3D('',#10121,#10122,#10123);
#10121 = CARTESIAN_POINT('',(2.65,5.1,1.));
#10122 = DIRECTION('',(0.984807753012,-0.,-0.173648177667));
#10123 = DIRECTION('',(0.,-1.,0.));
#10124 = ADVANCED_FACE('',(#10125),#10143,.T.);
#10125 = FACE_BOUND('',#10126,.F.);
#10126 = EDGE_LOOP('',(#10127,#10128,#10129,#10137));
#10127 = ORIENTED_EDGE('',*,*,#10114,.T.);
#10128 = ORIENTED_EDGE('',*,*,#9992,.F.);
#10129 = ORIENTED_EDGE('',*,*,#10130,.F.);
#10130 = EDGE_CURVE('',#10131,#9993,#10133,.T.);
#10131 = VERTEX_POINT('',#10132);
#10132 = CARTESIAN_POINT('',(2.65,4.9,1.15));
#10133 = LINE('',#10134,#10135);
#10134 = CARTESIAN_POINT('',(2.65,4.9,1.15));
#10135 = VECTOR('',#10136,1.);
#10136 = DIRECTION('',(0.,-1.,0.));
#10137 = ORIENTED_EDGE('',*,*,#10138,.T.);
#10138 = EDGE_CURVE('',#10131,#10106,#10139,.T.);
#10139 = LINE('',#10140,#10141);
#10140 = CARTESIAN_POINT('',(2.65,4.9,1.15));
#10141 = VECTOR('',#10142,1.);
#10142 = DIRECTION('',(0.,0.,-1.));
#10143 = PLANE('',#10144);
#10144 = AXIS2_PLACEMENT_3D('',#10145,#10146,#10147);
#10145 = CARTESIAN_POINT('',(2.65,4.9,1.15));
#10146 = DIRECTION('',(1.,0.,0.));
#10147 = DIRECTION('',(0.,-1.,0.));
#10148 = ADVANCED_FACE('',(#10149),#10183,.T.);
#10149 = FACE_BOUND('',#10150,.F.);
#10150 = EDGE_LOOP('',(#10151,#10159,#10167,#10173,#10181,#10182));
#10151 = ORIENTED_EDGE('',*,*,#10152,.T.);
#10152 = EDGE_CURVE('',#9745,#10153,#10155,.T.);
#10153 = VERTEX_POINT('',#10154);
#10154 = CARTESIAN_POINT('',(2.529263690765,-4.782302140162,
    1.834729635533));
#10155 = LINE('',#10156,#10157);
#10156 = CARTESIAN_POINT('',(2.64998567281,-4.903031224027,1.15004853541
    ));
#10157 = VECTOR('',#10158,1.);
#10158 = DIRECTION('',(-0.171079878164,0.171089942432,0.970288568873));
#10159 = ORIENTED_EDGE('',*,*,#10160,.T.);
#10160 = EDGE_CURVE('',#10153,#10161,#10163,.T.);
#10161 = VERTEX_POINT('',#10162);
#10162 = CARTESIAN_POINT('',(2.529263690765,4.782302140162,
    1.834729635533));
#10163 = LINE('',#10164,#10165);
#10164 = CARTESIAN_POINT('',(2.529263690765,-4.782302140162,
    1.834729635533));
#10165 = VECTOR('',#10166,1.);
#10166 = DIRECTION('',(0.,1.,0.));
#10167 = ORIENTED_EDGE('',*,*,#10168,.F.);
#10168 = EDGE_CURVE('',#9933,#10161,#10169,.T.);
#10169 = LINE('',#10170,#10171);
#10170 = CARTESIAN_POINT('',(2.64998567281,4.903031224027,1.15004853541)
  );
#10171 = VECTOR('',#10172,1.);
#10172 = DIRECTION('',(-0.171079878164,-0.171089942432,0.970288568873));
#10173 = ORIENTED_EDGE('',*,*,#10174,.T.);
#10174 = EDGE_CURVE('',#9933,#10131,#10175,.T.);
#10175 = B_SPLINE_CURVE_WITH_KNOTS('',3,(#10176,#10177,#10178,#10179,
    #10180),.UNSPECIFIED.,.F.,.F.,(4,1,4),(0.,0.5,1.),
  .QUASI_UNIFORM_KNOTS.);
#10176 = CARTESIAN_POINT('',(2.64998567281,4.903031224027,1.15004853541)
  );
#10177 = CARTESIAN_POINT('',(2.649993190852,4.902535450166,
    1.150005898475));
#10178 = CARTESIAN_POINT('',(2.649991881044,4.901513772214,
    1.150062403948));
#10179 = CARTESIAN_POINT('',(2.65,4.900509464926,1.15));
#10180 = CARTESIAN_POINT('',(2.65,4.9,1.15));
#10181 = ORIENTED_EDGE('',*,*,#10130,.T.);
#10182 = ORIENTED_EDGE('',*,*,#10002,.T.);
#10183 = PLANE('',#10184);
#10184 = AXIS2_PLACEMENT_3D('',#10185,#10186,#10187);
#10185 = CARTESIAN_POINT('',(2.65,-5.1,1.15));
#10186 = DIRECTION('',(0.984807753012,0.,0.173648177667));
#10187 = DIRECTION('',(0.,1.,0.));
#10188 = ADVANCED_FACE('',(#10189),#10208,.T.);
#10189 = FACE_BOUND('',#10190,.T.);
#10190 = EDGE_LOOP('',(#10191,#10200,#10206,#10207));
#10191 = ORIENTED_EDGE('',*,*,#10192,.T.);
#10192 = EDGE_CURVE('',#10153,#10193,#10195,.T.);
#10193 = VERTEX_POINT('',#10194);
#10194 = CARTESIAN_POINT('',(2.332302140162,-4.979263690765,
    1.834729635533));
#10195 = CIRCLE('',#10196,0.2);
#10196 = AXIS2_PLACEMENT_3D('',#10197,#10198,#10199);
#10197 = CARTESIAN_POINT('',(2.332302140162,-4.782302140162,1.8));
#10198 = DIRECTION('',(0.171087869746,-0.171087869746,-0.970287525248));
#10199 = DIRECTION('',(0.984807753012,-7.702172233337E-16,0.173648177667
    ));
#10200 = ORIENTED_EDGE('',*,*,#10201,.F.);
#10201 = EDGE_CURVE('',#9747,#10193,#10202,.T.);
#10202 = LINE('',#10203,#10204);
#10203 = CARTESIAN_POINT('',(2.453031224027,-5.09998567281,1.15004853541
    ));
#10204 = VECTOR('',#10205,1.);
#10205 = DIRECTION('',(-0.171089942432,0.171079878164,0.970288568873));
#10206 = ORIENTED_EDGE('',*,*,#9773,.F.);
#10207 = ORIENTED_EDGE('',*,*,#10152,.T.);
#10208 = CYLINDRICAL_SURFACE('',#10209,0.2);
#10209 = AXIS2_PLACEMENT_3D('',#10210,#10211,#10212);
#10210 = CARTESIAN_POINT('',(2.453038449398,-4.903038449398,
    1.115270364467));
#10211 = DIRECTION('',(0.171087869746,-0.171087869746,-0.970287525248));
#10212 = DIRECTION('',(0.984807753012,-7.702172233337E-16,0.173648177667
    ));
#10213 = ADVANCED_FACE('',(#10214),#10248,.T.);
#10214 = FACE_BOUND('',#10215,.F.);
#10215 = EDGE_LOOP('',(#10216,#10217,#10218,#10226,#10234,#10242));
#10216 = ORIENTED_EDGE('',*,*,#10201,.F.);
#10217 = ORIENTED_EDGE('',*,*,#10011,.T.);
#10218 = ORIENTED_EDGE('',*,*,#10219,.F.);
#10219 = EDGE_CURVE('',#10220,#10012,#10222,.T.);
#10220 = VERTEX_POINT('',#10221);
#10221 = CARTESIAN_POINT('',(-2.45,-5.1,1.15));
#10222 = LINE('',#10223,#10224);
#10223 = CARTESIAN_POINT('',(-2.45,-5.1,1.15));
#10224 = VECTOR('',#10225,1.);
#10225 = DIRECTION('',(1.,0.,0.));
#10226 = ORIENTED_EDGE('',*,*,#10227,.T.);
#10227 = EDGE_CURVE('',#10220,#9807,#10228,.T.);
#10228 = B_SPLINE_CURVE_WITH_KNOTS('',3,(#10229,#10230,#10231,#10232,
    #10233),.UNSPECIFIED.,.F.,.F.,(4,1,4),(0.,0.5,1.),
  .QUASI_UNIFORM_KNOTS.);
#10229 = CARTESIAN_POINT('',(-2.45,-5.1,1.15));
#10230 = CARTESIAN_POINT('',(-2.450509464926,-5.1,1.15));
#10231 = CARTESIAN_POINT('',(-2.451513772214,-5.099991881044,
    1.150062403948));
#10232 = CARTESIAN_POINT('',(-2.452535450166,-5.099993190852,
    1.150005898475));
#10233 = CARTESIAN_POINT('',(-2.453031224027,-5.09998567281,
    1.15004853541));
#10234 = ORIENTED_EDGE('',*,*,#10235,.T.);
#10235 = EDGE_CURVE('',#9807,#10236,#10238,.T.);
#10236 = VERTEX_POINT('',#10237);
#10237 = CARTESIAN_POINT('',(-2.332302140162,-4.979263690765,
    1.834729635533));
#10238 = LINE('',#10239,#10240);
#10239 = CARTESIAN_POINT('',(-2.453031224027,-5.09998567281,
    1.15004853541));
#10240 = VECTOR('',#10241,1.);
#10241 = DIRECTION('',(0.171089942432,0.171079878164,0.970288568873));
#10242 = ORIENTED_EDGE('',*,*,#10243,.T.);
#10243 = EDGE_CURVE('',#10236,#10193,#10244,.T.);
#10244 = LINE('',#10245,#10246);
#10245 = CARTESIAN_POINT('',(-2.332302140162,-4.979263690765,
    1.834729635533));
#10246 = VECTOR('',#10247,1.);
#10247 = DIRECTION('',(1.,0.,0.));
#10248 = PLANE('',#10249);
#10249 = AXIS2_PLACEMENT_3D('',#10250,#10251,#10252);
#10250 = CARTESIAN_POINT('',(-2.65,-5.1,1.15));
#10251 = DIRECTION('',(0.,-0.984807753012,0.173648177667));
#10252 = DIRECTION('',(1.,0.,0.));
#10253 = ADVANCED_FACE('',(#10254),#10272,.T.);
#10254 = FACE_BOUND('',#10255,.F.);
#10255 = EDGE_LOOP('',(#10256,#10264,#10270,#10271));
#10256 = ORIENTED_EDGE('',*,*,#10257,.T.);
#10257 = EDGE_CURVE('',#10022,#10258,#10260,.T.);
#10258 = VERTEX_POINT('',#10259);
#10259 = CARTESIAN_POINT('',(-2.449999999838,-5.1,0.999999999996));
#10260 = LINE('',#10261,#10262);
#10261 = CARTESIAN_POINT('',(2.45,-5.1,1.));
#10262 = VECTOR('',#10263,1.);
#10263 = DIRECTION('',(-1.,0.,-7.060395352498E-13));
#10264 = ORIENTED_EDGE('',*,*,#10265,.F.);
#10265 = EDGE_CURVE('',#10220,#10258,#10266,.T.);
#10266 = LINE('',#10267,#10268);
#10267 = CARTESIAN_POINT('',(-2.45,-5.1,1.15));
#10268 = VECTOR('',#10269,1.);
#10269 = DIRECTION('',(1.076803831262E-09,-0.,-1.));
#10270 = ORIENTED_EDGE('',*,*,#10219,.T.);
#10271 = ORIENTED_EDGE('',*,*,#10021,.T.);
#10272 = PLANE('',#10273);
#10273 = AXIS2_PLACEMENT_3D('',#10274,#10275,#10276);
#10274 = CARTESIAN_POINT('',(2.45,-5.1,1.15));
#10275 = DIRECTION('',(0.,-1.,0.));
#10276 = DIRECTION('',(-1.,0.,0.));
#10277 = ADVANCED_FACE('',(#10278),#10313,.T.);
#10278 = FACE_BOUND('',#10279,.T.);
#10279 = EDGE_LOOP('',(#10280,#10289,#10297,#10305,#10311,#10312));
#10280 = ORIENTED_EDGE('',*,*,#10281,.T.);
#10281 = EDGE_CURVE('',#10258,#10282,#10284,.T.);
#10282 = VERTEX_POINT('',#10283);
#10283 = CARTESIAN_POINT('',(-2.453031213563,-5.099985662224,
    0.999951404552));
#10284 = B_SPLINE_CURVE_WITH_KNOTS('',3,(#10285,#10286,#10287,#10288),
  .UNSPECIFIED.,.F.,.F.,(4,4),(0.,1.),.PIECEWISE_BEZIER_KNOTS.);
#10285 = CARTESIAN_POINT('',(-2.449999999838,-5.1,0.999999999996));
#10286 = CARTESIAN_POINT('',(-2.45100616347,-5.1,0.999999999996));
#10287 = CARTESIAN_POINT('',(-2.452028864674,-5.100000862102,
    1.000037607345));
#10288 = CARTESIAN_POINT('',(-2.453031213563,-5.099985662224,
    0.999951404552));
#10289 = ORIENTED_EDGE('',*,*,#10290,.T.);
#10290 = EDGE_CURVE('',#10282,#10291,#10293,.T.);
#10291 = VERTEX_POINT('',#10292);
#10292 = CARTESIAN_POINT('',(-2.332302140162,-4.979263690765,
    0.315270364467));
#10293 = LINE('',#10294,#10295);
#10294 = CARTESIAN_POINT('',(-2.453031213563,-5.099985662224,
    0.999951404552));
#10295 = VECTOR('',#10296,1.);
#10296 = DIRECTION('',(0.171089942601,0.171079878158,-0.970288568844));
#10297 = ORIENTED_EDGE('',*,*,#10298,.F.);
#10298 = EDGE_CURVE('',#10299,#10291,#10301,.T.);
#10299 = VERTEX_POINT('',#10300);
#10300 = CARTESIAN_POINT('',(2.332302140162,-4.979263690765,
    0.315270364467));
#10301 = LINE('',#10302,#10303);
#10302 = CARTESIAN_POINT('',(2.332302140162,-4.979263690765,
    0.315270364467));
#10303 = VECTOR('',#10304,1.);
#10304 = DIRECTION('',(-1.,0.,0.));
#10305 = ORIENTED_EDGE('',*,*,#10306,.F.);
#10306 = EDGE_CURVE('',#10030,#10299,#10307,.T.);
#10307 = LINE('',#10308,#10309);
#10308 = CARTESIAN_POINT('',(2.453031213553,-5.099985662224,
    0.999951404552));
#10309 = VECTOR('',#10310,1.);
#10310 = DIRECTION('',(-0.171089942587,0.171079878159,-0.970288568847));
#10311 = ORIENTED_EDGE('',*,*,#10029,.T.);
#10312 = ORIENTED_EDGE('',*,*,#10257,.T.);
#10313 = PLANE('',#10314);
#10314 = AXIS2_PLACEMENT_3D('',#10315,#10316,#10317);
#10315 = CARTESIAN_POINT('',(2.65,-5.1,1.));
#10316 = DIRECTION('',(0.,-0.984807753012,-0.173648177667));
#10317 = DIRECTION('',(-1.,0.,0.));
#10318 = ADVANCED_FACE('',(#10319),#10355,.T.);
#10319 = FACE_BOUND('',#10320,.T.);
#10320 = EDGE_LOOP('',(#10321,#10328,#10329,#10354));
#10321 = ORIENTED_EDGE('',*,*,#10322,.T.);
#10322 = EDGE_CURVE('',#10299,#10082,#10323,.T.);
#10323 = CIRCLE('',#10324,0.2);
#10324 = AXIS2_PLACEMENT_3D('',#10325,#10326,#10327);
#10325 = CARTESIAN_POINT('',(2.332302140162,-4.782302140162,0.35));
#10326 = DIRECTION('',(0.171087869746,-0.171087869746,0.970287525248));
#10327 = DIRECTION('',(7.702172233337E-16,-0.984807753012,
    -0.173648177667));
#10328 = ORIENTED_EDGE('',*,*,#10081,.F.);
#10329 = ORIENTED_EDGE('',*,*,#10330,.F.);
#10330 = EDGE_CURVE('',#10030,#10039,#10331,.T.);
#10331 = B_SPLINE_CURVE_WITH_KNOTS('',3,(#10332,#10333,#10334,#10335,
    #10336,#10337,#10338,#10339,#10340,#10341,#10342,#10343,#10344,
    #10345,#10346,#10347,#10348,#10349,#10350,#10351,#10352,#10353),
  .UNSPECIFIED.,.F.,.F.,(4,1,1,1,1,1,1,1,1,1,1,1,1,1,1,1,1,1,1,4),(0.,
    5.263157894737E-02,0.105263157895,0.157894736842,0.21052631579,
    0.263157894737,0.315789473684,0.368421052632,0.421052631579,
    0.473684210526,0.526315789474,0.578947368421,0.631578947368,
    0.684210526316,0.736842105263,0.789473684211,0.842105263158,
    0.894736842105,0.947368421053,1.),.UNSPECIFIED.);
#10332 = CARTESIAN_POINT('',(2.453031213553,-5.099985662224,
    0.999951404552));
#10333 = CARTESIAN_POINT('',(2.458592227683,-5.099985662224,
    0.999951404552));
#10334 = CARTESIAN_POINT('',(2.469651834551,-5.099551759206,
    1.000022553226));
#10335 = CARTESIAN_POINT('',(2.486074938244,-5.097506155278,
    0.999993956881));
#10336 = CARTESIAN_POINT('',(2.502141828614,-5.094156052205,
    1.000001619249));
#10337 = CARTESIAN_POINT('',(2.517861384144,-5.089495018345,
    0.999999566124));
#10338 = CARTESIAN_POINT('',(2.53302420056,-5.083598005995,
    1.000000116256));
#10339 = CARTESIAN_POINT('',(2.547631561297,-5.07647774305,
    0.999999968852));
#10340 = CARTESIAN_POINT('',(2.561545709142,-5.068201773399,
    1.000000008335));
#10341 = CARTESIAN_POINT('',(2.574684355093,-5.058835025973,
    0.999999997806));
#10342 = CARTESIAN_POINT('',(2.587017042985,-5.048395823231,
    1.000000000439));
#10343 = CARTESIAN_POINT('',(2.598395823231,-5.037017042985,
    1.000000000439));
#10344 = CARTESIAN_POINT('',(2.608835025973,-5.024684355093,
    0.999999997806));
#10345 = CARTESIAN_POINT('',(2.618201773399,-5.011545709142,
    1.000000008335));
#10346 = CARTESIAN_POINT('',(2.62647774305,-4.997631561297,
    0.999999968852));
#10347 = CARTESIAN_POINT('',(2.633598005995,-4.98302420056,
    1.000000116256));
#10348 = CARTESIAN_POINT('',(2.639495018345,-4.967861384144,
    0.999999566124));
#10349 = CARTESIAN_POINT('',(2.644156052205,-4.952141828614,
    1.000001619249));
#10350 = CARTESIAN_POINT('',(2.647506155278,-4.936074938244,
    0.999993956881));
#10351 = CARTESIAN_POINT('',(2.649551759206,-4.919651834551,
    1.000022553226));
#10352 = CARTESIAN_POINT('',(2.649985662224,-4.908592227683,
    0.999951404552));
#10353 = CARTESIAN_POINT('',(2.649985662224,-4.903031213563,
    0.999951404552));
#10354 = ORIENTED_EDGE('',*,*,#10306,.T.);
#10355 = CYLINDRICAL_SURFACE('',#10356,0.2);
#10356 = AXIS2_PLACEMENT_3D('',#10357,#10358,#10359);
#10357 = CARTESIAN_POINT('',(2.453038449398,-4.903038449398,
    1.034729635533));
#10358 = DIRECTION('',(0.171087869746,-0.171087869746,0.970287525248));
#10359 = DIRECTION('',(7.702172233337E-16,-0.984807753012,
    -0.173648177667));
#10360 = ADVANCED_FACE('',(#10361),#10415,.F.);
#10361 = FACE_BOUND('',#10362,.F.);
#10362 = EDGE_LOOP('',(#10363,#10390));
#10363 = ORIENTED_EDGE('',*,*,#10364,.F.);
#10364 = EDGE_CURVE('',#10365,#10098,#10367,.T.);
#10365 = VERTEX_POINT('',#10366);
#10366 = CARTESIAN_POINT('',(2.453031213563,5.099985662224,
    0.999951404552));
#10367 = B_SPLINE_CURVE_WITH_KNOTS('',3,(#10368,#10369,#10370,#10371,
    #10372,#10373,#10374,#10375,#10376,#10377,#10378,#10379,#10380,
    #10381,#10382,#10383,#10384,#10385,#10386,#10387,#10388,#10389),
  .UNSPECIFIED.,.F.,.F.,(4,1,1,1,1,1,1,1,1,1,1,1,1,1,1,1,1,1,1,4),(0.,
    5.263157894737E-02,0.105263157895,0.157894736842,0.21052631579,
    0.263157894737,0.315789473684,0.368421052632,0.421052631579,
    0.473684210526,0.526315789474,0.578947368421,0.631578947368,
    0.684210526316,0.736842105263,0.789473684211,0.842105263158,
    0.894736842105,0.947368421053,1.),.UNSPECIFIED.);
#10368 = CARTESIAN_POINT('',(2.453031213563,5.099985662224,
    0.999951404552));
#10369 = CARTESIAN_POINT('',(2.458444248483,5.09990357756,0.999951404552
    ));
#10370 = CARTESIAN_POINT('',(2.469234610348,5.099288880889,
    1.000022553226));
#10371 = CARTESIAN_POINT('',(2.48531686516,5.097081080295,0.999993956881
    ));
#10372 = CARTESIAN_POINT('',(2.501160906112,5.093572128067,
    1.000001619249));
#10373 = CARTESIAN_POINT('',(2.516670469859,5.088793092019,
    0.999999566124));
#10374 = CARTESIAN_POINT('',(2.531741560239,5.082773223823,
    1.000000116256));
#10375 = CARTESIAN_POINT('',(2.546275722266,5.075552649909,
    0.999999968852));
#10376 = CARTESIAN_POINT('',(2.560177315758,5.067178655747,
    1.000000008335));
#10377 = CARTESIAN_POINT('',(2.573355047499,5.057706300149,
    0.999999997806));
#10378 = CARTESIAN_POINT('',(2.585722328918,5.047197805771,
    1.000000000439));
#10379 = CARTESIAN_POINT('',(2.597197909514,5.035722216408,
    1.000000000439));
#10380 = CARTESIAN_POINT('',(2.607706394545,5.023354926824,
    0.999999997806));
#10381 = CARTESIAN_POINT('',(2.617178740247,5.010177187567,
    1.000000008335));
#10382 = CARTESIAN_POINT('',(2.625552724003,4.996275587175,
    0.999999968852));
#10383 = CARTESIAN_POINT('',(2.632773286984,4.98174141912,1.000000116256
    ));
#10384 = CARTESIAN_POINT('',(2.638793143928,4.966670322773,
    0.999999566124));
#10385 = CARTESIAN_POINT('',(2.643572167782,4.951160756294,
    1.000001619249));
#10386 = CARTESIAN_POINT('',(2.647081109349,4.935316704133,
    0.999993956881));
#10387 = CARTESIAN_POINT('',(2.649288892773,4.919234467776,
    1.000022553226));
#10388 = CARTESIAN_POINT('',(2.649903578422,4.908444191647,
    0.999951404552));
#10389 = CARTESIAN_POINT('',(2.649985662224,4.903031213553,
    0.999951404552));
#10390 = ORIENTED_EDGE('',*,*,#10391,.F.);
#10391 = EDGE_CURVE('',#10098,#10365,#10392,.T.);
#10392 = B_SPLINE_CURVE_WITH_KNOTS('',3,(#10393,#10394,#10395,#10396,
    #10397,#10398,#10399,#10400,#10401,#10402,#10403,#10404,#10405,
    #10406,#10407,#10408,#10409,#10410,#10411,#10412,#10413,#10414),
  .UNSPECIFIED.,.F.,.F.,(4,1,1,1,1,1,1,1,1,1,1,1,1,1,1,1,1,1,1,4),(0.,
    5.263157894737E-02,0.105263157895,0.157894736842,0.21052631579,
    0.263157894737,0.315789473684,0.368421052632,0.421052631579,
    0.473684210526,0.526315789474,0.578947368421,0.631578947368,
    0.684210526316,0.736842105263,0.789473684211,0.842105263158,
    0.894736842105,0.947368421053,1.),.UNSPECIFIED.);
#10393 = CARTESIAN_POINT('',(2.649985662224,4.903031213553,
    0.999951404552));
#10394 = CARTESIAN_POINT('',(2.649985662224,4.908592227683,
    0.999951404552));
#10395 = CARTESIAN_POINT('',(2.649551759206,4.919651834551,
    1.000022553226));
#10396 = CARTESIAN_POINT('',(2.647506155278,4.936074938244,
    0.999993956881));
#10397 = CARTESIAN_POINT('',(2.644156052205,4.952141828614,
    1.000001619249));
#10398 = CARTESIAN_POINT('',(2.639495018345,4.967861384144,
    0.999999566124));
#10399 = CARTESIAN_POINT('',(2.633598005995,4.98302420056,1.000000116256
    ));
#10400 = CARTESIAN_POINT('',(2.62647774305,4.997631561297,0.999999968852
    ));
#10401 = CARTESIAN_POINT('',(2.618201773399,5.011545709142,
    1.000000008335));
#10402 = CARTESIAN_POINT('',(2.608835025973,5.024684355093,
    0.999999997806));
#10403 = CARTESIAN_POINT('',(2.598395823231,5.037017042985,
    1.000000000439));
#10404 = CARTESIAN_POINT('',(2.587017042985,5.048395823231,
    1.000000000439));
#10405 = CARTESIAN_POINT('',(2.574684355093,5.058835025973,
    0.999999997806));
#10406 = CARTESIAN_POINT('',(2.561545709142,5.068201773399,
    1.000000008335));
#10407 = CARTESIAN_POINT('',(2.547631561297,5.07647774305,0.999999968852
    ));
#10408 = CARTESIAN_POINT('',(2.53302420056,5.083598005995,1.000000116256
    ));
#10409 = CARTESIAN_POINT('',(2.517861384144,5.089495018345,
    0.999999566124));
#10410 = CARTESIAN_POINT('',(2.502141828614,5.094156052205,
    1.000001619249));
#10411 = CARTESIAN_POINT('',(2.486074938244,5.097506155278,
    0.999993956881));
#10412 = CARTESIAN_POINT('',(2.469651834551,5.099551759206,
    1.000022553226));
#10413 = CARTESIAN_POINT('',(2.458592227683,5.099985662224,
    0.999951404552));
#10414 = CARTESIAN_POINT('',(2.453031213563,5.099985662224,
    0.999951404552));
#10415 = PLANE('',#10416);
#10416 = AXIS2_PLACEMENT_3D('',#10417,#10418,#10419);
#10417 = CARTESIAN_POINT('',(2.65,5.1,1.));
#10418 = DIRECTION('',(0.,0.,-1.));
#10419 = DIRECTION('',(0.,-1.,0.));
#10420 = ADVANCED_FACE('',(#10421),#10425,.F.);
#10421 = FACE_BOUND('',#10422,.F.);
#10422 = EDGE_LOOP('',(#10423,#10424));
#10423 = ORIENTED_EDGE('',*,*,#10038,.F.);
#10424 = ORIENTED_EDGE('',*,*,#10330,.F.);
#10425 = PLANE('',#10426);
#10426 = AXIS2_PLACEMENT_3D('',#10427,#10428,#10429);
#10427 = CARTESIAN_POINT('',(2.65,5.1,1.));
#10428 = DIRECTION('',(0.,0.,-1.));
#10429 = DIRECTION('',(0.,-1.,0.));
#10430 = ADVANCED_FACE('',(#10431),#10485,.F.);
#10431 = FACE_BOUND('',#10432,.F.);
#10432 = EDGE_LOOP('',(#10433,#10460));
#10433 = ORIENTED_EDGE('',*,*,#10434,.F.);
#10434 = EDGE_CURVE('',#10282,#10435,#10437,.T.);
#10435 = VERTEX_POINT('',#10436);
#10436 = CARTESIAN_POINT('',(-2.649985662224,-4.903031213553,
    0.999951404552));
#10437 = B_SPLINE_CURVE_WITH_KNOTS('',3,(#10438,#10439,#10440,#10441,
    #10442,#10443,#10444,#10445,#10446,#10447,#10448,#10449,#10450,
    #10451,#10452,#10453,#10454,#10455,#10456,#10457,#10458,#10459),
  .UNSPECIFIED.,.F.,.F.,(4,1,1,1,1,1,1,1,1,1,1,1,1,1,1,1,1,1,1,4),(0.,
    5.263157894737E-02,0.105263157895,0.157894736842,0.21052631579,
    0.263157894737,0.315789473684,0.368421052632,0.421052631579,
    0.473684210526,0.526315789474,0.578947368421,0.631578947368,
    0.684210526316,0.736842105263,0.789473684211,0.842105263158,
    0.894736842105,0.947368421053,1.),.UNSPECIFIED.);
#10438 = CARTESIAN_POINT('',(-2.453031213563,-5.099985662224,
    0.999951404552));
#10439 = CARTESIAN_POINT('',(-2.458444248484,-5.09990357756,
    0.999951404552));
#10440 = CARTESIAN_POINT('',(-2.469234610351,-5.099288880888,
    1.000022553226));
#10441 = CARTESIAN_POINT('',(-2.485316865163,-5.097081080294,
    0.999993956881));
#10442 = CARTESIAN_POINT('',(-2.501160906116,-5.093572128066,
    1.000001619249));
#10443 = CARTESIAN_POINT('',(-2.516670469865,-5.088793092018,
    0.999999566124));
#10444 = CARTESIAN_POINT('',(-2.531741560245,-5.08277322382,
    1.000000116256));
#10445 = CARTESIAN_POINT('',(-2.546275722273,-5.075552649905,
    0.999999968852));
#10446 = CARTESIAN_POINT('',(-2.560177315766,-5.067178655742,
    1.000000008335));
#10447 = CARTESIAN_POINT('',(-2.573355047507,-5.057706300142,
    0.999999997806));
#10448 = CARTESIAN_POINT('',(-2.585722328926,-5.047197805764,
    1.000000000439));
#10449 = CARTESIAN_POINT('',(-2.597197909522,-5.035722216398,
    1.000000000439));
#10450 = CARTESIAN_POINT('',(-2.607706394554,-5.023354926814,
    0.999999997806));
#10451 = CARTESIAN_POINT('',(-2.617178740256,-5.010177187555,
    1.000000008335));
#10452 = CARTESIAN_POINT('',(-2.62555272401,-4.996275587161,
    0.999999968852));
#10453 = CARTESIAN_POINT('',(-2.632773286991,-4.981741419105,
    1.000000116256));
#10454 = CARTESIAN_POINT('',(-2.638793143934,-4.966670322756,
    0.999999566124));
#10455 = CARTESIAN_POINT('',(-2.643572167786,-4.951160756276,
    1.000001619249));
#10456 = CARTESIAN_POINT('',(-2.647081109352,-4.935316704116,
    0.999993956881));
#10457 = CARTESIAN_POINT('',(-2.649288892776,-4.919234467747,
    1.000022553226));
#10458 = CARTESIAN_POINT('',(-2.649903578422,-4.908444191635,
    0.999951404552));
#10459 = CARTESIAN_POINT('',(-2.649985662224,-4.903031213553,
    0.999951404552));
#10460 = ORIENTED_EDGE('',*,*,#10461,.F.);
#10461 = EDGE_CURVE('',#10435,#10282,#10462,.T.);
#10462 = B_SPLINE_CURVE_WITH_KNOTS('',3,(#10463,#10464,#10465,#10466,
    #10467,#10468,#10469,#10470,#10471,#10472,#10473,#10474,#10475,
    #10476,#10477,#10478,#10479,#10480,#10481,#10482,#10483,#10484),
  .UNSPECIFIED.,.F.,.F.,(4,1,1,1,1,1,1,1,1,1,1,1,1,1,1,1,1,1,1,4),(0.,
    5.263157894737E-02,0.105263157895,0.157894736842,0.21052631579,
    0.263157894737,0.315789473684,0.368421052632,0.421052631579,
    0.473684210526,0.526315789474,0.578947368421,0.631578947368,
    0.684210526316,0.736842105263,0.789473684211,0.842105263158,
    0.894736842105,0.947368421053,1.),.UNSPECIFIED.);
#10463 = CARTESIAN_POINT('',(-2.649985662224,-4.903031213553,
    0.999951404552));
#10464 = CARTESIAN_POINT('',(-2.649985662224,-4.908592227683,
    0.999951404552));
#10465 = CARTESIAN_POINT('',(-2.649551759206,-4.919651834551,
    1.000022553226));
#10466 = CARTESIAN_POINT('',(-2.647506155278,-4.936074938244,
    0.999993956881));
#10467 = CARTESIAN_POINT('',(-2.644156052205,-4.952141828614,
    1.000001619249));
#10468 = CARTESIAN_POINT('',(-2.639495018345,-4.967861384144,
    0.999999566124));
#10469 = CARTESIAN_POINT('',(-2.633598005995,-4.98302420056,
    1.000000116256));
#10470 = CARTESIAN_POINT('',(-2.62647774305,-4.997631561297,
    0.999999968852));
#10471 = CARTESIAN_POINT('',(-2.618201773399,-5.011545709142,
    1.000000008335));
#10472 = CARTESIAN_POINT('',(-2.608835025973,-5.024684355093,
    0.999999997806));
#10473 = CARTESIAN_POINT('',(-2.598395823231,-5.037017042985,
    1.000000000439));
#10474 = CARTESIAN_POINT('',(-2.587017042985,-5.048395823231,
    1.000000000439));
#10475 = CARTESIAN_POINT('',(-2.574684355093,-5.058835025973,
    0.999999997806));
#10476 = CARTESIAN_POINT('',(-2.561545709142,-5.068201773399,
    1.000000008335));
#10477 = CARTESIAN_POINT('',(-2.547631561297,-5.07647774305,
    0.999999968852));
#10478 = CARTESIAN_POINT('',(-2.53302420056,-5.083598005995,
    1.000000116256));
#10479 = CARTESIAN_POINT('',(-2.517861384144,-5.089495018345,
    0.999999566124));
#10480 = CARTESIAN_POINT('',(-2.502141828614,-5.094156052205,
    1.000001619249));
#10481 = CARTESIAN_POINT('',(-2.486074938244,-5.097506155278,
    0.999993956881));
#10482 = CARTESIAN_POINT('',(-2.469651834551,-5.099551759206,
    1.000022553226));
#10483 = CARTESIAN_POINT('',(-2.458592227683,-5.099985662224,
    0.999951404552));
#10484 = CARTESIAN_POINT('',(-2.453031213563,-5.099985662224,
    0.999951404552));
#10485 = PLANE('',#10486);
#10486 = AXIS2_PLACEMENT_3D('',#10487,#10488,#10489);
#10487 = CARTESIAN_POINT('',(2.65,5.1,1.));
#10488 = DIRECTION('',(0.,0.,-1.));
#10489 = DIRECTION('',(0.,-1.,0.));
#10490 = ADVANCED_FACE('',(#10491),#10547,.F.);
#10491 = FACE_BOUND('',#10492,.F.);
#10492 = EDGE_LOOP('',(#10493,#10522));
#10493 = ORIENTED_EDGE('',*,*,#10494,.F.);
#10494 = EDGE_CURVE('',#10495,#10497,#10499,.T.);
#10495 = VERTEX_POINT('',#10496);
#10496 = CARTESIAN_POINT('',(-2.649985662224,4.903031213563,
    0.999951404552));
#10497 = VERTEX_POINT('',#10498);
#10498 = CARTESIAN_POINT('',(-2.453031213553,5.099985662224,
    0.999951404552));
#10499 = B_SPLINE_CURVE_WITH_KNOTS('',3,(#10500,#10501,#10502,#10503,
    #10504,#10505,#10506,#10507,#10508,#10509,#10510,#10511,#10512,
    #10513,#10514,#10515,#10516,#10517,#10518,#10519,#10520,#10521),
  .UNSPECIFIED.,.F.,.F.,(4,1,1,1,1,1,1,1,1,1,1,1,1,1,1,1,1,1,1,4),(0.,
    5.263157894737E-02,0.105263157895,0.157894736842,0.21052631579,
    0.263157894737,0.315789473684,0.368421052632,0.421052631579,
    0.473684210526,0.526315789474,0.578947368421,0.631578947368,
    0.684210526316,0.736842105263,0.789473684211,0.842105263158,
    0.894736842105,0.947368421053,1.),.UNSPECIFIED.);
#10500 = CARTESIAN_POINT('',(-2.649985662224,4.903031213563,
    0.999951404552));
#10501 = CARTESIAN_POINT('',(-2.64990357756,4.908444248484,
    0.999951404552));
#10502 = CARTESIAN_POINT('',(-2.649288880888,4.919234610351,
    1.000022553226));
#10503 = CARTESIAN_POINT('',(-2.647081080294,4.935316865162,
    0.999993956881));
#10504 = CARTESIAN_POINT('',(-2.643572128066,4.951160906114,
    1.000001619249));
#10505 = CARTESIAN_POINT('',(-2.638793092019,4.966670469861,
    0.999999566124));
#10506 = CARTESIAN_POINT('',(-2.632773223822,4.981741560241,
    1.000000116256));
#10507 = CARTESIAN_POINT('',(-2.625552649908,4.996275722268,
    0.999999968852));
#10508 = CARTESIAN_POINT('',(-2.617178655746,5.01017731576,
    1.000000008335));
#10509 = CARTESIAN_POINT('',(-2.607706300148,5.0233550475,0.999999997806
    ));
#10510 = CARTESIAN_POINT('',(-2.59719780577,5.035722328919,
    1.000000000439));
#10511 = CARTESIAN_POINT('',(-2.585722216407,5.047197909514,
    1.000000000439));
#10512 = CARTESIAN_POINT('',(-2.573354926824,5.057706394546,
    0.999999997806));
#10513 = CARTESIAN_POINT('',(-2.560177187567,5.067178740248,
    1.000000008335));
#10514 = CARTESIAN_POINT('',(-2.546275587174,5.075552724003,
    0.999999968852));
#10515 = CARTESIAN_POINT('',(-2.53174141912,5.082773286984,
    1.000000116256));
#10516 = CARTESIAN_POINT('',(-2.516670322772,5.088793143928,
    0.999999566124));
#10517 = CARTESIAN_POINT('',(-2.501160756294,5.093572167782,
    1.000001619249));
#10518 = CARTESIAN_POINT('',(-2.485316704134,5.097081109349,
    0.999993956881));
#10519 = CARTESIAN_POINT('',(-2.469234467776,5.099288892773,
    1.000022553226));
#10520 = CARTESIAN_POINT('',(-2.458444191647,5.099903578422,
    0.999951404552));
#10521 = CARTESIAN_POINT('',(-2.453031213553,5.099985662224,
    0.999951404552));
#10522 = ORIENTED_EDGE('',*,*,#10523,.F.);
#10523 = EDGE_CURVE('',#10497,#10495,#10524,.T.);
#10524 = B_SPLINE_CURVE_WITH_KNOTS('',3,(#10525,#10526,#10527,#10528,
    #10529,#10530,#10531,#10532,#10533,#10534,#10535,#10536,#10537,
    #10538,#10539,#10540,#10541,#10542,#10543,#10544,#10545,#10546),
  .UNSPECIFIED.,.F.,.F.,(4,1,1,1,1,1,1,1,1,1,1,1,1,1,1,1,1,1,1,4),(0.,
    5.263157894737E-02,0.105263157895,0.157894736842,0.21052631579,
    0.263157894737,0.315789473684,0.368421052632,0.421052631579,
    0.473684210526,0.526315789474,0.578947368421,0.631578947368,
    0.684210526316,0.736842105263,0.789473684211,0.842105263158,
    0.894736842105,0.947368421053,1.),.UNSPECIFIED.);
#10525 = CARTESIAN_POINT('',(-2.453031213553,5.099985662224,
    0.999951404552));
#10526 = CARTESIAN_POINT('',(-2.458592227683,5.099985662224,
    0.999951404552));
#10527 = CARTESIAN_POINT('',(-2.469651834551,5.099551759206,
    1.000022553226));
#10528 = CARTESIAN_POINT('',(-2.486074938244,5.097506155278,
    0.999993956881));
#10529 = CARTESIAN_POINT('',(-2.502141828614,5.094156052205,
    1.000001619249));
#10530 = CARTESIAN_POINT('',(-2.517861384144,5.089495018345,
    0.999999566124));
#10531 = CARTESIAN_POINT('',(-2.53302420056,5.083598005995,
    1.000000116256));
#10532 = CARTESIAN_POINT('',(-2.547631561297,5.07647774305,
    0.999999968852));
#10533 = CARTESIAN_POINT('',(-2.561545709142,5.068201773399,
    1.000000008335));
#10534 = CARTESIAN_POINT('',(-2.574684355093,5.058835025973,
    0.999999997806));
#10535 = CARTESIAN_POINT('',(-2.587017042985,5.048395823231,
    1.000000000439));
#10536 = CARTESIAN_POINT('',(-2.598395823231,5.037017042985,
    1.000000000439));
#10537 = CARTESIAN_POINT('',(-2.608835025973,5.024684355093,
    0.999999997806));
#10538 = CARTESIAN_POINT('',(-2.618201773399,5.011545709142,
    1.000000008335));
#10539 = CARTESIAN_POINT('',(-2.62647774305,4.997631561297,
    0.999999968852));
#10540 = CARTESIAN_POINT('',(-2.633598005995,4.98302420056,
    1.000000116256));
#10541 = CARTESIAN_POINT('',(-2.639495018345,4.967861384144,
    0.999999566124));
#10542 = CARTESIAN_POINT('',(-2.644156052205,4.952141828614,
    1.000001619249));
#10543 = CARTESIAN_POINT('',(-2.647506155278,4.936074938244,
    0.999993956881));
#10544 = CARTESIAN_POINT('',(-2.649551759206,4.919651834551,
    1.000022553226));
#10545 = CARTESIAN_POINT('',(-2.649985662224,4.908592227683,
    0.999951404552));
#10546 = CARTESIAN_POINT('',(-2.649985662224,4.903031213563,
    0.999951404552));
#10547 = PLANE('',#10548);
#10548 = AXIS2_PLACEMENT_3D('',#10549,#10550,#10551);
#10549 = CARTESIAN_POINT('',(2.65,5.1,1.));
#10550 = DIRECTION('',(0.,0.,-1.));
#10551 = DIRECTION('',(0.,-1.,0.));
#10552 = ADVANCED_FACE('',(#10553),#10585,.T.);
#10553 = FACE_BOUND('',#10554,.T.);
#10554 = EDGE_LOOP('',(#10555,#10565,#10573,#10574,#10575,#10576,#10577,
    #10578));
#10555 = ORIENTED_EDGE('',*,*,#10556,.F.);
#10556 = EDGE_CURVE('',#10557,#10559,#10561,.T.);
#10557 = VERTEX_POINT('',#10558);
#10558 = CARTESIAN_POINT('',(2.45,5.1,1.15));
#10559 = VERTEX_POINT('',#10560);
#10560 = CARTESIAN_POINT('',(2.449999999879,5.1,0.999999999997));
#10561 = LINE('',#10562,#10563);
#10562 = CARTESIAN_POINT('',(2.45,5.1,1.15));
#10563 = VECTOR('',#10564,1.);
#10564 = DIRECTION('',(-8.038843664673E-10,0.,-1.));
#10565 = ORIENTED_EDGE('',*,*,#10566,.T.);
#10566 = EDGE_CURVE('',#10557,#9931,#10567,.T.);
#10567 = B_SPLINE_CURVE_WITH_KNOTS('',3,(#10568,#10569,#10570,#10571,
    #10572),.UNSPECIFIED.,.F.,.F.,(4,1,4),(0.,0.5,1.),
  .QUASI_UNIFORM_KNOTS.);
#10568 = CARTESIAN_POINT('',(2.45,5.1,1.15));
#10569 = CARTESIAN_POINT('',(2.450509464926,5.1,1.15));
#10570 = CARTESIAN_POINT('',(2.451513772214,5.099991881044,
    1.150062403948));
#10571 = CARTESIAN_POINT('',(2.452535450166,5.099993190852,
    1.150005898475));
#10572 = CARTESIAN_POINT('',(2.453031224027,5.09998567281,1.15004853541)
  );
#10573 = ORIENTED_EDGE('',*,*,#9930,.T.);
#10574 = ORIENTED_EDGE('',*,*,#10174,.T.);
#10575 = ORIENTED_EDGE('',*,*,#10138,.T.);
#10576 = ORIENTED_EDGE('',*,*,#10105,.F.);
#10577 = ORIENTED_EDGE('',*,*,#10364,.F.);
#10578 = ORIENTED_EDGE('',*,*,#10579,.F.);
#10579 = EDGE_CURVE('',#10559,#10365,#10580,.T.);
#10580 = B_SPLINE_CURVE_WITH_KNOTS('',3,(#10581,#10582,#10583,#10584),
  .UNSPECIFIED.,.F.,.F.,(4,4),(0.,1.),.PIECEWISE_BEZIER_KNOTS.);
#10581 = CARTESIAN_POINT('',(2.449999999879,5.1,0.999999999997));
#10582 = CARTESIAN_POINT('',(2.45100616347,5.1,0.999999999997));
#10583 = CARTESIAN_POINT('',(2.452028864715,5.100000862101,
    1.000037607341));
#10584 = CARTESIAN_POINT('',(2.453031213563,5.099985662224,
    0.999951404552));
#10585 = CYLINDRICAL_SURFACE('',#10586,0.2);
#10586 = AXIS2_PLACEMENT_3D('',#10587,#10588,#10589);
#10587 = CARTESIAN_POINT('',(2.45,4.9,1.15));
#10588 = DIRECTION('',(0.,0.,-1.));
#10589 = DIRECTION('',(0.,-1.,0.));
#10590 = ADVANCED_FACE('',(#10591),#10631,.T.);
#10591 = FACE_BOUND('',#10592,.F.);
#10592 = EDGE_LOOP('',(#10593,#10601,#10608,#10616,#10624,#10630));
#10593 = ORIENTED_EDGE('',*,*,#10594,.F.);
#10594 = EDGE_CURVE('',#10595,#10559,#10597,.T.);
#10595 = VERTEX_POINT('',#10596);
#10596 = CARTESIAN_POINT('',(-2.45,5.1,1.));
#10597 = LINE('',#10598,#10599);
#10598 = CARTESIAN_POINT('',(-2.45,5.1,1.));
#10599 = VECTOR('',#10600,1.);
#10600 = DIRECTION('',(1.,-0.,-5.26296693314E-13));
#10601 = ORIENTED_EDGE('',*,*,#10602,.F.);
#10602 = EDGE_CURVE('',#10497,#10595,#10603,.T.);
#10603 = B_SPLINE_CURVE_WITH_KNOTS('',3,(#10604,#10605,#10606,#10607),
  .UNSPECIFIED.,.F.,.F.,(4,4),(0.,1.),.PIECEWISE_BEZIER_KNOTS.);
#10604 = CARTESIAN_POINT('',(-2.453031213553,5.099985662224,
    0.999951404552));
#10605 = CARTESIAN_POINT('',(-2.452028864824,5.100000862099,
    1.00003760733));
#10606 = CARTESIAN_POINT('',(-2.45100616347,5.1,1.));
#10607 = CARTESIAN_POINT('',(-2.45,5.1,1.));
#10608 = ORIENTED_EDGE('',*,*,#10609,.T.);
#10609 = EDGE_CURVE('',#10497,#10610,#10612,.T.);
#10610 = VERTEX_POINT('',#10611);
#10611 = CARTESIAN_POINT('',(-2.332302140162,4.979263690765,
    0.315270364467));
#10612 = LINE('',#10613,#10614);
#10613 = CARTESIAN_POINT('',(-2.453031213553,5.099985662224,
    0.999951404552));
#10614 = VECTOR('',#10615,1.);
#10615 = DIRECTION('',(0.171089942587,-0.171079878159,-0.970288568847));
#10616 = ORIENTED_EDGE('',*,*,#10617,.T.);
#10617 = EDGE_CURVE('',#10610,#10618,#10620,.T.);
#10618 = VERTEX_POINT('',#10619);
#10619 = CARTESIAN_POINT('',(2.332302140162,4.979263690765,
    0.315270364467));
#10620 = LINE('',#10621,#10622);
#10621 = CARTESIAN_POINT('',(-2.332302140162,4.979263690765,
    0.315270364467));
#10622 = VECTOR('',#10623,1.);
#10623 = DIRECTION('',(1.,0.,0.));
#10624 = ORIENTED_EDGE('',*,*,#10625,.F.);
#10625 = EDGE_CURVE('',#10365,#10618,#10626,.T.);
#10626 = LINE('',#10627,#10628);
#10627 = CARTESIAN_POINT('',(2.453031213563,5.099985662224,
    0.999951404552));
#10628 = VECTOR('',#10629,1.);
#10629 = DIRECTION('',(-0.171089942601,-0.171079878158,-0.970288568844)
  );
#10630 = ORIENTED_EDGE('',*,*,#10579,.F.);
#10631 = PLANE('',#10632);
#10632 = AXIS2_PLACEMENT_3D('',#10633,#10634,#10635);
#10633 = CARTESIAN_POINT('',(-2.65,5.1,1.));
#10634 = DIRECTION('',(-0.,0.984807753012,-0.173648177667));
#10635 = DIRECTION('',(1.,0.,0.));
#10636 = ADVANCED_FACE('',(#10637),#10655,.T.);
#10637 = FACE_BOUND('',#10638,.F.);
#10638 = EDGE_LOOP('',(#10639,#10640,#10641,#10649));
#10639 = ORIENTED_EDGE('',*,*,#10594,.T.);
#10640 = ORIENTED_EDGE('',*,*,#10556,.F.);
#10641 = ORIENTED_EDGE('',*,*,#10642,.F.);
#10642 = EDGE_CURVE('',#10643,#10557,#10645,.T.);
#10643 = VERTEX_POINT('',#10644);
#10644 = CARTESIAN_POINT('',(-2.45,5.1,1.15));
#10645 = LINE('',#10646,#10647);
#10646 = CARTESIAN_POINT('',(-2.45,5.1,1.15));
#10647 = VECTOR('',#10648,1.);
#10648 = DIRECTION('',(1.,0.,0.));
#10649 = ORIENTED_EDGE('',*,*,#10650,.T.);
#10650 = EDGE_CURVE('',#10643,#10595,#10651,.T.);
#10651 = LINE('',#10652,#10653);
#10652 = CARTESIAN_POINT('',(-2.45,5.1,1.15));
#10653 = VECTOR('',#10654,1.);
#10654 = DIRECTION('',(1.202001461328E-12,-0.,-1.));
#10655 = PLANE('',#10656);
#10656 = AXIS2_PLACEMENT_3D('',#10657,#10658,#10659);
#10657 = CARTESIAN_POINT('',(-2.45,5.1,1.15));
#10658 = DIRECTION('',(0.,1.,0.));
#10659 = DIRECTION('',(1.,0.,0.));
#10660 = ADVANCED_FACE('',(#10661),#10695,.T.);
#10661 = FACE_BOUND('',#10662,.F.);
#10662 = EDGE_LOOP('',(#10663,#10671,#10679,#10685,#10693,#10694));
#10663 = ORIENTED_EDGE('',*,*,#10664,.T.);
#10664 = EDGE_CURVE('',#9931,#10665,#10667,.T.);
#10665 = VERTEX_POINT('',#10666);
#10666 = CARTESIAN_POINT('',(2.332302140162,4.979263690765,
    1.834729635533));
#10667 = LINE('',#10668,#10669);
#10668 = CARTESIAN_POINT('',(2.453031224027,5.09998567281,1.15004853541)
  );
#10669 = VECTOR('',#10670,1.);
#10670 = DIRECTION('',(-0.171089942432,-0.171079878164,0.970288568873));
#10671 = ORIENTED_EDGE('',*,*,#10672,.T.);
#10672 = EDGE_CURVE('',#10665,#10673,#10675,.T.);
#10673 = VERTEX_POINT('',#10674);
#10674 = CARTESIAN_POINT('',(-2.332302140162,4.979263690765,
    1.834729635533));
#10675 = LINE('',#10676,#10677);
#10676 = CARTESIAN_POINT('',(2.332302140162,4.979263690765,
    1.834729635533));
#10677 = VECTOR('',#10678,1.);
#10678 = DIRECTION('',(-1.,0.,0.));
#10679 = ORIENTED_EDGE('',*,*,#10680,.F.);
#10680 = EDGE_CURVE('',#9871,#10673,#10681,.T.);
#10681 = LINE('',#10682,#10683);
#10682 = CARTESIAN_POINT('',(-2.453031224027,5.09998567281,1.15004853541
    ));
#10683 = VECTOR('',#10684,1.);
#10684 = DIRECTION('',(0.171089942432,-0.171079878164,0.970288568873));
#10685 = ORIENTED_EDGE('',*,*,#10686,.T.);
#10686 = EDGE_CURVE('',#9871,#10643,#10687,.T.);
#10687 = B_SPLINE_CURVE_WITH_KNOTS('',3,(#10688,#10689,#10690,#10691,
    #10692),.UNSPECIFIED.,.F.,.F.,(4,1,4),(0.,0.5,1.),
  .QUASI_UNIFORM_KNOTS.);
#10688 = CARTESIAN_POINT('',(-2.453031224027,5.09998567281,1.15004853541
    ));
#10689 = CARTESIAN_POINT('',(-2.452535450166,5.099993190852,
    1.150005898475));
#10690 = CARTESIAN_POINT('',(-2.451513772214,5.099991881044,
    1.150062403948));
#10691 = CARTESIAN_POINT('',(-2.450509464926,5.1,1.15));
#10692 = CARTESIAN_POINT('',(-2.45,5.1,1.15));
#10693 = ORIENTED_EDGE('',*,*,#10642,.T.);
#10694 = ORIENTED_EDGE('',*,*,#10566,.T.);
#10695 = PLANE('',#10696);
#10696 = AXIS2_PLACEMENT_3D('',#10697,#10698,#10699);
#10697 = CARTESIAN_POINT('',(2.65,5.1,1.15));
#10698 = DIRECTION('',(0.,0.984807753012,0.173648177667));
#10699 = DIRECTION('',(-1.,0.,0.));
#10700 = ADVANCED_FACE('',(#10701),#10713,.T.);
#10701 = FACE_BOUND('',#10702,.T.);
#10702 = EDGE_LOOP('',(#10703,#10710,#10711,#10712));
#10703 = ORIENTED_EDGE('',*,*,#10704,.T.);
#10704 = EDGE_CURVE('',#10665,#10161,#10705,.T.);
#10705 = CIRCLE('',#10706,0.2);
#10706 = AXIS2_PLACEMENT_3D('',#10707,#10708,#10709);
#10707 = CARTESIAN_POINT('',(2.332302140162,4.782302140162,1.8));
#10708 = DIRECTION('',(0.171087869746,0.171087869746,-0.970287525248));
#10709 = DIRECTION('',(7.702172233337E-16,0.984807753012,0.173648177667)
  );
#10710 = ORIENTED_EDGE('',*,*,#10168,.F.);
#10711 = ORIENTED_EDGE('',*,*,#9959,.F.);
#10712 = ORIENTED_EDGE('',*,*,#10664,.T.);
#10713 = CYLINDRICAL_SURFACE('',#10714,0.2);
#10714 = AXIS2_PLACEMENT_3D('',#10715,#10716,#10717);
#10715 = CARTESIAN_POINT('',(2.453038449398,4.903038449398,
    1.115270364467));
#10716 = DIRECTION('',(0.171087869746,0.171087869746,-0.970287525248));
#10717 = DIRECTION('',(7.702172233337E-16,0.984807753012,0.173648177667)
  );
#10718 = ADVANCED_FACE('',(#10719),#10738,.T.);
#10719 = FACE_BOUND('',#10720,.T.);
#10720 = EDGE_LOOP('',(#10721,#10730,#10737));
#10721 = ORIENTED_EDGE('',*,*,#10722,.F.);
#10722 = EDGE_CURVE('',#10723,#10665,#10725,.T.);
#10723 = VERTEX_POINT('',#10724);
#10724 = CARTESIAN_POINT('',(2.332302140162,4.782302140162,2.));
#10725 = CIRCLE('',#10726,0.2);
#10726 = AXIS2_PLACEMENT_3D('',#10727,#10728,#10729);
#10727 = CARTESIAN_POINT('',(2.332302140162,4.782302140162,1.8));
#10728 = DIRECTION('',(-1.,0.,0.));
#10729 = DIRECTION('',(0.,0.,1.));
#10730 = ORIENTED_EDGE('',*,*,#10731,.F.);
#10731 = EDGE_CURVE('',#10161,#10723,#10732,.T.);
#10732 = CIRCLE('',#10733,0.2);
#10733 = AXIS2_PLACEMENT_3D('',#10734,#10735,#10736);
#10734 = CARTESIAN_POINT('',(2.332302140162,4.782302140162,1.8));
#10735 = DIRECTION('',(0.,-1.,0.));
#10736 = DIRECTION('',(0.984807753012,0.,0.173648177667));
#10737 = ORIENTED_EDGE('',*,*,#10704,.F.);
#10738 = SPHERICAL_SURFACE('',#10739,0.2);
#10739 = AXIS2_PLACEMENT_3D('',#10740,#10741,#10742);
#10740 = CARTESIAN_POINT('',(2.332302140162,4.782302140162,1.8));
#10741 = DIRECTION('',(-0.,0.766044443119,-0.642787609687));
#10742 = DIRECTION('',(0.,0.642787609687,0.766044443119));
#10743 = ADVANCED_FACE('',(#10744),#10763,.T.);
#10744 = FACE_BOUND('',#10745,.T.);
#10745 = EDGE_LOOP('',(#10746,#10755,#10756,#10757));
#10746 = ORIENTED_EDGE('',*,*,#10747,.T.);
#10747 = EDGE_CURVE('',#10748,#10153,#10750,.T.);
#10748 = VERTEX_POINT('',#10749);
#10749 = CARTESIAN_POINT('',(2.332302140162,-4.782302140162,2.));
#10750 = CIRCLE('',#10751,0.2);
#10751 = AXIS2_PLACEMENT_3D('',#10752,#10753,#10754);
#10752 = CARTESIAN_POINT('',(2.332302140162,-4.782302140162,1.8));
#10753 = DIRECTION('',(0.,1.,0.));
#10754 = DIRECTION('',(0.,0.,1.));
#10755 = ORIENTED_EDGE('',*,*,#10160,.T.);
#10756 = ORIENTED_EDGE('',*,*,#10731,.T.);
#10757 = ORIENTED_EDGE('',*,*,#10758,.F.);
#10758 = EDGE_CURVE('',#10748,#10723,#10759,.T.);
#10759 = LINE('',#10760,#10761);
#10760 = CARTESIAN_POINT('',(2.332302140162,-4.782302140162,2.));
#10761 = VECTOR('',#10762,1.);
#10762 = DIRECTION('',(0.,1.,0.));
#10763 = CYLINDRICAL_SURFACE('',#10764,0.2);
#10764 = AXIS2_PLACEMENT_3D('',#10765,#10766,#10767);
#10765 = CARTESIAN_POINT('',(2.332302140162,-4.782302140162,1.8));
#10766 = DIRECTION('',(0.,1.,0.));
#10767 = DIRECTION('',(0.,0.,1.));
#10768 = ADVANCED_FACE('',(#10769,#10794),#10814,.T.);
#10769 = FACE_BOUND('',#10770,.F.);
#10770 = EDGE_LOOP('',(#10771,#10781,#10787,#10788));
#10771 = ORIENTED_EDGE('',*,*,#10772,.F.);
#10772 = EDGE_CURVE('',#10773,#10775,#10777,.T.);
#10773 = VERTEX_POINT('',#10774);
#10774 = CARTESIAN_POINT('',(-2.332302140162,4.782302140162,2.));
#10775 = VERTEX_POINT('',#10776);
#10776 = CARTESIAN_POINT('',(-2.332302140162,-4.782302140162,2.));
#10777 = LINE('',#10778,#10779);
#10778 = CARTESIAN_POINT('',(-2.332302140162,4.782302140162,2.));
#10779 = VECTOR('',#10780,1.);
#10780 = DIRECTION('',(0.,-1.,0.));
#10781 = ORIENTED_EDGE('',*,*,#10782,.F.);
#10782 = EDGE_CURVE('',#10723,#10773,#10783,.T.);
#10783 = LINE('',#10784,#10785);
#10784 = CARTESIAN_POINT('',(2.332302140162,4.782302140162,2.));
#10785 = VECTOR('',#10786,1.);
#10786 = DIRECTION('',(-1.,0.,0.));
#10787 = ORIENTED_EDGE('',*,*,#10758,.F.);
#10788 = ORIENTED_EDGE('',*,*,#10789,.F.);
#10789 = EDGE_CURVE('',#10775,#10748,#10790,.T.);
#10790 = LINE('',#10791,#10792);
#10791 = CARTESIAN_POINT('',(-2.332302140162,-4.782302140162,2.));
#10792 = VECTOR('',#10793,1.);
#10793 = DIRECTION('',(1.,0.,0.));
#10794 = FACE_BOUND('',#10795,.F.);
#10795 = EDGE_LOOP('',(#10796,#10807));
#10796 = ORIENTED_EDGE('',*,*,#10797,.T.);
#10797 = EDGE_CURVE('',#10798,#10800,#10802,.T.);
#10798 = VERTEX_POINT('',#10799);
#10799 = CARTESIAN_POINT('',(-1.6,3.9,2.));
#10800 = VERTEX_POINT('',#10801);
#10801 = CARTESIAN_POINT('',(-1.6,4.5,2.));
#10802 = CIRCLE('',#10803,0.3);
#10803 = AXIS2_PLACEMENT_3D('',#10804,#10805,#10806);
#10804 = CARTESIAN_POINT('',(-1.6,4.2,2.));
#10805 = DIRECTION('',(-0.,0.,1.));
#10806 = DIRECTION('',(0.,-1.,0.));
#10807 = ORIENTED_EDGE('',*,*,#10808,.T.);
#10808 = EDGE_CURVE('',#10800,#10798,#10809,.T.);
#10809 = CIRCLE('',#10810,0.3);
#10810 = AXIS2_PLACEMENT_3D('',#10811,#10812,#10813);
#10811 = CARTESIAN_POINT('',(-1.6,4.2,2.));
#10812 = DIRECTION('',(0.,-0.,1.));
#10813 = DIRECTION('',(0.,1.,0.));
#10814 = PLANE('',#10815);
#10815 = AXIS2_PLACEMENT_3D('',#10816,#10817,#10818);
#10816 = CARTESIAN_POINT('',(0.,0.,2.));
#10817 = DIRECTION('',(0.,0.,1.));
#10818 = DIRECTION('',(0.,-1.,0.));
#10819 = ADVANCED_FACE('',(#10820),#10847,.T.);
#10820 = FACE_BOUND('',#10821,.T.);
#10821 = EDGE_LOOP('',(#10822,#10831,#10839,#10846));
#10822 = ORIENTED_EDGE('',*,*,#10823,.T.);
#10823 = EDGE_CURVE('',#10773,#10824,#10826,.T.);
#10824 = VERTEX_POINT('',#10825);
#10825 = CARTESIAN_POINT('',(-2.529263690765,4.782302140162,
    1.834729635533));
#10826 = CIRCLE('',#10827,0.2);
#10827 = AXIS2_PLACEMENT_3D('',#10828,#10829,#10830);
#10828 = CARTESIAN_POINT('',(-2.332302140162,4.782302140162,1.8));
#10829 = DIRECTION('',(0.,-1.,0.));
#10830 = DIRECTION('',(0.,0.,1.));
#10831 = ORIENTED_EDGE('',*,*,#10832,.T.);
#10832 = EDGE_CURVE('',#10824,#10833,#10835,.T.);
#10833 = VERTEX_POINT('',#10834);
#10834 = CARTESIAN_POINT('',(-2.529263690765,-4.782302140162,
    1.834729635533));
#10835 = LINE('',#10836,#10837);
#10836 = CARTESIAN_POINT('',(-2.529263690765,4.782302140162,
    1.834729635533));
#10837 = VECTOR('',#10838,1.);
#10838 = DIRECTION('',(0.,-1.,0.));
#10839 = ORIENTED_EDGE('',*,*,#10840,.T.);
#10840 = EDGE_CURVE('',#10833,#10775,#10841,.T.);
#10841 = CIRCLE('',#10842,0.2);
#10842 = AXIS2_PLACEMENT_3D('',#10843,#10844,#10845);
#10843 = CARTESIAN_POINT('',(-2.332302140162,-4.782302140162,1.8));
#10844 = DIRECTION('',(0.,1.,-0.));
#10845 = DIRECTION('',(-0.984807753012,0.,0.173648177667));
#10846 = ORIENTED_EDGE('',*,*,#10772,.F.);
#10847 = CYLINDRICAL_SURFACE('',#10848,0.2);
#10848 = AXIS2_PLACEMENT_3D('',#10849,#10850,#10851);
#10849 = CARTESIAN_POINT('',(-2.332302140162,4.950122066398,1.8));
#10850 = DIRECTION('',(0.,-1.,0.));
#10851 = DIRECTION('',(0.,0.,1.));
#10852 = ADVANCED_FACE('',(#10853),#10870,.T.);
#10853 = FACE_BOUND('',#10854,.T.);
#10854 = EDGE_LOOP('',(#10855,#10862,#10863));
#10855 = ORIENTED_EDGE('',*,*,#10856,.F.);
#10856 = EDGE_CURVE('',#10775,#10236,#10857,.T.);
#10857 = CIRCLE('',#10858,0.2);
#10858 = AXIS2_PLACEMENT_3D('',#10859,#10860,#10861);
#10859 = CARTESIAN_POINT('',(-2.332302140162,-4.782302140162,1.8));
#10860 = DIRECTION('',(1.,0.,-0.));
#10861 = DIRECTION('',(0.,0.,1.));
#10862 = ORIENTED_EDGE('',*,*,#10840,.F.);
#10863 = ORIENTED_EDGE('',*,*,#10864,.F.);
#10864 = EDGE_CURVE('',#10236,#10833,#10865,.T.);
#10865 = CIRCLE('',#10866,0.2);
#10866 = AXIS2_PLACEMENT_3D('',#10867,#10868,#10869);
#10867 = CARTESIAN_POINT('',(-2.332302140162,-4.782302140162,1.8));
#10868 = DIRECTION('',(-0.171087869746,-0.171087869746,-0.970287525248)
  );
#10869 = DIRECTION('',(-7.702172233337E-16,-0.984807753012,
    0.173648177667));
#10870 = SPHERICAL_SURFACE('',#10871,0.2);
#10871 = AXIS2_PLACEMENT_3D('',#10872,#10873,#10874);
#10872 = CARTESIAN_POINT('',(-2.332302140162,-4.782302140162,1.8));
#10873 = DIRECTION('',(0.,-0.766044443119,-0.642787609687));
#10874 = DIRECTION('',(0.,-0.642787609687,0.766044443119));
#10875 = ADVANCED_FACE('',(#10876),#10887,.T.);
#10876 = FACE_BOUND('',#10877,.T.);
#10877 = EDGE_LOOP('',(#10878,#10879,#10885,#10886));
#10878 = ORIENTED_EDGE('',*,*,#10864,.T.);
#10879 = ORIENTED_EDGE('',*,*,#10880,.F.);
#10880 = EDGE_CURVE('',#9809,#10833,#10881,.T.);
#10881 = LINE('',#10882,#10883);
#10882 = CARTESIAN_POINT('',(-2.64998567281,-4.903031224027,
    1.15004853541));
#10883 = VECTOR('',#10884,1.);
#10884 = DIRECTION('',(0.171079878164,0.171089942432,0.970288568873));
#10885 = ORIENTED_EDGE('',*,*,#9835,.F.);
#10886 = ORIENTED_EDGE('',*,*,#10235,.T.);
#10887 = CYLINDRICAL_SURFACE('',#10888,0.2);
#10888 = AXIS2_PLACEMENT_3D('',#10889,#10890,#10891);
#10889 = CARTESIAN_POINT('',(-2.453038449398,-4.903038449398,
    1.115270364467));
#10890 = DIRECTION('',(-0.171087869746,-0.171087869746,-0.970287525248)
  );
#10891 = DIRECTION('',(-7.702172233337E-16,-0.984807753012,
    0.173648177667));
#10892 = ADVANCED_FACE('',(#10893),#10929,.T.);
#10893 = FACE_BOUND('',#10894,.F.);
#10894 = EDGE_LOOP('',(#10895,#10896,#10906,#10914,#10922,#10928));
#10895 = ORIENTED_EDGE('',*,*,#10880,.F.);
#10896 = ORIENTED_EDGE('',*,*,#10897,.T.);
#10897 = EDGE_CURVE('',#9809,#10898,#10900,.T.);
#10898 = VERTEX_POINT('',#10899);
#10899 = CARTESIAN_POINT('',(-2.65,-4.9,1.15));
#10900 = B_SPLINE_CURVE_WITH_KNOTS('',3,(#10901,#10902,#10903,#10904,
    #10905),.UNSPECIFIED.,.F.,.F.,(4,1,4),(0.,0.5,1.),
  .QUASI_UNIFORM_KNOTS.);
#10901 = CARTESIAN_POINT('',(-2.64998567281,-4.903031224027,
    1.15004853541));
#10902 = CARTESIAN_POINT('',(-2.649993190852,-4.902535450166,
    1.150005898475));
#10903 = CARTESIAN_POINT('',(-2.649991881044,-4.901513772214,
    1.150062403948));
#10904 = CARTESIAN_POINT('',(-2.65,-4.900509464926,1.15));
#10905 = CARTESIAN_POINT('',(-2.65,-4.9,1.15));
#10906 = ORIENTED_EDGE('',*,*,#10907,.F.);
#10907 = EDGE_CURVE('',#10908,#10898,#10910,.T.);
#10908 = VERTEX_POINT('',#10909);
#10909 = CARTESIAN_POINT('',(-2.65,4.9,1.15));
#10910 = LINE('',#10911,#10912);
#10911 = CARTESIAN_POINT('',(-2.65,4.9,1.15));
#10912 = VECTOR('',#10913,1.);
#10913 = DIRECTION('',(0.,-1.,0.));
#10914 = ORIENTED_EDGE('',*,*,#10915,.T.);
#10915 = EDGE_CURVE('',#10908,#9869,#10916,.T.);
#10916 = B_SPLINE_CURVE_WITH_KNOTS('',3,(#10917,#10918,#10919,#10920,
    #10921),.UNSPECIFIED.,.F.,.F.,(4,1,4),(0.,0.5,1.),
  .QUASI_UNIFORM_KNOTS.);
#10917 = CARTESIAN_POINT('',(-2.65,4.9,1.15));
#10918 = CARTESIAN_POINT('',(-2.65,4.900509464926,1.15));
#10919 = CARTESIAN_POINT('',(-2.649991881044,4.901513772214,
    1.150062403948));
#10920 = CARTESIAN_POINT('',(-2.649993190852,4.902535450166,
    1.150005898475));
#10921 = CARTESIAN_POINT('',(-2.64998567281,4.903031224027,1.15004853541
    ));
#10922 = ORIENTED_EDGE('',*,*,#10923,.T.);
#10923 = EDGE_CURVE('',#9869,#10824,#10924,.T.);
#10924 = LINE('',#10925,#10926);
#10925 = CARTESIAN_POINT('',(-2.64998567281,4.903031224027,1.15004853541
    ));
#10926 = VECTOR('',#10927,1.);
#10927 = DIRECTION('',(0.171079878164,-0.171089942432,0.970288568873));
#10928 = ORIENTED_EDGE('',*,*,#10832,.T.);
#10929 = PLANE('',#10930);
#10930 = AXIS2_PLACEMENT_3D('',#10931,#10932,#10933);
#10931 = CARTESIAN_POINT('',(-2.65,5.1,1.15));
#10932 = DIRECTION('',(-0.984807753012,0.,0.173648177667));
#10933 = DIRECTION('',(0.,-1.,0.));
#10934 = ADVANCED_FACE('',(#10935),#10958,.T.);
#10935 = FACE_BOUND('',#10936,.T.);
#10936 = EDGE_LOOP('',(#10937,#10938,#10939,#10940,#10941,#10949,#10956,
    #10957));
#10937 = ORIENTED_EDGE('',*,*,#10265,.F.);
#10938 = ORIENTED_EDGE('',*,*,#10227,.T.);
#10939 = ORIENTED_EDGE('',*,*,#9806,.T.);
#10940 = ORIENTED_EDGE('',*,*,#10897,.T.);
#10941 = ORIENTED_EDGE('',*,*,#10942,.T.);
#10942 = EDGE_CURVE('',#10898,#10943,#10945,.T.);
#10943 = VERTEX_POINT('',#10944);
#10944 = CARTESIAN_POINT('',(-2.65,-4.90000000001,1.));
#10945 = LINE('',#10946,#10947);
#10946 = CARTESIAN_POINT('',(-2.65,-4.9,1.15));
#10947 = VECTOR('',#10948,1.);
#10948 = DIRECTION('',(0.,-6.636469152009E-11,-1.));
#10949 = ORIENTED_EDGE('',*,*,#10950,.F.);
#10950 = EDGE_CURVE('',#10435,#10943,#10951,.T.);
#10951 = B_SPLINE_CURVE_WITH_KNOTS('',3,(#10952,#10953,#10954,#10955),
  .UNSPECIFIED.,.F.,.F.,(4,4),(0.,1.),.PIECEWISE_BEZIER_KNOTS.);
#10952 = CARTESIAN_POINT('',(-2.649985662224,-4.903031213553,
    0.999951404552));
#10953 = CARTESIAN_POINT('',(-2.650000862099,-4.902028864834,
    1.000037607329));
#10954 = CARTESIAN_POINT('',(-2.65,-4.90100616347,1.));
#10955 = CARTESIAN_POINT('',(-2.65,-4.90000000001,1.));
#10956 = ORIENTED_EDGE('',*,*,#10434,.F.);
#10957 = ORIENTED_EDGE('',*,*,#10281,.F.);
#10958 = CYLINDRICAL_SURFACE('',#10959,0.2);
#10959 = AXIS2_PLACEMENT_3D('',#10960,#10961,#10962);
#10960 = CARTESIAN_POINT('',(-2.45,-4.9,1.15));
#10961 = DIRECTION('',(0.,0.,-1.));
#10962 = DIRECTION('',(0.,-1.,0.));
#10963 = ADVANCED_FACE('',(#10964),#11004,.T.);
#10964 = FACE_BOUND('',#10965,.F.);
#10965 = EDGE_LOOP('',(#10966,#10974,#10975,#10983,#10991,#10997));
#10966 = ORIENTED_EDGE('',*,*,#10967,.F.);
#10967 = EDGE_CURVE('',#10943,#10968,#10970,.T.);
#10968 = VERTEX_POINT('',#10969);
#10969 = CARTESIAN_POINT('',(-2.65,4.899999999838,0.999999999996));
#10970 = LINE('',#10971,#10972);
#10971 = CARTESIAN_POINT('',(-2.65,-4.90000000001,1.));
#10972 = VECTOR('',#10973,1.);
#10973 = DIRECTION('',(-0.,1.,-3.758671378733E-13));
#10974 = ORIENTED_EDGE('',*,*,#10950,.F.);
#10975 = ORIENTED_EDGE('',*,*,#10976,.T.);
#10976 = EDGE_CURVE('',#10435,#10977,#10979,.T.);
#10977 = VERTEX_POINT('',#10978);
#10978 = CARTESIAN_POINT('',(-2.529263690765,-4.782302140162,
    0.315270364467));
#10979 = LINE('',#10980,#10981);
#10980 = CARTESIAN_POINT('',(-2.649985662224,-4.903031213553,
    0.999951404552));
#10981 = VECTOR('',#10982,1.);
#10982 = DIRECTION('',(0.171079878159,0.171089942587,-0.970288568847));
#10983 = ORIENTED_EDGE('',*,*,#10984,.T.);
#10984 = EDGE_CURVE('',#10977,#10985,#10987,.T.);
#10985 = VERTEX_POINT('',#10986);
#10986 = CARTESIAN_POINT('',(-2.529263690765,4.782302140162,
    0.315270364467));
#10987 = LINE('',#10988,#10989);
#10988 = CARTESIAN_POINT('',(-2.529263690765,-4.782302140162,
    0.315270364467));
#10989 = VECTOR('',#10990,1.);
#10990 = DIRECTION('',(0.,1.,0.));
#10991 = ORIENTED_EDGE('',*,*,#10992,.F.);
#10992 = EDGE_CURVE('',#10495,#10985,#10993,.T.);
#10993 = LINE('',#10994,#10995);
#10994 = CARTESIAN_POINT('',(-2.649985662224,4.903031213563,
    0.999951404552));
#10995 = VECTOR('',#10996,1.);
#10996 = DIRECTION('',(0.171079878158,-0.171089942601,-0.970288568844));
#10997 = ORIENTED_EDGE('',*,*,#10998,.F.);
#10998 = EDGE_CURVE('',#10968,#10495,#10999,.T.);
#10999 = B_SPLINE_CURVE_WITH_KNOTS('',3,(#11000,#11001,#11002,#11003),
  .UNSPECIFIED.,.F.,.F.,(4,4),(0.,1.),.PIECEWISE_BEZIER_KNOTS.);
#11000 = CARTESIAN_POINT('',(-2.65,4.899999999838,0.999999999996));
#11001 = CARTESIAN_POINT('',(-2.65,4.90100616347,0.999999999996));
#11002 = CARTESIAN_POINT('',(-2.650000862102,4.902028864673,
    1.000037607345));
#11003 = CARTESIAN_POINT('',(-2.649985662224,4.903031213563,
    0.999951404552));
#11004 = PLANE('',#11005);
#11005 = AXIS2_PLACEMENT_3D('',#11006,#11007,#11008);
#11006 = CARTESIAN_POINT('',(-2.65,-5.1,1.));
#11007 = DIRECTION('',(-0.984807753012,0.,-0.173648177667));
#11008 = DIRECTION('',(0.,1.,0.));
#11009 = ADVANCED_FACE('',(#11010),#11021,.T.);
#11010 = FACE_BOUND('',#11011,.F.);
#11011 = EDGE_LOOP('',(#11012,#11013,#11019,#11020));
#11012 = ORIENTED_EDGE('',*,*,#10967,.T.);
#11013 = ORIENTED_EDGE('',*,*,#11014,.F.);
#11014 = EDGE_CURVE('',#10908,#10968,#11015,.T.);
#11015 = LINE('',#11016,#11017);
#11016 = CARTESIAN_POINT('',(-2.65,4.9,1.15));
#11017 = VECTOR('',#11018,1.);
#11018 = DIRECTION('',(0.,-1.080119697362E-09,-1.));
#11019 = ORIENTED_EDGE('',*,*,#10907,.T.);
#11020 = ORIENTED_EDGE('',*,*,#10942,.T.);
#11021 = PLANE('',#11022);
#11022 = AXIS2_PLACEMENT_3D('',#11023,#11024,#11025);
#11023 = CARTESIAN_POINT('',(-2.65,-4.9,1.15));
#11024 = DIRECTION('',(-1.,0.,0.));
#11025 = DIRECTION('',(0.,1.,0.));
#11026 = ADVANCED_FACE('',(#11027),#11037,.T.);
#11027 = FACE_BOUND('',#11028,.T.);
#11028 = EDGE_LOOP('',(#11029,#11030,#11031,#11032,#11033,#11034,#11035,
    #11036));
#11029 = ORIENTED_EDGE('',*,*,#11014,.F.);
#11030 = ORIENTED_EDGE('',*,*,#10915,.T.);
#11031 = ORIENTED_EDGE('',*,*,#9868,.T.);
#11032 = ORIENTED_EDGE('',*,*,#10686,.T.);
#11033 = ORIENTED_EDGE('',*,*,#10650,.T.);
#11034 = ORIENTED_EDGE('',*,*,#10602,.F.);
#11035 = ORIENTED_EDGE('',*,*,#10494,.F.);
#11036 = ORIENTED_EDGE('',*,*,#10998,.F.);
#11037 = CYLINDRICAL_SURFACE('',#11038,0.2);
#11038 = AXIS2_PLACEMENT_3D('',#11039,#11040,#11041);
#11039 = CARTESIAN_POINT('',(-2.45,4.9,1.15));
#11040 = DIRECTION('',(0.,0.,-1.));
#11041 = DIRECTION('',(0.,-1.,0.));
#11042 = ADVANCED_FACE('',(#11043),#11055,.T.);
#11043 = FACE_BOUND('',#11044,.T.);
#11044 = EDGE_LOOP('',(#11045,#11052,#11053,#11054));
#11045 = ORIENTED_EDGE('',*,*,#11046,.T.);
#11046 = EDGE_CURVE('',#10977,#10291,#11047,.T.);
#11047 = CIRCLE('',#11048,0.2);
#11048 = AXIS2_PLACEMENT_3D('',#11049,#11050,#11051);
#11049 = CARTESIAN_POINT('',(-2.332302140162,-4.782302140162,0.35));
#11050 = DIRECTION('',(-0.171087869746,-0.171087869746,0.970287525248));
#11051 = DIRECTION('',(-0.984807753012,-7.702172233337E-16,
    -0.173648177667));
#11052 = ORIENTED_EDGE('',*,*,#10290,.F.);
#11053 = ORIENTED_EDGE('',*,*,#10461,.F.);
#11054 = ORIENTED_EDGE('',*,*,#10976,.T.);
#11055 = CYLINDRICAL_SURFACE('',#11056,0.2);
#11056 = AXIS2_PLACEMENT_3D('',#11057,#11058,#11059);
#11057 = CARTESIAN_POINT('',(-2.453038449398,-4.903038449398,
    1.034729635533));
#11058 = DIRECTION('',(-0.171087869746,-0.171087869746,0.970287525248));
#11059 = DIRECTION('',(-0.984807753012,-7.702172233337E-16,
    -0.173648177667));
#11060 = ADVANCED_FACE('',(#11061),#11080,.T.);
#11061 = FACE_BOUND('',#11062,.T.);
#11062 = EDGE_LOOP('',(#11063,#11072,#11073));
#11063 = ORIENTED_EDGE('',*,*,#11064,.F.);
#11064 = EDGE_CURVE('',#10291,#11065,#11067,.T.);
#11065 = VERTEX_POINT('',#11066);
#11066 = CARTESIAN_POINT('',(-2.332302140162,-4.782302140162,0.15));
#11067 = CIRCLE('',#11068,0.2);
#11068 = AXIS2_PLACEMENT_3D('',#11069,#11070,#11071);
#11069 = CARTESIAN_POINT('',(-2.332302140162,-4.782302140162,0.35));
#11070 = DIRECTION('',(1.,0.,0.));
#11071 = DIRECTION('',(0.,-0.984807753012,-0.173648177667));
#11072 = ORIENTED_EDGE('',*,*,#11046,.F.);
#11073 = ORIENTED_EDGE('',*,*,#11074,.F.);
#11074 = EDGE_CURVE('',#11065,#10977,#11075,.T.);
#11075 = CIRCLE('',#11076,0.2);
#11076 = AXIS2_PLACEMENT_3D('',#11077,#11078,#11079);
#11077 = CARTESIAN_POINT('',(-2.332302140162,-4.782302140162,0.35));
#11078 = DIRECTION('',(0.,1.,0.));
#11079 = DIRECTION('',(0.,0.,-1.));
#11080 = SPHERICAL_SURFACE('',#11081,0.2);
#11081 = AXIS2_PLACEMENT_3D('',#11082,#11083,#11084);
#11082 = CARTESIAN_POINT('',(-2.332302140162,-4.782302140162,0.35));
#11083 = DIRECTION('',(-0.,0.766044443119,-0.642787609687));
#11084 = DIRECTION('',(0.,-0.642787609687,-0.766044443119));
#11085 = ADVANCED_FACE('',(#11086),#11105,.T.);
#11086 = FACE_BOUND('',#11087,.T.);
#11087 = EDGE_LOOP('',(#11088,#11089,#11090,#11099));
#11088 = ORIENTED_EDGE('',*,*,#11074,.T.);
#11089 = ORIENTED_EDGE('',*,*,#10984,.T.);
#11090 = ORIENTED_EDGE('',*,*,#11091,.T.);
#11091 = EDGE_CURVE('',#10985,#11092,#11094,.T.);
#11092 = VERTEX_POINT('',#11093);
#11093 = CARTESIAN_POINT('',(-2.332302140162,4.782302140162,0.15));
#11094 = CIRCLE('',#11095,0.2);
#11095 = AXIS2_PLACEMENT_3D('',#11096,#11097,#11098);
#11096 = CARTESIAN_POINT('',(-2.332302140162,4.782302140162,0.35));
#11097 = DIRECTION('',(-0.,-1.,0.));
#11098 = DIRECTION('',(-0.984807753012,0.,-0.173648177667));
#11099 = ORIENTED_EDGE('',*,*,#11100,.F.);
#11100 = EDGE_CURVE('',#11065,#11092,#11101,.T.);
#11101 = LINE('',#11102,#11103);
#11102 = CARTESIAN_POINT('',(-2.332302140162,-4.782302140162,0.15));
#11103 = VECTOR('',#11104,1.);
#11104 = DIRECTION('',(0.,1.,0.));
#11105 = CYLINDRICAL_SURFACE('',#11106,0.2);
#11106 = AXIS2_PLACEMENT_3D('',#11107,#11108,#11109);
#11107 = CARTESIAN_POINT('',(-2.332302140162,-4.950122066398,0.35));
#11108 = DIRECTION('',(0.,1.,0.));
#11109 = DIRECTION('',(0.,0.,-1.));
#11110 = ADVANCED_FACE('',(#11111),#11136,.T.);
#11111 = FACE_BOUND('',#11112,.F.);
#11112 = EDGE_LOOP('',(#11113,#11123,#11129,#11130));
#11113 = ORIENTED_EDGE('',*,*,#11114,.F.);
#11114 = EDGE_CURVE('',#11115,#11117,#11119,.T.);
#11115 = VERTEX_POINT('',#11116);
#11116 = CARTESIAN_POINT('',(2.332302140162,4.782302140162,0.15));
#11117 = VERTEX_POINT('',#11118);
#11118 = CARTESIAN_POINT('',(2.332302140162,-4.782302140162,0.15));
#11119 = LINE('',#11120,#11121);
#11120 = CARTESIAN_POINT('',(2.332302140162,4.782302140162,0.15));
#11121 = VECTOR('',#11122,1.);
#11122 = DIRECTION('',(0.,-1.,0.));
#11123 = ORIENTED_EDGE('',*,*,#11124,.F.);
#11124 = EDGE_CURVE('',#11092,#11115,#11125,.T.);
#11125 = LINE('',#11126,#11127);
#11126 = CARTESIAN_POINT('',(-2.332302140162,4.782302140162,0.15));
#11127 = VECTOR('',#11128,1.);
#11128 = DIRECTION('',(1.,0.,0.));
#11129 = ORIENTED_EDGE('',*,*,#11100,.F.);
#11130 = ORIENTED_EDGE('',*,*,#11131,.F.);
#11131 = EDGE_CURVE('',#11117,#11065,#11132,.T.);
#11132 = LINE('',#11133,#11134);
#11133 = CARTESIAN_POINT('',(2.332302140162,-4.782302140162,0.15));
#11134 = VECTOR('',#11135,1.);
#11135 = DIRECTION('',(-1.,0.,0.));
#11136 = PLANE('',#11137);
#11137 = AXIS2_PLACEMENT_3D('',#11138,#11139,#11140);
#11138 = CARTESIAN_POINT('',(2.65,5.1,0.15));
#11139 = DIRECTION('',(0.,0.,-1.));
#11140 = DIRECTION('',(0.,-1.,0.));
#11141 = ADVANCED_FACE('',(#11142),#11160,.T.);
#11142 = FACE_BOUND('',#11143,.T.);
#11143 = EDGE_LOOP('',(#11144,#11151,#11152,#11159));
#11144 = ORIENTED_EDGE('',*,*,#11145,.T.);
#11145 = EDGE_CURVE('',#11115,#10090,#11146,.T.);
#11146 = CIRCLE('',#11147,0.2);
#11147 = AXIS2_PLACEMENT_3D('',#11148,#11149,#11150);
#11148 = CARTESIAN_POINT('',(2.332302140162,4.782302140162,0.35));
#11149 = DIRECTION('',(0.,-1.,0.));
#11150 = DIRECTION('',(0.,0.,-1.));
#11151 = ORIENTED_EDGE('',*,*,#10089,.T.);
#11152 = ORIENTED_EDGE('',*,*,#11153,.T.);
#11153 = EDGE_CURVE('',#10082,#11117,#11154,.T.);
#11154 = CIRCLE('',#11155,0.2);
#11155 = AXIS2_PLACEMENT_3D('',#11156,#11157,#11158);
#11156 = CARTESIAN_POINT('',(2.332302140162,-4.782302140162,0.35));
#11157 = DIRECTION('',(0.,1.,0.));
#11158 = DIRECTION('',(0.984807753012,0.,-0.173648177667));
#11159 = ORIENTED_EDGE('',*,*,#11114,.F.);
#11160 = CYLINDRICAL_SURFACE('',#11161,0.2);
#11161 = AXIS2_PLACEMENT_3D('',#11162,#11163,#11164);
#11162 = CARTESIAN_POINT('',(2.332302140162,4.979263690765,0.35));
#11163 = DIRECTION('',(0.,-1.,0.));
#11164 = DIRECTION('',(0.,0.,-1.));
#11165 = ADVANCED_FACE('',(#11166),#11177,.T.);
#11166 = FACE_BOUND('',#11167,.T.);
#11167 = EDGE_LOOP('',(#11168,#11169,#11176));
#11168 = ORIENTED_EDGE('',*,*,#10322,.F.);
#11169 = ORIENTED_EDGE('',*,*,#11170,.F.);
#11170 = EDGE_CURVE('',#11117,#10299,#11171,.T.);
#11171 = CIRCLE('',#11172,0.2);
#11172 = AXIS2_PLACEMENT_3D('',#11173,#11174,#11175);
#11173 = CARTESIAN_POINT('',(2.332302140162,-4.782302140162,0.35));
#11174 = DIRECTION('',(-1.,-0.,-0.));
#11175 = DIRECTION('',(0.,0.,-1.));
#11176 = ORIENTED_EDGE('',*,*,#11153,.F.);
#11177 = SPHERICAL_SURFACE('',#11178,0.2);
#11178 = AXIS2_PLACEMENT_3D('',#11179,#11180,#11181);
#11179 = CARTESIAN_POINT('',(2.332302140162,-4.782302140162,0.35));
#11180 = DIRECTION('',(0.707106781187,0.707106781187,0.));
#11181 = DIRECTION('',(0.686096888803,-0.686096888803,-0.241954785752));
#11182 = ADVANCED_FACE('',(#11183),#11189,.T.);
#11183 = FACE_BOUND('',#11184,.T.);
#11184 = EDGE_LOOP('',(#11185,#11186,#11187,#11188));
#11185 = ORIENTED_EDGE('',*,*,#11170,.T.);
#11186 = ORIENTED_EDGE('',*,*,#10298,.T.);
#11187 = ORIENTED_EDGE('',*,*,#11064,.T.);
#11188 = ORIENTED_EDGE('',*,*,#11131,.F.);
#11189 = CYLINDRICAL_SURFACE('',#11190,0.2);
#11190 = AXIS2_PLACEMENT_3D('',#11191,#11192,#11193);
#11191 = CARTESIAN_POINT('',(2.529263690765,-4.782302140162,0.35));
#11192 = DIRECTION('',(-1.,0.,0.));
#11193 = DIRECTION('',(0.,0.,-1.));
#11194 = ADVANCED_FACE('',(#11195),#11212,.T.);
#11195 = FACE_BOUND('',#11196,.T.);
#11196 = EDGE_LOOP('',(#11197,#11204,#11205));
#11197 = ORIENTED_EDGE('',*,*,#11198,.F.);
#11198 = EDGE_CURVE('',#10090,#10618,#11199,.T.);
#11199 = CIRCLE('',#11200,0.2);
#11200 = AXIS2_PLACEMENT_3D('',#11201,#11202,#11203);
#11201 = CARTESIAN_POINT('',(2.332302140162,4.782302140162,0.35));
#11202 = DIRECTION('',(0.171087869746,0.171087869746,0.970287525248));
#11203 = DIRECTION('',(0.984807753012,7.702172233337E-16,-0.173648177667
    ));
#11204 = ORIENTED_EDGE('',*,*,#11145,.F.);
#11205 = ORIENTED_EDGE('',*,*,#11206,.F.);
#11206 = EDGE_CURVE('',#10618,#11115,#11207,.T.);
#11207 = CIRCLE('',#11208,0.2);
#11208 = AXIS2_PLACEMENT_3D('',#11209,#11210,#11211);
#11209 = CARTESIAN_POINT('',(2.332302140162,4.782302140162,0.35));
#11210 = DIRECTION('',(-1.,-0.,0.));
#11211 = DIRECTION('',(-0.,0.984807753012,-0.173648177667));
#11212 = SPHERICAL_SURFACE('',#11213,0.2);
#11213 = AXIS2_PLACEMENT_3D('',#11214,#11215,#11216);
#11214 = CARTESIAN_POINT('',(2.332302140162,4.782302140162,0.35));
#11215 = DIRECTION('',(-0.707106781187,0.707106781187,0.));
#11216 = DIRECTION('',(0.686096888803,0.686096888803,-0.241954785752));
#11217 = ADVANCED_FACE('',(#11218),#11230,.T.);
#11218 = FACE_BOUND('',#11219,.T.);
#11219 = EDGE_LOOP('',(#11220,#11227,#11228,#11229));
#11220 = ORIENTED_EDGE('',*,*,#11221,.T.);
#11221 = EDGE_CURVE('',#11092,#10610,#11222,.T.);
#11222 = CIRCLE('',#11223,0.2);
#11223 = AXIS2_PLACEMENT_3D('',#11224,#11225,#11226);
#11224 = CARTESIAN_POINT('',(-2.332302140162,4.782302140162,0.35));
#11225 = DIRECTION('',(1.,0.,0.));
#11226 = DIRECTION('',(0.,0.,-1.));
#11227 = ORIENTED_EDGE('',*,*,#10617,.T.);
#11228 = ORIENTED_EDGE('',*,*,#11206,.T.);
#11229 = ORIENTED_EDGE('',*,*,#11124,.F.);
#11230 = CYLINDRICAL_SURFACE('',#11231,0.2);
#11231 = AXIS2_PLACEMENT_3D('',#11232,#11233,#11234);
#11232 = CARTESIAN_POINT('',(-2.332302140162,4.782302140162,0.35));
#11233 = DIRECTION('',(1.,0.,0.));
#11234 = DIRECTION('',(0.,0.,-1.));
#11235 = ADVANCED_FACE('',(#11236),#11247,.T.);
#11236 = FACE_BOUND('',#11237,.T.);
#11237 = EDGE_LOOP('',(#11238,#11239,#11240));
#11238 = ORIENTED_EDGE('',*,*,#11221,.F.);
#11239 = ORIENTED_EDGE('',*,*,#11091,.F.);
#11240 = ORIENTED_EDGE('',*,*,#11241,.F.);
#11241 = EDGE_CURVE('',#10610,#10985,#11242,.T.);
#11242 = CIRCLE('',#11243,0.2);
#11243 = AXIS2_PLACEMENT_3D('',#11244,#11245,#11246);
#11244 = CARTESIAN_POINT('',(-2.332302140162,4.782302140162,0.35));
#11245 = DIRECTION('',(-0.171087869746,0.171087869746,0.970287525248));
#11246 = DIRECTION('',(-7.702172233337E-16,0.984807753012,
    -0.173648177667));
#11247 = SPHERICAL_SURFACE('',#11248,0.2);
#11248 = AXIS2_PLACEMENT_3D('',#11249,#11250,#11251);
#11249 = CARTESIAN_POINT('',(-2.332302140162,4.782302140162,0.35));
#11250 = DIRECTION('',(0.,0.766044443119,0.642787609687));
#11251 = DIRECTION('',(-0.,0.642787609687,-0.766044443119));
#11252 = ADVANCED_FACE('',(#11253),#11259,.T.);
#11253 = FACE_BOUND('',#11254,.T.);
#11254 = EDGE_LOOP('',(#11255,#11256,#11257,#11258));
#11255 = ORIENTED_EDGE('',*,*,#11241,.T.);
#11256 = ORIENTED_EDGE('',*,*,#10992,.F.);
#11257 = ORIENTED_EDGE('',*,*,#10523,.F.);
#11258 = ORIENTED_EDGE('',*,*,#10609,.T.);
#11259 = CYLINDRICAL_SURFACE('',#11260,0.2);
#11260 = AXIS2_PLACEMENT_3D('',#11261,#11262,#11263);
#11261 = CARTESIAN_POINT('',(-2.453038449398,4.903038449398,
    1.034729635533));
#11262 = DIRECTION('',(-0.171087869746,0.171087869746,0.970287525248));
#11263 = DIRECTION('',(-7.702172233337E-16,0.984807753012,
    -0.173648177667));
#11264 = ADVANCED_FACE('',(#11265),#11271,.T.);
#11265 = FACE_BOUND('',#11266,.T.);
#11266 = EDGE_LOOP('',(#11267,#11268,#11269,#11270));
#11267 = ORIENTED_EDGE('',*,*,#11198,.T.);
#11268 = ORIENTED_EDGE('',*,*,#10625,.F.);
#11269 = ORIENTED_EDGE('',*,*,#10391,.F.);
#11270 = ORIENTED_EDGE('',*,*,#10097,.T.);
#11271 = CYLINDRICAL_SURFACE('',#11272,0.2);
#11272 = AXIS2_PLACEMENT_3D('',#11273,#11274,#11275);
#11273 = CARTESIAN_POINT('',(2.453038449398,4.903038449398,
    1.034729635533));
#11274 = DIRECTION('',(0.171087869746,0.171087869746,0.970287525248));
#11275 = DIRECTION('',(0.984807753012,7.702172233337E-16,-0.173648177667
    ));
#11276 = ADVANCED_FACE('',(#11277),#11289,.T.);
#11277 = FACE_BOUND('',#11278,.T.);
#11278 = EDGE_LOOP('',(#11279,#11286,#11287,#11288));
#11279 = ORIENTED_EDGE('',*,*,#11280,.T.);
#11280 = EDGE_CURVE('',#10824,#10673,#11281,.T.);
#11281 = CIRCLE('',#11282,0.2);
#11282 = AXIS2_PLACEMENT_3D('',#11283,#11284,#11285);
#11283 = CARTESIAN_POINT('',(-2.332302140162,4.782302140162,1.8));
#11284 = DIRECTION('',(-0.171087869746,0.171087869746,-0.970287525248));
#11285 = DIRECTION('',(-0.984807753012,7.702172233337E-16,0.173648177667
    ));
#11286 = ORIENTED_EDGE('',*,*,#10680,.F.);
#11287 = ORIENTED_EDGE('',*,*,#9897,.F.);
#11288 = ORIENTED_EDGE('',*,*,#10923,.T.);
#11289 = CYLINDRICAL_SURFACE('',#11290,0.2);
#11290 = AXIS2_PLACEMENT_3D('',#11291,#11292,#11293);
#11291 = CARTESIAN_POINT('',(-2.453038449398,4.903038449398,
    1.115270364467));
#11292 = DIRECTION('',(-0.171087869746,0.171087869746,-0.970287525248));
#11293 = DIRECTION('',(-0.984807753012,7.702172233337E-16,0.173648177667
    ));
#11294 = ADVANCED_FACE('',(#11295),#11306,.T.);
#11295 = FACE_BOUND('',#11296,.T.);
#11296 = EDGE_LOOP('',(#11297,#11304,#11305));
#11297 = ORIENTED_EDGE('',*,*,#11298,.F.);
#11298 = EDGE_CURVE('',#10673,#10773,#11299,.T.);
#11299 = CIRCLE('',#11300,0.2);
#11300 = AXIS2_PLACEMENT_3D('',#11301,#11302,#11303);
#11301 = CARTESIAN_POINT('',(-2.332302140162,4.782302140162,1.8));
#11302 = DIRECTION('',(1.,0.,-0.));
#11303 = DIRECTION('',(0.,0.984807753012,0.173648177667));
#11304 = ORIENTED_EDGE('',*,*,#11280,.F.);
#11305 = ORIENTED_EDGE('',*,*,#10823,.F.);
#11306 = SPHERICAL_SURFACE('',#11307,0.2);
#11307 = AXIS2_PLACEMENT_3D('',#11308,#11309,#11310);
#11308 = CARTESIAN_POINT('',(-2.332302140162,4.782302140162,1.8));
#11309 = DIRECTION('',(0.,-0.766044443119,0.642787609687));
#11310 = DIRECTION('',(0.,0.642787609687,0.766044443119));
#11311 = ADVANCED_FACE('',(#11312),#11318,.T.);
#11312 = FACE_BOUND('',#11313,.T.);
#11313 = EDGE_LOOP('',(#11314,#11315,#11316,#11317));
#11314 = ORIENTED_EDGE('',*,*,#10722,.T.);
#11315 = ORIENTED_EDGE('',*,*,#10672,.T.);
#11316 = ORIENTED_EDGE('',*,*,#11298,.T.);
#11317 = ORIENTED_EDGE('',*,*,#10782,.F.);
#11318 = CYLINDRICAL_SURFACE('',#11319,0.2);
#11319 = AXIS2_PLACEMENT_3D('',#11320,#11321,#11322);
#11320 = CARTESIAN_POINT('',(2.332302140162,4.782302140162,1.8));
#11321 = DIRECTION('',(-1.,0.,0.));
#11322 = DIRECTION('',(0.,0.,1.));
#11323 = ADVANCED_FACE('',(#11324),#11336,.T.);
#11324 = FACE_BOUND('',#11325,.T.);
#11325 = EDGE_LOOP('',(#11326,#11327,#11328,#11335));
#11326 = ORIENTED_EDGE('',*,*,#10856,.T.);
#11327 = ORIENTED_EDGE('',*,*,#10243,.T.);
#11328 = ORIENTED_EDGE('',*,*,#11329,.T.);
#11329 = EDGE_CURVE('',#10193,#10748,#11330,.T.);
#11330 = CIRCLE('',#11331,0.2);
#11331 = AXIS2_PLACEMENT_3D('',#11332,#11333,#11334);
#11332 = CARTESIAN_POINT('',(2.332302140162,-4.782302140162,1.8));
#11333 = DIRECTION('',(-1.,0.,0.));
#11334 = DIRECTION('',(0.,-0.984807753012,0.173648177667));
#11335 = ORIENTED_EDGE('',*,*,#10789,.F.);
#11336 = CYLINDRICAL_SURFACE('',#11337,0.2);
#11337 = AXIS2_PLACEMENT_3D('',#11338,#11339,#11340);
#11338 = CARTESIAN_POINT('',(-2.332302140162,-4.782302140162,1.8));
#11339 = DIRECTION('',(1.,0.,0.));
#11340 = DIRECTION('',(0.,0.,1.));
#11341 = ADVANCED_FACE('',(#11342),#11347,.T.);
#11342 = FACE_BOUND('',#11343,.T.);
#11343 = EDGE_LOOP('',(#11344,#11345,#11346));
#11344 = ORIENTED_EDGE('',*,*,#10747,.F.);
#11345 = ORIENTED_EDGE('',*,*,#11329,.F.);
#11346 = ORIENTED_EDGE('',*,*,#10192,.F.);
#11347 = SPHERICAL_SURFACE('',#11348,0.2);
#11348 = AXIS2_PLACEMENT_3D('',#11349,#11350,#11351);
#11349 = CARTESIAN_POINT('',(2.332302140162,-4.782302140162,1.8));
#11350 = DIRECTION('',(0.766044443119,-0.,-0.642787609687));
#11351 = DIRECTION('',(0.642787609687,0.,0.766044443119));
#11352 = ADVANCED_FACE('',(#11353),#11379,.F.);
#11353 = FACE_BOUND('',#11354,.F.);
#11354 = EDGE_LOOP('',(#11355,#11356,#11364,#11373));
#11355 = ORIENTED_EDGE('',*,*,#10797,.F.);
#11356 = ORIENTED_EDGE('',*,*,#11357,.T.);
#11357 = EDGE_CURVE('',#10798,#11358,#11360,.T.);
#11358 = VERTEX_POINT('',#11359);
#11359 = CARTESIAN_POINT('',(-1.6,3.9,1.95));
#11360 = LINE('',#11361,#11362);
#11361 = CARTESIAN_POINT('',(-1.6,3.9,2.));
#11362 = VECTOR('',#11363,1.);
#11363 = DIRECTION('',(0.,0.,-1.));
#11364 = ORIENTED_EDGE('',*,*,#11365,.T.);
#11365 = EDGE_CURVE('',#11358,#11366,#11368,.T.);
#11366 = VERTEX_POINT('',#11367);
#11367 = CARTESIAN_POINT('',(-1.6,4.5,1.95));
#11368 = CIRCLE('',#11369,0.3);
#11369 = AXIS2_PLACEMENT_3D('',#11370,#11371,#11372);
#11370 = CARTESIAN_POINT('',(-1.6,4.2,1.95));
#11371 = DIRECTION('',(-0.,0.,1.));
#11372 = DIRECTION('',(0.,-1.,0.));
#11373 = ORIENTED_EDGE('',*,*,#11374,.F.);
#11374 = EDGE_CURVE('',#10800,#11366,#11375,.T.);
#11375 = LINE('',#11376,#11377);
#11376 = CARTESIAN_POINT('',(-1.6,4.5,2.));
#11377 = VECTOR('',#11378,1.);
#11378 = DIRECTION('',(0.,0.,-1.));
#11379 = CYLINDRICAL_SURFACE('',#11380,0.3);
#11380 = AXIS2_PLACEMENT_3D('',#11381,#11382,#11383);
#11381 = CARTESIAN_POINT('',(-1.6,4.2,2.));
#11382 = DIRECTION('',(0.,0.,1.));
#11383 = DIRECTION('',(0.,-1.,0.));
#11384 = ADVANCED_FACE('',(#11385),#11397,.F.);
#11385 = FACE_BOUND('',#11386,.F.);
#11386 = EDGE_LOOP('',(#11387,#11388,#11389,#11396));
#11387 = ORIENTED_EDGE('',*,*,#10808,.F.);
#11388 = ORIENTED_EDGE('',*,*,#11374,.T.);
#11389 = ORIENTED_EDGE('',*,*,#11390,.T.);
#11390 = EDGE_CURVE('',#11366,#11358,#11391,.T.);
#11391 = CIRCLE('',#11392,0.3);
#11392 = AXIS2_PLACEMENT_3D('',#11393,#11394,#11395);
#11393 = CARTESIAN_POINT('',(-1.6,4.2,1.95));
#11394 = DIRECTION('',(0.,-0.,1.));
#11395 = DIRECTION('',(0.,1.,0.));
#11396 = ORIENTED_EDGE('',*,*,#11357,.F.);
#11397 = CYLINDRICAL_SURFACE('',#11398,0.3);
#11398 = AXIS2_PLACEMENT_3D('',#11399,#11400,#11401);
#11399 = CARTESIAN_POINT('',(-1.6,4.2,2.));
#11400 = DIRECTION('',(0.,0.,1.));
#11401 = DIRECTION('',(0.,-1.,0.));
#11402 = ADVANCED_FACE('',(#11403),#11407,.T.);
#11403 = FACE_BOUND('',#11404,.F.);
#11404 = EDGE_LOOP('',(#11405,#11406));
#11405 = ORIENTED_EDGE('',*,*,#11365,.F.);
#11406 = ORIENTED_EDGE('',*,*,#11390,.F.);
#11407 = PLANE('',#11408);
#11408 = AXIS2_PLACEMENT_3D('',#11409,#11410,#11411);
#11409 = CARTESIAN_POINT('',(0.,0.,1.95));
#11410 = DIRECTION('',(0.,0.,1.));
#11411 = DIRECTION('',(0.,-1.,0.));
#11412 = MANIFOLD_SOLID_BREP('',#11413);
#11413 = CLOSED_SHELL('',(#11414,#11522,#11553,#11652,#11674,#11691,
    #11708,#11725,#11742,#11754,#11771,#11788,#11805,#11822));
#11414 = ADVANCED_FACE('',(#11415),#11517,.F.);
#11415 = FACE_BOUND('',#11416,.F.);
#11416 = EDGE_LOOP('',(#11417,#11427,#11436,#11444,#11452,#11460,#11469,
    #11477,#11486,#11494,#11502,#11510));
#11417 = ORIENTED_EDGE('',*,*,#11418,.F.);
#11418 = EDGE_CURVE('',#11419,#11421,#11423,.T.);
#11419 = VERTEX_POINT('',#11420);
#11420 = CARTESIAN_POINT('',(-2.991068063962,-4.23,0.867783708427));
#11421 = VERTEX_POINT('',#11422);
#11422 = CARTESIAN_POINT('',(-3.098912227408,-4.23,0.256169064923));
#11423 = LINE('',#11424,#11425);
#11424 = CARTESIAN_POINT('',(-2.991068063962,-4.23,0.867783708427));
#11425 = VECTOR('',#11426,1.);
#11426 = DIRECTION('',(-0.173648177667,0.,-0.984807753012));
#11427 = ORIENTED_EDGE('',*,*,#11428,.F.);
#11428 = EDGE_CURVE('',#11429,#11419,#11431,.T.);
#11429 = VERTEX_POINT('',#11430);
#11430 = CARTESIAN_POINT('',(-2.83349882348,-4.23,1.));
#11431 = CIRCLE('',#11432,0.16);
#11432 = AXIS2_PLACEMENT_3D('',#11433,#11434,#11435);
#11433 = CARTESIAN_POINT('',(-2.83349882348,-4.23,0.84));
#11434 = DIRECTION('',(0.,-1.,0.));
#11435 = DIRECTION('',(0.,0.,1.));
#11436 = ORIENTED_EDGE('',*,*,#11437,.T.);
#11437 = EDGE_CURVE('',#11429,#11438,#11440,.T.);
#11438 = VERTEX_POINT('',#11439);
#11439 = CARTESIAN_POINT('',(-2.65,-4.23,1.));
#11440 = LINE('',#11441,#11442);
#11441 = CARTESIAN_POINT('',(-2.83349882348,-4.23,1.));
#11442 = VECTOR('',#11443,1.);
#11443 = DIRECTION('',(1.,0.,0.));
#11444 = ORIENTED_EDGE('',*,*,#11445,.T.);
#11445 = EDGE_CURVE('',#11438,#11446,#11448,.T.);
#11446 = VERTEX_POINT('',#11447);
#11447 = CARTESIAN_POINT('',(-2.65,-4.23,1.15));
#11448 = LINE('',#11449,#11450);
#11449 = CARTESIAN_POINT('',(-2.65,-4.23,1.));
#11450 = VECTOR('',#11451,1.);
#11451 = DIRECTION('',(0.,0.,1.));
#11452 = ORIENTED_EDGE('',*,*,#11453,.T.);
#11453 = EDGE_CURVE('',#11446,#11454,#11456,.T.);
#11454 = VERTEX_POINT('',#11455);
#11455 = CARTESIAN_POINT('',(-2.83349882348,-4.23,1.15));
#11456 = LINE('',#11457,#11458);
#11457 = CARTESIAN_POINT('',(-2.65,-4.23,1.15));
#11458 = VECTOR('',#11459,1.);
#11459 = DIRECTION('',(-1.,0.,0.));
#11460 = ORIENTED_EDGE('',*,*,#11461,.F.);
#11461 = EDGE_CURVE('',#11462,#11454,#11464,.T.);
#11462 = VERTEX_POINT('',#11463);
#11463 = CARTESIAN_POINT('',(-3.138789226914,-4.23,0.893830935077));
#11464 = CIRCLE('',#11465,0.31);
#11465 = AXIS2_PLACEMENT_3D('',#11466,#11467,#11468);
#11466 = CARTESIAN_POINT('',(-2.83349882348,-4.23,0.84));
#11467 = DIRECTION('',(0.,1.,-0.));
#11468 = DIRECTION('',(-0.984807753012,0.,0.173648177667));
#11469 = ORIENTED_EDGE('',*,*,#11470,.F.);
#11470 = EDGE_CURVE('',#11471,#11462,#11473,.T.);
#11471 = VERTEX_POINT('',#11472);
#11472 = CARTESIAN_POINT('',(-3.24663339036,-4.23,0.282216291573));
#11473 = LINE('',#11474,#11475);
#11474 = CARTESIAN_POINT('',(-3.24663339036,-4.23,0.282216291573));
#11475 = VECTOR('',#11476,1.);
#11476 = DIRECTION('',(0.173648177667,0.,0.984807753012));
#11477 = ORIENTED_EDGE('',*,*,#11478,.F.);
#11478 = EDGE_CURVE('',#11479,#11471,#11481,.T.);
#11479 = VERTEX_POINT('',#11480);
#11480 = CARTESIAN_POINT('',(-3.404202630842,-4.23,0.15));
#11481 = CIRCLE('',#11482,0.16);
#11482 = AXIS2_PLACEMENT_3D('',#11483,#11484,#11485);
#11483 = CARTESIAN_POINT('',(-3.404202630842,-4.23,0.31));
#11484 = DIRECTION('',(0.,-1.,0.));
#11485 = DIRECTION('',(0.,0.,-1.));
#11486 = ORIENTED_EDGE('',*,*,#11487,.T.);
#11487 = EDGE_CURVE('',#11479,#11488,#11490,.T.);
#11488 = VERTEX_POINT('',#11489);
#11489 = CARTESIAN_POINT('',(-3.9,-4.23,0.15));
#11490 = LINE('',#11491,#11492);
#11491 = CARTESIAN_POINT('',(-3.404202630842,-4.23,0.15));
#11492 = VECTOR('',#11493,1.);
#11493 = DIRECTION('',(-1.,0.,0.));
#11494 = ORIENTED_EDGE('',*,*,#11495,.T.);
#11495 = EDGE_CURVE('',#11488,#11496,#11498,.T.);
#11496 = VERTEX_POINT('',#11497);
#11497 = CARTESIAN_POINT('',(-3.9,-4.23,0.));
#11498 = LINE('',#11499,#11500);
#11499 = CARTESIAN_POINT('',(-3.9,-4.23,0.15));
#11500 = VECTOR('',#11501,1.);
#11501 = DIRECTION('',(0.,0.,-1.));
#11502 = ORIENTED_EDGE('',*,*,#11503,.T.);
#11503 = EDGE_CURVE('',#11496,#11504,#11506,.T.);
#11504 = VERTEX_POINT('',#11505);
#11505 = CARTESIAN_POINT('',(-3.404202630842,-4.23,0.));
#11506 = LINE('',#11507,#11508);
#11507 = CARTESIAN_POINT('',(-3.9,-4.23,0.));
#11508 = VECTOR('',#11509,1.);
#11509 = DIRECTION('',(1.,0.,0.));
#11510 = ORIENTED_EDGE('',*,*,#11511,.F.);
#11511 = EDGE_CURVE('',#11421,#11504,#11512,.T.);
#11512 = CIRCLE('',#11513,0.31);
#11513 = AXIS2_PLACEMENT_3D('',#11514,#11515,#11516);
#11514 = CARTESIAN_POINT('',(-3.404202630842,-4.23,0.31));
#11515 = DIRECTION('',(0.,1.,0.));
#11516 = DIRECTION('',(0.984807753012,0.,-0.173648177667));
#11517 = PLANE('',#11518);
#11518 = AXIS2_PLACEMENT_3D('',#11519,#11520,#11521);
#11519 = CARTESIAN_POINT('',(-3.1,-4.23,0.25));
#11520 = DIRECTION('',(0.,-1.,0.));
#11521 = DIRECTION('',(1.,0.,0.));
#11522 = ADVANCED_FACE('',(#11523),#11548,.T.);
#11523 = FACE_BOUND('',#11524,.F.);
#11524 = EDGE_LOOP('',(#11525,#11535,#11541,#11542));
#11525 = ORIENTED_EDGE('',*,*,#11526,.T.);
#11526 = EDGE_CURVE('',#11527,#11529,#11531,.T.);
#11527 = VERTEX_POINT('',#11528);
#11528 = CARTESIAN_POINT('',(-3.098912227408,-4.66,0.256169064923));
#11529 = VERTEX_POINT('',#11530);
#11530 = CARTESIAN_POINT('',(-2.991068063962,-4.66,0.867783708427));
#11531 = LINE('',#11532,#11533);
#11532 = CARTESIAN_POINT('',(-3.098912227408,-4.66,0.256169064923));
#11533 = VECTOR('',#11534,1.);
#11534 = DIRECTION('',(0.173648177667,0.,0.984807753012));
#11535 = ORIENTED_EDGE('',*,*,#11536,.F.);
#11536 = EDGE_CURVE('',#11419,#11529,#11537,.T.);
#11537 = LINE('',#11538,#11539);
#11538 = CARTESIAN_POINT('',(-2.991068063962,-4.23,0.867783708427));
#11539 = VECTOR('',#11540,1.);
#11540 = DIRECTION('',(0.,-1.,0.));
#11541 = ORIENTED_EDGE('',*,*,#11418,.T.);
#11542 = ORIENTED_EDGE('',*,*,#11543,.T.);
#11543 = EDGE_CURVE('',#11421,#11527,#11544,.T.);
#11544 = LINE('',#11545,#11546);
#11545 = CARTESIAN_POINT('',(-3.098912227408,-4.23,0.256169064923));
#11546 = VECTOR('',#11547,1.);
#11547 = DIRECTION('',(0.,-1.,0.));
#11548 = PLANE('',#11549);
#11549 = AXIS2_PLACEMENT_3D('',#11550,#11551,#11552);
#11550 = CARTESIAN_POINT('',(-3.144081745177,-4.23,0.));
#11551 = DIRECTION('',(0.984807753012,-0.,-0.173648177667));
#11552 = DIRECTION('',(0.173648177667,0.,0.984807753012));
#11553 = ADVANCED_FACE('',(#11554),#11647,.T.);
#11554 = FACE_BOUND('',#11555,.F.);
#11555 = EDGE_LOOP('',(#11556,#11566,#11575,#11583,#11591,#11599,#11606,
    #11607,#11616,#11624,#11632,#11640));
#11556 = ORIENTED_EDGE('',*,*,#11557,.F.);
#11557 = EDGE_CURVE('',#11558,#11560,#11562,.T.);
#11558 = VERTEX_POINT('',#11559);
#11559 = CARTESIAN_POINT('',(-3.138789226914,-4.66,0.893830935077));
#11560 = VERTEX_POINT('',#11561);
#11561 = CARTESIAN_POINT('',(-3.24663339036,-4.66,0.282216291573));
#11562 = LINE('',#11563,#11564);
#11563 = CARTESIAN_POINT('',(-3.138789226914,-4.66,0.893830935077));
#11564 = VECTOR('',#11565,1.);
#11565 = DIRECTION('',(-0.173648177667,0.,-0.984807753012));
#11566 = ORIENTED_EDGE('',*,*,#11567,.T.);
#11567 = EDGE_CURVE('',#11558,#11568,#11570,.T.);
#11568 = VERTEX_POINT('',#11569);
#11569 = CARTESIAN_POINT('',(-2.83349882348,-4.66,1.15));
#11570 = CIRCLE('',#11571,0.31);
#11571 = AXIS2_PLACEMENT_3D('',#11572,#11573,#11574);
#11572 = CARTESIAN_POINT('',(-2.83349882348,-4.66,0.84));
#11573 = DIRECTION('',(0.,1.,-0.));
#11574 = DIRECTION('',(-0.984807753012,0.,0.173648177667));
#11575 = ORIENTED_EDGE('',*,*,#11576,.F.);
#11576 = EDGE_CURVE('',#11577,#11568,#11579,.T.);
#11577 = VERTEX_POINT('',#11578);
#11578 = CARTESIAN_POINT('',(-2.65,-4.66,1.15));
#11579 = LINE('',#11580,#11581);
#11580 = CARTESIAN_POINT('',(-2.65,-4.66,1.15));
#11581 = VECTOR('',#11582,1.);
#11582 = DIRECTION('',(-1.,0.,0.));
#11583 = ORIENTED_EDGE('',*,*,#11584,.F.);
#11584 = EDGE_CURVE('',#11585,#11577,#11587,.T.);
#11585 = VERTEX_POINT('',#11586);
#11586 = CARTESIAN_POINT('',(-2.65,-4.66,1.));
#11587 = LINE('',#11588,#11589);
#11588 = CARTESIAN_POINT('',(-2.65,-4.66,1.));
#11589 = VECTOR('',#11590,1.);
#11590 = DIRECTION('',(0.,0.,1.));
#11591 = ORIENTED_EDGE('',*,*,#11592,.F.);
#11592 = EDGE_CURVE('',#11593,#11585,#11595,.T.);
#11593 = VERTEX_POINT('',#11594);
#11594 = CARTESIAN_POINT('',(-2.83349882348,-4.66,1.));
#11595 = LINE('',#11596,#11597);
#11596 = CARTESIAN_POINT('',(-2.83349882348,-4.66,1.));
#11597 = VECTOR('',#11598,1.);
#11598 = DIRECTION('',(1.,0.,0.));
#11599 = ORIENTED_EDGE('',*,*,#11600,.T.);
#11600 = EDGE_CURVE('',#11593,#11529,#11601,.T.);
#11601 = CIRCLE('',#11602,0.16);
#11602 = AXIS2_PLACEMENT_3D('',#11603,#11604,#11605);
#11603 = CARTESIAN_POINT('',(-2.83349882348,-4.66,0.84));
#11604 = DIRECTION('',(0.,-1.,0.));
#11605 = DIRECTION('',(0.,0.,1.));
#11606 = ORIENTED_EDGE('',*,*,#11526,.F.);
#11607 = ORIENTED_EDGE('',*,*,#11608,.T.);
#11608 = EDGE_CURVE('',#11527,#11609,#11611,.T.);
#11609 = VERTEX_POINT('',#11610);
#11610 = CARTESIAN_POINT('',(-3.404202630842,-4.66,0.));
#11611 = CIRCLE('',#11612,0.31);
#11612 = AXIS2_PLACEMENT_3D('',#11613,#11614,#11615);
#11613 = CARTESIAN_POINT('',(-3.404202630842,-4.66,0.31));
#11614 = DIRECTION('',(0.,1.,0.));
#11615 = DIRECTION('',(0.984807753012,0.,-0.173648177667));
#11616 = ORIENTED_EDGE('',*,*,#11617,.F.);
#11617 = EDGE_CURVE('',#11618,#11609,#11620,.T.);
#11618 = VERTEX_POINT('',#11619);
#11619 = CARTESIAN_POINT('',(-3.9,-4.66,0.));
#11620 = LINE('',#11621,#11622);
#11621 = CARTESIAN_POINT('',(-3.9,-4.66,0.));
#11622 = VECTOR('',#11623,1.);
#11623 = DIRECTION('',(1.,0.,0.));
#11624 = ORIENTED_EDGE('',*,*,#11625,.F.);
#11625 = EDGE_CURVE('',#11626,#11618,#11628,.T.);
#11626 = VERTEX_POINT('',#11627);
#11627 = CARTESIAN_POINT('',(-3.9,-4.66,0.15));
#11628 = LINE('',#11629,#11630);
#11629 = CARTESIAN_POINT('',(-3.9,-4.66,0.15));
#11630 = VECTOR('',#11631,1.);
#11631 = DIRECTION('',(0.,0.,-1.));
#11632 = ORIENTED_EDGE('',*,*,#11633,.F.);
#11633 = EDGE_CURVE('',#11634,#11626,#11636,.T.);
#11634 = VERTEX_POINT('',#11635);
#11635 = CARTESIAN_POINT('',(-3.404202630842,-4.66,0.15));
#11636 = LINE('',#11637,#11638);
#11637 = CARTESIAN_POINT('',(-3.404202630842,-4.66,0.15));
#11638 = VECTOR('',#11639,1.);
#11639 = DIRECTION('',(-1.,0.,0.));
#11640 = ORIENTED_EDGE('',*,*,#11641,.T.);
#11641 = EDGE_CURVE('',#11634,#11560,#11642,.T.);
#11642 = CIRCLE('',#11643,0.16);
#11643 = AXIS2_PLACEMENT_3D('',#11644,#11645,#11646);
#11644 = CARTESIAN_POINT('',(-3.404202630842,-4.66,0.31));
#11645 = DIRECTION('',(0.,-1.,0.));
#11646 = DIRECTION('',(0.,0.,-1.));
#11647 = PLANE('',#11648);
#11648 = AXIS2_PLACEMENT_3D('',#11649,#11650,#11651);
#11649 = CARTESIAN_POINT('',(-3.1,-4.66,0.25));
#11650 = DIRECTION('',(0.,-1.,0.));
#11651 = DIRECTION('',(1.,0.,0.));
#11652 = ADVANCED_FACE('',(#11653),#11669,.T.);
#11653 = FACE_BOUND('',#11654,.F.);
#11654 = EDGE_LOOP('',(#11655,#11656,#11662,#11663));
#11655 = ORIENTED_EDGE('',*,*,#11470,.T.);
#11656 = ORIENTED_EDGE('',*,*,#11657,.T.);
#11657 = EDGE_CURVE('',#11462,#11558,#11658,.T.);
#11658 = LINE('',#11659,#11660);
#11659 = CARTESIAN_POINT('',(-3.138789226914,-4.23,0.893830935077));
#11660 = VECTOR('',#11661,1.);
#11661 = DIRECTION('',(0.,-1.,0.));
#11662 = ORIENTED_EDGE('',*,*,#11557,.T.);
#11663 = ORIENTED_EDGE('',*,*,#11664,.F.);
#11664 = EDGE_CURVE('',#11471,#11560,#11665,.T.);
#11665 = LINE('',#11666,#11667);
#11666 = CARTESIAN_POINT('',(-3.24663339036,-4.23,0.282216291573));
#11667 = VECTOR('',#11668,1.);
#11668 = DIRECTION('',(0.,-1.,0.));
#11669 = PLANE('',#11670);
#11670 = AXIS2_PLACEMENT_3D('',#11671,#11672,#11673);
#11671 = CARTESIAN_POINT('',(-3.247721162952,-4.23,0.27604722665));
#11672 = DIRECTION('',(-0.984807753012,0.,0.173648177667));
#11673 = DIRECTION('',(-0.173648177667,0.,-0.984807753012));
#11674 = ADVANCED_FACE('',(#11675),#11686,.T.);
#11675 = FACE_BOUND('',#11676,.T.);
#11676 = EDGE_LOOP('',(#11677,#11678,#11684,#11685));
#11677 = ORIENTED_EDGE('',*,*,#11567,.T.);
#11678 = ORIENTED_EDGE('',*,*,#11679,.F.);
#11679 = EDGE_CURVE('',#11454,#11568,#11680,.T.);
#11680 = LINE('',#11681,#11682);
#11681 = CARTESIAN_POINT('',(-2.83349882348,-4.23,1.15));
#11682 = VECTOR('',#11683,1.);
#11683 = DIRECTION('',(0.,-1.,0.));
#11684 = ORIENTED_EDGE('',*,*,#11461,.F.);
#11685 = ORIENTED_EDGE('',*,*,#11657,.T.);
#11686 = CYLINDRICAL_SURFACE('',#11687,0.31);
#11687 = AXIS2_PLACEMENT_3D('',#11688,#11689,#11690);
#11688 = CARTESIAN_POINT('',(-2.83349882348,-4.23,0.84));
#11689 = DIRECTION('',(0.,1.,0.));
#11690 = DIRECTION('',(-0.984807753012,0.,0.173648177667));
#11691 = ADVANCED_FACE('',(#11692),#11703,.T.);
#11692 = FACE_BOUND('',#11693,.F.);
#11693 = EDGE_LOOP('',(#11694,#11695,#11701,#11702));
#11694 = ORIENTED_EDGE('',*,*,#11453,.F.);
#11695 = ORIENTED_EDGE('',*,*,#11696,.T.);
#11696 = EDGE_CURVE('',#11446,#11577,#11697,.T.);
#11697 = LINE('',#11698,#11699);
#11698 = CARTESIAN_POINT('',(-2.65,-4.23,1.15));
#11699 = VECTOR('',#11700,1.);
#11700 = DIRECTION('',(0.,-1.,0.));
#11701 = ORIENTED_EDGE('',*,*,#11576,.T.);
#11702 = ORIENTED_EDGE('',*,*,#11679,.F.);
#11703 = PLANE('',#11704);
#11704 = AXIS2_PLACEMENT_3D('',#11705,#11706,#11707);
#11705 = CARTESIAN_POINT('',(-2.65,-4.23,1.15));
#11706 = DIRECTION('',(0.,0.,1.));
#11707 = DIRECTION('',(-1.,0.,0.));
#11708 = ADVANCED_FACE('',(#11709),#11720,.T.);
#11709 = FACE_BOUND('',#11710,.F.);
#11710 = EDGE_LOOP('',(#11711,#11712,#11718,#11719));
#11711 = ORIENTED_EDGE('',*,*,#11445,.F.);
#11712 = ORIENTED_EDGE('',*,*,#11713,.T.);
#11713 = EDGE_CURVE('',#11438,#11585,#11714,.T.);
#11714 = LINE('',#11715,#11716);
#11715 = CARTESIAN_POINT('',(-2.65,-4.23,1.));
#11716 = VECTOR('',#11717,1.);
#11717 = DIRECTION('',(0.,-1.,0.));
#11718 = ORIENTED_EDGE('',*,*,#11584,.T.);
#11719 = ORIENTED_EDGE('',*,*,#11696,.F.);
#11720 = PLANE('',#11721);
#11721 = AXIS2_PLACEMENT_3D('',#11722,#11723,#11724);
#11722 = CARTESIAN_POINT('',(-2.65,-4.23,1.));
#11723 = DIRECTION('',(1.,0.,0.));
#11724 = DIRECTION('',(0.,0.,1.));
#11725 = ADVANCED_FACE('',(#11726),#11737,.T.);
#11726 = FACE_BOUND('',#11727,.F.);
#11727 = EDGE_LOOP('',(#11728,#11729,#11735,#11736));
#11728 = ORIENTED_EDGE('',*,*,#11437,.F.);
#11729 = ORIENTED_EDGE('',*,*,#11730,.T.);
#11730 = EDGE_CURVE('',#11429,#11593,#11731,.T.);
#11731 = LINE('',#11732,#11733);
#11732 = CARTESIAN_POINT('',(-2.83349882348,-4.23,1.));
#11733 = VECTOR('',#11734,1.);
#11734 = DIRECTION('',(0.,-1.,0.));
#11735 = ORIENTED_EDGE('',*,*,#11592,.T.);
#11736 = ORIENTED_EDGE('',*,*,#11713,.F.);
#11737 = PLANE('',#11738);
#11738 = AXIS2_PLACEMENT_3D('',#11739,#11740,#11741);
#11739 = CARTESIAN_POINT('',(-2.967754764469,-4.23,1.));
#11740 = DIRECTION('',(0.,0.,-1.));
#11741 = DIRECTION('',(1.,0.,0.));
#11742 = ADVANCED_FACE('',(#11743),#11749,.F.);
#11743 = FACE_BOUND('',#11744,.F.);
#11744 = EDGE_LOOP('',(#11745,#11746,#11747,#11748));
#11745 = ORIENTED_EDGE('',*,*,#11730,.F.);
#11746 = ORIENTED_EDGE('',*,*,#11428,.T.);
#11747 = ORIENTED_EDGE('',*,*,#11536,.T.);
#11748 = ORIENTED_EDGE('',*,*,#11600,.F.);
#11749 = CYLINDRICAL_SURFACE('',#11750,0.16);
#11750 = AXIS2_PLACEMENT_3D('',#11751,#11752,#11753);
#11751 = CARTESIAN_POINT('',(-2.83349882348,-4.23,0.84));
#11752 = DIRECTION('',(0.,-1.,0.));
#11753 = DIRECTION('',(0.,0.,1.));
#11754 = ADVANCED_FACE('',(#11755),#11766,.F.);
#11755 = FACE_BOUND('',#11756,.F.);
#11756 = EDGE_LOOP('',(#11757,#11763,#11764,#11765));
#11757 = ORIENTED_EDGE('',*,*,#11758,.F.);
#11758 = EDGE_CURVE('',#11479,#11634,#11759,.T.);
#11759 = LINE('',#11760,#11761);
#11760 = CARTESIAN_POINT('',(-3.404202630842,-4.23,0.15));
#11761 = VECTOR('',#11762,1.);
#11762 = DIRECTION('',(0.,-1.,0.));
#11763 = ORIENTED_EDGE('',*,*,#11478,.T.);
#11764 = ORIENTED_EDGE('',*,*,#11664,.T.);
#11765 = ORIENTED_EDGE('',*,*,#11641,.F.);
#11766 = CYLINDRICAL_SURFACE('',#11767,0.16);
#11767 = AXIS2_PLACEMENT_3D('',#11768,#11769,#11770);
#11768 = CARTESIAN_POINT('',(-3.404202630842,-4.23,0.31));
#11769 = DIRECTION('',(0.,-1.,0.));
#11770 = DIRECTION('',(0.,0.,-1.));
#11771 = ADVANCED_FACE('',(#11772),#11783,.T.);
#11772 = FACE_BOUND('',#11773,.F.);
#11773 = EDGE_LOOP('',(#11774,#11775,#11776,#11777));
#11774 = ORIENTED_EDGE('',*,*,#11487,.F.);
#11775 = ORIENTED_EDGE('',*,*,#11758,.T.);
#11776 = ORIENTED_EDGE('',*,*,#11633,.T.);
#11777 = ORIENTED_EDGE('',*,*,#11778,.F.);
#11778 = EDGE_CURVE('',#11488,#11626,#11779,.T.);
#11779 = LINE('',#11780,#11781);
#11780 = CARTESIAN_POINT('',(-3.9,-4.23,0.15));
#11781 = VECTOR('',#11782,1.);
#11782 = DIRECTION('',(0.,-1.,0.));
#11783 = PLANE('',#11784);
#11784 = AXIS2_PLACEMENT_3D('',#11785,#11786,#11787);
#11785 = CARTESIAN_POINT('',(-3.269946689854,-4.23,0.15));
#11786 = DIRECTION('',(0.,0.,1.));
#11787 = DIRECTION('',(-1.,0.,0.));
#11788 = ADVANCED_FACE('',(#11789),#11800,.T.);
#11789 = FACE_BOUND('',#11790,.F.);
#11790 = EDGE_LOOP('',(#11791,#11792,#11793,#11794));
#11791 = ORIENTED_EDGE('',*,*,#11495,.F.);
#11792 = ORIENTED_EDGE('',*,*,#11778,.T.);
#11793 = ORIENTED_EDGE('',*,*,#11625,.T.);
#11794 = ORIENTED_EDGE('',*,*,#11795,.F.);
#11795 = EDGE_CURVE('',#11496,#11618,#11796,.T.);
#11796 = LINE('',#11797,#11798);
#11797 = CARTESIAN_POINT('',(-3.9,-4.23,0.));
#11798 = VECTOR('',#11799,1.);
#11799 = DIRECTION('',(0.,-1.,0.));
#11800 = PLANE('',#11801);
#11801 = AXIS2_PLACEMENT_3D('',#11802,#11803,#11804);
#11802 = CARTESIAN_POINT('',(-3.9,-4.23,0.15));
#11803 = DIRECTION('',(-1.,0.,0.));
#11804 = DIRECTION('',(0.,0.,-1.));
#11805 = ADVANCED_FACE('',(#11806),#11817,.T.);
#11806 = FACE_BOUND('',#11807,.F.);
#11807 = EDGE_LOOP('',(#11808,#11809,#11810,#11811));
#11808 = ORIENTED_EDGE('',*,*,#11503,.F.);
#11809 = ORIENTED_EDGE('',*,*,#11795,.T.);
#11810 = ORIENTED_EDGE('',*,*,#11617,.T.);
#11811 = ORIENTED_EDGE('',*,*,#11812,.F.);
#11812 = EDGE_CURVE('',#11504,#11609,#11813,.T.);
#11813 = LINE('',#11814,#11815);
#11814 = CARTESIAN_POINT('',(-3.404202630842,-4.23,0.));
#11815 = VECTOR('',#11816,1.);
#11816 = DIRECTION('',(0.,-1.,0.));
#11817 = PLANE('',#11818);
#11818 = AXIS2_PLACEMENT_3D('',#11819,#11820,#11821);
#11819 = CARTESIAN_POINT('',(-3.9,-4.23,0.));
#11820 = DIRECTION('',(0.,0.,-1.));
#11821 = DIRECTION('',(1.,0.,0.));
#11822 = ADVANCED_FACE('',(#11823),#11829,.T.);
#11823 = FACE_BOUND('',#11824,.T.);
#11824 = EDGE_LOOP('',(#11825,#11826,#11827,#11828));
#11825 = ORIENTED_EDGE('',*,*,#11608,.T.);
#11826 = ORIENTED_EDGE('',*,*,#11812,.F.);
#11827 = ORIENTED_EDGE('',*,*,#11511,.F.);
#11828 = ORIENTED_EDGE('',*,*,#11543,.T.);
#11829 = CYLINDRICAL_SURFACE('',#11830,0.31);
#11830 = AXIS2_PLACEMENT_3D('',#11831,#11832,#11833);
#11831 = CARTESIAN_POINT('',(-3.404202630842,-4.23,0.31));
#11832 = DIRECTION('',(0.,1.,0.));
#11833 = DIRECTION('',(0.984807753012,0.,-0.173648177667));
#11834 = MANIFOLD_SOLID_BREP('',#11835);
#11835 = CLOSED_SHELL('',(#11836,#11944,#11975,#12074,#12096,#12113,
    #12130,#12147,#12164,#12176,#12193,#12210,#12227,#12244));
#11836 = ADVANCED_FACE('',(#11837),#11939,.F.);
#11837 = FACE_BOUND('',#11838,.F.);
#11838 = EDGE_LOOP('',(#11839,#11849,#11858,#11866,#11874,#11882,#11891,
    #11899,#11908,#11916,#11924,#11932));
#11839 = ORIENTED_EDGE('',*,*,#11840,.F.);
#11840 = EDGE_CURVE('',#11841,#11843,#11845,.T.);
#11841 = VERTEX_POINT('',#11842);
#11842 = CARTESIAN_POINT('',(-2.991068063962,-2.96,0.867783708427));
#11843 = VERTEX_POINT('',#11844);
#11844 = CARTESIAN_POINT('',(-3.098912227408,-2.96,0.256169064923));
#11845 = LINE('',#11846,#11847);
#11846 = CARTESIAN_POINT('',(-2.991068063962,-2.96,0.867783708427));
#11847 = VECTOR('',#11848,1.);
#11848 = DIRECTION('',(-0.173648177667,0.,-0.984807753012));
#11849 = ORIENTED_EDGE('',*,*,#11850,.F.);
#11850 = EDGE_CURVE('',#11851,#11841,#11853,.T.);
#11851 = VERTEX_POINT('',#11852);
#11852 = CARTESIAN_POINT('',(-2.83349882348,-2.96,1.));
#11853 = CIRCLE('',#11854,0.16);
#11854 = AXIS2_PLACEMENT_3D('',#11855,#11856,#11857);
#11855 = CARTESIAN_POINT('',(-2.83349882348,-2.96,0.84));
#11856 = DIRECTION('',(0.,-1.,0.));
#11857 = DIRECTION('',(0.,0.,1.));
#11858 = ORIENTED_EDGE('',*,*,#11859,.T.);
#11859 = EDGE_CURVE('',#11851,#11860,#11862,.T.);
#11860 = VERTEX_POINT('',#11861);
#11861 = CARTESIAN_POINT('',(-2.65,-2.96,1.));
#11862 = LINE('',#11863,#11864);
#11863 = CARTESIAN_POINT('',(-2.83349882348,-2.96,1.));
#11864 = VECTOR('',#11865,1.);
#11865 = DIRECTION('',(1.,0.,0.));
#11866 = ORIENTED_EDGE('',*,*,#11867,.T.);
#11867 = EDGE_CURVE('',#11860,#11868,#11870,.T.);
#11868 = VERTEX_POINT('',#11869);
#11869 = CARTESIAN_POINT('',(-2.65,-2.96,1.15));
#11870 = LINE('',#11871,#11872);
#11871 = CARTESIAN_POINT('',(-2.65,-2.96,1.));
#11872 = VECTOR('',#11873,1.);
#11873 = DIRECTION('',(0.,0.,1.));
#11874 = ORIENTED_EDGE('',*,*,#11875,.T.);
#11875 = EDGE_CURVE('',#11868,#11876,#11878,.T.);
#11876 = VERTEX_POINT('',#11877);
#11877 = CARTESIAN_POINT('',(-2.83349882348,-2.96,1.15));
#11878 = LINE('',#11879,#11880);
#11879 = CARTESIAN_POINT('',(-2.65,-2.96,1.15));
#11880 = VECTOR('',#11881,1.);
#11881 = DIRECTION('',(-1.,0.,0.));
#11882 = ORIENTED_EDGE('',*,*,#11883,.F.);
#11883 = EDGE_CURVE('',#11884,#11876,#11886,.T.);
#11884 = VERTEX_POINT('',#11885);
#11885 = CARTESIAN_POINT('',(-3.138789226914,-2.96,0.893830935077));
#11886 = CIRCLE('',#11887,0.31);
#11887 = AXIS2_PLACEMENT_3D('',#11888,#11889,#11890);
#11888 = CARTESIAN_POINT('',(-2.83349882348,-2.96,0.84));
#11889 = DIRECTION('',(0.,1.,-0.));
#11890 = DIRECTION('',(-0.984807753012,0.,0.173648177667));
#11891 = ORIENTED_EDGE('',*,*,#11892,.F.);
#11892 = EDGE_CURVE('',#11893,#11884,#11895,.T.);
#11893 = VERTEX_POINT('',#11894);
#11894 = CARTESIAN_POINT('',(-3.24663339036,-2.96,0.282216291573));
#11895 = LINE('',#11896,#11897);
#11896 = CARTESIAN_POINT('',(-3.24663339036,-2.96,0.282216291573));
#11897 = VECTOR('',#11898,1.);
#11898 = DIRECTION('',(0.173648177667,0.,0.984807753012));
#11899 = ORIENTED_EDGE('',*,*,#11900,.F.);
#11900 = EDGE_CURVE('',#11901,#11893,#11903,.T.);
#11901 = VERTEX_POINT('',#11902);
#11902 = CARTESIAN_POINT('',(-3.404202630842,-2.96,0.15));
#11903 = CIRCLE('',#11904,0.16);
#11904 = AXIS2_PLACEMENT_3D('',#11905,#11906,#11907);
#11905 = CARTESIAN_POINT('',(-3.404202630842,-2.96,0.31));
#11906 = DIRECTION('',(0.,-1.,0.));
#11907 = DIRECTION('',(0.,0.,-1.));
#11908 = ORIENTED_EDGE('',*,*,#11909,.T.);
#11909 = EDGE_CURVE('',#11901,#11910,#11912,.T.);
#11910 = VERTEX_POINT('',#11911);
#11911 = CARTESIAN_POINT('',(-3.9,-2.96,0.15));
#11912 = LINE('',#11913,#11914);
#11913 = CARTESIAN_POINT('',(-3.404202630842,-2.96,0.15));
#11914 = VECTOR('',#11915,1.);
#11915 = DIRECTION('',(-1.,0.,0.));
#11916 = ORIENTED_EDGE('',*,*,#11917,.T.);
#11917 = EDGE_CURVE('',#11910,#11918,#11920,.T.);
#11918 = VERTEX_POINT('',#11919);
#11919 = CARTESIAN_POINT('',(-3.9,-2.96,0.));
#11920 = LINE('',#11921,#11922);
#11921 = CARTESIAN_POINT('',(-3.9,-2.96,0.15));
#11922 = VECTOR('',#11923,1.);
#11923 = DIRECTION('',(0.,0.,-1.));
#11924 = ORIENTED_EDGE('',*,*,#11925,.T.);
#11925 = EDGE_CURVE('',#11918,#11926,#11928,.T.);
#11926 = VERTEX_POINT('',#11927);
#11927 = CARTESIAN_POINT('',(-3.404202630842,-2.96,0.));
#11928 = LINE('',#11929,#11930);
#11929 = CARTESIAN_POINT('',(-3.9,-2.96,0.));
#11930 = VECTOR('',#11931,1.);
#11931 = DIRECTION('',(1.,0.,0.));
#11932 = ORIENTED_EDGE('',*,*,#11933,.F.);
#11933 = EDGE_CURVE('',#11843,#11926,#11934,.T.);
#11934 = CIRCLE('',#11935,0.31);
#11935 = AXIS2_PLACEMENT_3D('',#11936,#11937,#11938);
#11936 = CARTESIAN_POINT('',(-3.404202630842,-2.96,0.31));
#11937 = DIRECTION('',(0.,1.,0.));
#11938 = DIRECTION('',(0.984807753012,0.,-0.173648177667));
#11939 = PLANE('',#11940);
#11940 = AXIS2_PLACEMENT_3D('',#11941,#11942,#11943);
#11941 = CARTESIAN_POINT('',(-3.1,-2.96,0.25));
#11942 = DIRECTION('',(0.,-1.,0.));
#11943 = DIRECTION('',(1.,0.,0.));
#11944 = ADVANCED_FACE('',(#11945),#11970,.T.);
#11945 = FACE_BOUND('',#11946,.F.);
#11946 = EDGE_LOOP('',(#11947,#11957,#11963,#11964));
#11947 = ORIENTED_EDGE('',*,*,#11948,.T.);
#11948 = EDGE_CURVE('',#11949,#11951,#11953,.T.);
#11949 = VERTEX_POINT('',#11950);
#11950 = CARTESIAN_POINT('',(-3.098912227408,-3.39,0.256169064923));
#11951 = VERTEX_POINT('',#11952);
#11952 = CARTESIAN_POINT('',(-2.991068063962,-3.39,0.867783708427));
#11953 = LINE('',#11954,#11955);
#11954 = CARTESIAN_POINT('',(-3.098912227408,-3.39,0.256169064923));
#11955 = VECTOR('',#11956,1.);
#11956 = DIRECTION('',(0.173648177667,0.,0.984807753012));
#11957 = ORIENTED_EDGE('',*,*,#11958,.F.);
#11958 = EDGE_CURVE('',#11841,#11951,#11959,.T.);
#11959 = LINE('',#11960,#11961);
#11960 = CARTESIAN_POINT('',(-2.991068063962,-2.96,0.867783708427));
#11961 = VECTOR('',#11962,1.);
#11962 = DIRECTION('',(0.,-1.,0.));
#11963 = ORIENTED_EDGE('',*,*,#11840,.T.);
#11964 = ORIENTED_EDGE('',*,*,#11965,.T.);
#11965 = EDGE_CURVE('',#11843,#11949,#11966,.T.);
#11966 = LINE('',#11967,#11968);
#11967 = CARTESIAN_POINT('',(-3.098912227408,-2.96,0.256169064923));
#11968 = VECTOR('',#11969,1.);
#11969 = DIRECTION('',(0.,-1.,0.));
#11970 = PLANE('',#11971);
#11971 = AXIS2_PLACEMENT_3D('',#11972,#11973,#11974);
#11972 = CARTESIAN_POINT('',(-3.144081745177,-2.96,0.));
#11973 = DIRECTION('',(0.984807753012,-0.,-0.173648177667));
#11974 = DIRECTION('',(0.173648177667,0.,0.984807753012));
#11975 = ADVANCED_FACE('',(#11976),#12069,.T.);
#11976 = FACE_BOUND('',#11977,.F.);
#11977 = EDGE_LOOP('',(#11978,#11988,#11997,#12005,#12013,#12021,#12028,
    #12029,#12038,#12046,#12054,#12062));
#11978 = ORIENTED_EDGE('',*,*,#11979,.F.);
#11979 = EDGE_CURVE('',#11980,#11982,#11984,.T.);
#11980 = VERTEX_POINT('',#11981);
#11981 = CARTESIAN_POINT('',(-3.138789226914,-3.39,0.893830935077));
#11982 = VERTEX_POINT('',#11983);
#11983 = CARTESIAN_POINT('',(-3.24663339036,-3.39,0.282216291573));
#11984 = LINE('',#11985,#11986);
#11985 = CARTESIAN_POINT('',(-3.138789226914,-3.39,0.893830935077));
#11986 = VECTOR('',#11987,1.);
#11987 = DIRECTION('',(-0.173648177667,0.,-0.984807753012));
#11988 = ORIENTED_EDGE('',*,*,#11989,.T.);
#11989 = EDGE_CURVE('',#11980,#11990,#11992,.T.);
#11990 = VERTEX_POINT('',#11991);
#11991 = CARTESIAN_POINT('',(-2.83349882348,-3.39,1.15));
#11992 = CIRCLE('',#11993,0.31);
#11993 = AXIS2_PLACEMENT_3D('',#11994,#11995,#11996);
#11994 = CARTESIAN_POINT('',(-2.83349882348,-3.39,0.84));
#11995 = DIRECTION('',(0.,1.,-0.));
#11996 = DIRECTION('',(-0.984807753012,0.,0.173648177667));
#11997 = ORIENTED_EDGE('',*,*,#11998,.F.);
#11998 = EDGE_CURVE('',#11999,#11990,#12001,.T.);
#11999 = VERTEX_POINT('',#12000);
#12000 = CARTESIAN_POINT('',(-2.65,-3.39,1.15));
#12001 = LINE('',#12002,#12003);
#12002 = CARTESIAN_POINT('',(-2.65,-3.39,1.15));
#12003 = VECTOR('',#12004,1.);
#12004 = DIRECTION('',(-1.,0.,0.));
#12005 = ORIENTED_EDGE('',*,*,#12006,.F.);
#12006 = EDGE_CURVE('',#12007,#11999,#12009,.T.);
#12007 = VERTEX_POINT('',#12008);
#12008 = CARTESIAN_POINT('',(-2.65,-3.39,1.));
#12009 = LINE('',#12010,#12011);
#12010 = CARTESIAN_POINT('',(-2.65,-3.39,1.));
#12011 = VECTOR('',#12012,1.);
#12012 = DIRECTION('',(0.,0.,1.));
#12013 = ORIENTED_EDGE('',*,*,#12014,.F.);
#12014 = EDGE_CURVE('',#12015,#12007,#12017,.T.);
#12015 = VERTEX_POINT('',#12016);
#12016 = CARTESIAN_POINT('',(-2.83349882348,-3.39,1.));
#12017 = LINE('',#12018,#12019);
#12018 = CARTESIAN_POINT('',(-2.83349882348,-3.39,1.));
#12019 = VECTOR('',#12020,1.);
#12020 = DIRECTION('',(1.,0.,0.));
#12021 = ORIENTED_EDGE('',*,*,#12022,.T.);
#12022 = EDGE_CURVE('',#12015,#11951,#12023,.T.);
#12023 = CIRCLE('',#12024,0.16);
#12024 = AXIS2_PLACEMENT_3D('',#12025,#12026,#12027);
#12025 = CARTESIAN_POINT('',(-2.83349882348,-3.39,0.84));
#12026 = DIRECTION('',(0.,-1.,0.));
#12027 = DIRECTION('',(0.,0.,1.));
#12028 = ORIENTED_EDGE('',*,*,#11948,.F.);
#12029 = ORIENTED_EDGE('',*,*,#12030,.T.);
#12030 = EDGE_CURVE('',#11949,#12031,#12033,.T.);
#12031 = VERTEX_POINT('',#12032);
#12032 = CARTESIAN_POINT('',(-3.404202630842,-3.39,0.));
#12033 = CIRCLE('',#12034,0.31);
#12034 = AXIS2_PLACEMENT_3D('',#12035,#12036,#12037);
#12035 = CARTESIAN_POINT('',(-3.404202630842,-3.39,0.31));
#12036 = DIRECTION('',(0.,1.,0.));
#12037 = DIRECTION('',(0.984807753012,0.,-0.173648177667));
#12038 = ORIENTED_EDGE('',*,*,#12039,.F.);
#12039 = EDGE_CURVE('',#12040,#12031,#12042,.T.);
#12040 = VERTEX_POINT('',#12041);
#12041 = CARTESIAN_POINT('',(-3.9,-3.39,0.));
#12042 = LINE('',#12043,#12044);
#12043 = CARTESIAN_POINT('',(-3.9,-3.39,0.));
#12044 = VECTOR('',#12045,1.);
#12045 = DIRECTION('',(1.,0.,0.));
#12046 = ORIENTED_EDGE('',*,*,#12047,.F.);
#12047 = EDGE_CURVE('',#12048,#12040,#12050,.T.);
#12048 = VERTEX_POINT('',#12049);
#12049 = CARTESIAN_POINT('',(-3.9,-3.39,0.15));
#12050 = LINE('',#12051,#12052);
#12051 = CARTESIAN_POINT('',(-3.9,-3.39,0.15));
#12052 = VECTOR('',#12053,1.);
#12053 = DIRECTION('',(0.,0.,-1.));
#12054 = ORIENTED_EDGE('',*,*,#12055,.F.);
#12055 = EDGE_CURVE('',#12056,#12048,#12058,.T.);
#12056 = VERTEX_POINT('',#12057);
#12057 = CARTESIAN_POINT('',(-3.404202630842,-3.39,0.15));
#12058 = LINE('',#12059,#12060);
#12059 = CARTESIAN_POINT('',(-3.404202630842,-3.39,0.15));
#12060 = VECTOR('',#12061,1.);
#12061 = DIRECTION('',(-1.,0.,0.));
#12062 = ORIENTED_EDGE('',*,*,#12063,.T.);
#12063 = EDGE_CURVE('',#12056,#11982,#12064,.T.);
#12064 = CIRCLE('',#12065,0.16);
#12065 = AXIS2_PLACEMENT_3D('',#12066,#12067,#12068);
#12066 = CARTESIAN_POINT('',(-3.404202630842,-3.39,0.31));
#12067 = DIRECTION('',(0.,-1.,0.));
#12068 = DIRECTION('',(0.,0.,-1.));
#12069 = PLANE('',#12070);
#12070 = AXIS2_PLACEMENT_3D('',#12071,#12072,#12073);
#12071 = CARTESIAN_POINT('',(-3.1,-3.39,0.25));
#12072 = DIRECTION('',(0.,-1.,0.));
#12073 = DIRECTION('',(1.,0.,0.));
#12074 = ADVANCED_FACE('',(#12075),#12091,.T.);
#12075 = FACE_BOUND('',#12076,.F.);
#12076 = EDGE_LOOP('',(#12077,#12078,#12084,#12085));
#12077 = ORIENTED_EDGE('',*,*,#11892,.T.);
#12078 = ORIENTED_EDGE('',*,*,#12079,.T.);
#12079 = EDGE_CURVE('',#11884,#11980,#12080,.T.);
#12080 = LINE('',#12081,#12082);
#12081 = CARTESIAN_POINT('',(-3.138789226914,-2.96,0.893830935077));
#12082 = VECTOR('',#12083,1.);
#12083 = DIRECTION('',(0.,-1.,0.));
#12084 = ORIENTED_EDGE('',*,*,#11979,.T.);
#12085 = ORIENTED_EDGE('',*,*,#12086,.F.);
#12086 = EDGE_CURVE('',#11893,#11982,#12087,.T.);
#12087 = LINE('',#12088,#12089);
#12088 = CARTESIAN_POINT('',(-3.24663339036,-2.96,0.282216291573));
#12089 = VECTOR('',#12090,1.);
#12090 = DIRECTION('',(0.,-1.,0.));
#12091 = PLANE('',#12092);
#12092 = AXIS2_PLACEMENT_3D('',#12093,#12094,#12095);
#12093 = CARTESIAN_POINT('',(-3.247721162952,-2.96,0.27604722665));
#12094 = DIRECTION('',(-0.984807753012,0.,0.173648177667));
#12095 = DIRECTION('',(-0.173648177667,0.,-0.984807753012));
#12096 = ADVANCED_FACE('',(#12097),#12108,.T.);
#12097 = FACE_BOUND('',#12098,.T.);
#12098 = EDGE_LOOP('',(#12099,#12100,#12106,#12107));
#12099 = ORIENTED_EDGE('',*,*,#11989,.T.);
#12100 = ORIENTED_EDGE('',*,*,#12101,.F.);
#12101 = EDGE_CURVE('',#11876,#11990,#12102,.T.);
#12102 = LINE('',#12103,#12104);
#12103 = CARTESIAN_POINT('',(-2.83349882348,-2.96,1.15));
#12104 = VECTOR('',#12105,1.);
#12105 = DIRECTION('',(0.,-1.,0.));
#12106 = ORIENTED_EDGE('',*,*,#11883,.F.);
#12107 = ORIENTED_EDGE('',*,*,#12079,.T.);
#12108 = CYLINDRICAL_SURFACE('',#12109,0.31);
#12109 = AXIS2_PLACEMENT_3D('',#12110,#12111,#12112);
#12110 = CARTESIAN_POINT('',(-2.83349882348,-2.96,0.84));
#12111 = DIRECTION('',(0.,1.,0.));
#12112 = DIRECTION('',(-0.984807753012,0.,0.173648177667));
#12113 = ADVANCED_FACE('',(#12114),#12125,.T.);
#12114 = FACE_BOUND('',#12115,.F.);
#12115 = EDGE_LOOP('',(#12116,#12117,#12123,#12124));
#12116 = ORIENTED_EDGE('',*,*,#11875,.F.);
#12117 = ORIENTED_EDGE('',*,*,#12118,.T.);
#12118 = EDGE_CURVE('',#11868,#11999,#12119,.T.);
#12119 = LINE('',#12120,#12121);
#12120 = CARTESIAN_POINT('',(-2.65,-2.96,1.15));
#12121 = VECTOR('',#12122,1.);
#12122 = DIRECTION('',(0.,-1.,0.));
#12123 = ORIENTED_EDGE('',*,*,#11998,.T.);
#12124 = ORIENTED_EDGE('',*,*,#12101,.F.);
#12125 = PLANE('',#12126);
#12126 = AXIS2_PLACEMENT_3D('',#12127,#12128,#12129);
#12127 = CARTESIAN_POINT('',(-2.65,-2.96,1.15));
#12128 = DIRECTION('',(0.,0.,1.));
#12129 = DIRECTION('',(-1.,0.,0.));
#12130 = ADVANCED_FACE('',(#12131),#12142,.T.);
#12131 = FACE_BOUND('',#12132,.F.);
#12132 = EDGE_LOOP('',(#12133,#12134,#12140,#12141));
#12133 = ORIENTED_EDGE('',*,*,#11867,.F.);
#12134 = ORIENTED_EDGE('',*,*,#12135,.T.);
#12135 = EDGE_CURVE('',#11860,#12007,#12136,.T.);
#12136 = LINE('',#12137,#12138);
#12137 = CARTESIAN_POINT('',(-2.65,-2.96,1.));
#12138 = VECTOR('',#12139,1.);
#12139 = DIRECTION('',(0.,-1.,0.));
#12140 = ORIENTED_EDGE('',*,*,#12006,.T.);
#12141 = ORIENTED_EDGE('',*,*,#12118,.F.);
#12142 = PLANE('',#12143);
#12143 = AXIS2_PLACEMENT_3D('',#12144,#12145,#12146);
#12144 = CARTESIAN_POINT('',(-2.65,-2.96,1.));
#12145 = DIRECTION('',(1.,0.,0.));
#12146 = DIRECTION('',(0.,0.,1.));
#12147 = ADVANCED_FACE('',(#12148),#12159,.T.);
#12148 = FACE_BOUND('',#12149,.F.);
#12149 = EDGE_LOOP('',(#12150,#12151,#12157,#12158));
#12150 = ORIENTED_EDGE('',*,*,#11859,.F.);
#12151 = ORIENTED_EDGE('',*,*,#12152,.T.);
#12152 = EDGE_CURVE('',#11851,#12015,#12153,.T.);
#12153 = LINE('',#12154,#12155);
#12154 = CARTESIAN_POINT('',(-2.83349882348,-2.96,1.));
#12155 = VECTOR('',#12156,1.);
#12156 = DIRECTION('',(0.,-1.,0.));
#12157 = ORIENTED_EDGE('',*,*,#12014,.T.);
#12158 = ORIENTED_EDGE('',*,*,#12135,.F.);
#12159 = PLANE('',#12160);
#12160 = AXIS2_PLACEMENT_3D('',#12161,#12162,#12163);
#12161 = CARTESIAN_POINT('',(-2.967754764469,-2.96,1.));
#12162 = DIRECTION('',(0.,0.,-1.));
#12163 = DIRECTION('',(1.,0.,0.));
#12164 = ADVANCED_FACE('',(#12165),#12171,.F.);
#12165 = FACE_BOUND('',#12166,.F.);
#12166 = EDGE_LOOP('',(#12167,#12168,#12169,#12170));
#12167 = ORIENTED_EDGE('',*,*,#12152,.F.);
#12168 = ORIENTED_EDGE('',*,*,#11850,.T.);
#12169 = ORIENTED_EDGE('',*,*,#11958,.T.);
#12170 = ORIENTED_EDGE('',*,*,#12022,.F.);
#12171 = CYLINDRICAL_SURFACE('',#12172,0.16);
#12172 = AXIS2_PLACEMENT_3D('',#12173,#12174,#12175);
#12173 = CARTESIAN_POINT('',(-2.83349882348,-2.96,0.84));
#12174 = DIRECTION('',(0.,-1.,0.));
#12175 = DIRECTION('',(0.,0.,1.));
#12176 = ADVANCED_FACE('',(#12177),#12188,.F.);
#12177 = FACE_BOUND('',#12178,.F.);
#12178 = EDGE_LOOP('',(#12179,#12185,#12186,#12187));
#12179 = ORIENTED_EDGE('',*,*,#12180,.F.);
#12180 = EDGE_CURVE('',#11901,#12056,#12181,.T.);
#12181 = LINE('',#12182,#12183);
#12182 = CARTESIAN_POINT('',(-3.404202630842,-2.96,0.15));
#12183 = VECTOR('',#12184,1.);
#12184 = DIRECTION('',(0.,-1.,0.));
#12185 = ORIENTED_EDGE('',*,*,#11900,.T.);
#12186 = ORIENTED_EDGE('',*,*,#12086,.T.);
#12187 = ORIENTED_EDGE('',*,*,#12063,.F.);
#12188 = CYLINDRICAL_SURFACE('',#12189,0.16);
#12189 = AXIS2_PLACEMENT_3D('',#12190,#12191,#12192);
#12190 = CARTESIAN_POINT('',(-3.404202630842,-2.96,0.31));
#12191 = DIRECTION('',(0.,-1.,0.));
#12192 = DIRECTION('',(0.,0.,-1.));
#12193 = ADVANCED_FACE('',(#12194),#12205,.T.);
#12194 = FACE_BOUND('',#12195,.F.);
#12195 = EDGE_LOOP('',(#12196,#12197,#12198,#12199));
#12196 = ORIENTED_EDGE('',*,*,#11909,.F.);
#12197 = ORIENTED_EDGE('',*,*,#12180,.T.);
#12198 = ORIENTED_EDGE('',*,*,#12055,.T.);
#12199 = ORIENTED_EDGE('',*,*,#12200,.F.);
#12200 = EDGE_CURVE('',#11910,#12048,#12201,.T.);
#12201 = LINE('',#12202,#12203);
#12202 = CARTESIAN_POINT('',(-3.9,-2.96,0.15));
#12203 = VECTOR('',#12204,1.);
#12204 = DIRECTION('',(0.,-1.,0.));
#12205 = PLANE('',#12206);
#12206 = AXIS2_PLACEMENT_3D('',#12207,#12208,#12209);
#12207 = CARTESIAN_POINT('',(-3.269946689854,-2.96,0.15));
#12208 = DIRECTION('',(0.,0.,1.));
#12209 = DIRECTION('',(-1.,0.,0.));
#12210 = ADVANCED_FACE('',(#12211),#12222,.T.);
#12211 = FACE_BOUND('',#12212,.F.);
#12212 = EDGE_LOOP('',(#12213,#12214,#12215,#12216));
#12213 = ORIENTED_EDGE('',*,*,#11917,.F.);
#12214 = ORIENTED_EDGE('',*,*,#12200,.T.);
#12215 = ORIENTED_EDGE('',*,*,#12047,.T.);
#12216 = ORIENTED_EDGE('',*,*,#12217,.F.);
#12217 = EDGE_CURVE('',#11918,#12040,#12218,.T.);
#12218 = LINE('',#12219,#12220);
#12219 = CARTESIAN_POINT('',(-3.9,-2.96,0.));
#12220 = VECTOR('',#12221,1.);
#12221 = DIRECTION('',(0.,-1.,0.));
#12222 = PLANE('',#12223);
#12223 = AXIS2_PLACEMENT_3D('',#12224,#12225,#12226);
#12224 = CARTESIAN_POINT('',(-3.9,-2.96,0.15));
#12225 = DIRECTION('',(-1.,0.,0.));
#12226 = DIRECTION('',(0.,0.,-1.));
#12227 = ADVANCED_FACE('',(#12228),#12239,.T.);
#12228 = FACE_BOUND('',#12229,.F.);
#12229 = EDGE_LOOP('',(#12230,#12231,#12232,#12233));
#12230 = ORIENTED_EDGE('',*,*,#11925,.F.);
#12231 = ORIENTED_EDGE('',*,*,#12217,.T.);
#12232 = ORIENTED_EDGE('',*,*,#12039,.T.);
#12233 = ORIENTED_EDGE('',*,*,#12234,.F.);
#12234 = EDGE_CURVE('',#11926,#12031,#12235,.T.);
#12235 = LINE('',#12236,#12237);
#12236 = CARTESIAN_POINT('',(-3.404202630842,-2.96,0.));
#12237 = VECTOR('',#12238,1.);
#12238 = DIRECTION('',(0.,-1.,0.));
#12239 = PLANE('',#12240);
#12240 = AXIS2_PLACEMENT_3D('',#12241,#12242,#12243);
#12241 = CARTESIAN_POINT('',(-3.9,-2.96,0.));
#12242 = DIRECTION('',(0.,0.,-1.));
#12243 = DIRECTION('',(1.,0.,0.));
#12244 = ADVANCED_FACE('',(#12245),#12251,.T.);
#12245 = FACE_BOUND('',#12246,.T.);
#12246 = EDGE_LOOP('',(#12247,#12248,#12249,#12250));
#12247 = ORIENTED_EDGE('',*,*,#12030,.T.);
#12248 = ORIENTED_EDGE('',*,*,#12234,.F.);
#12249 = ORIENTED_EDGE('',*,*,#11933,.F.);
#12250 = ORIENTED_EDGE('',*,*,#11965,.T.);
#12251 = CYLINDRICAL_SURFACE('',#12252,0.31);
#12252 = AXIS2_PLACEMENT_3D('',#12253,#12254,#12255);
#12253 = CARTESIAN_POINT('',(-3.404202630842,-2.96,0.31));
#12254 = DIRECTION('',(0.,1.,0.));
#12255 = DIRECTION('',(0.984807753012,0.,-0.173648177667));
#12256 = MANIFOLD_SOLID_BREP('',#12257);
#12257 = CLOSED_SHELL('',(#12258,#12366,#12397,#12496,#12518,#12535,
    #12552,#12569,#12586,#12598,#12615,#12632,#12649,#12666));
#12258 = ADVANCED_FACE('',(#12259),#12361,.F.);
#12259 = FACE_BOUND('',#12260,.F.);
#12260 = EDGE_LOOP('',(#12261,#12271,#12280,#12288,#12296,#12304,#12313,
    #12321,#12330,#12338,#12346,#12354));
#12261 = ORIENTED_EDGE('',*,*,#12262,.F.);
#12262 = EDGE_CURVE('',#12263,#12265,#12267,.T.);
#12263 = VERTEX_POINT('',#12264);
#12264 = CARTESIAN_POINT('',(-2.991068063962,-1.69,0.867783708427));
#12265 = VERTEX_POINT('',#12266);
#12266 = CARTESIAN_POINT('',(-3.098912227408,-1.69,0.256169064923));
#12267 = LINE('',#12268,#12269);
#12268 = CARTESIAN_POINT('',(-2.991068063962,-1.69,0.867783708427));
#12269 = VECTOR('',#12270,1.);
#12270 = DIRECTION('',(-0.173648177667,0.,-0.984807753012));
#12271 = ORIENTED_EDGE('',*,*,#12272,.F.);
#12272 = EDGE_CURVE('',#12273,#12263,#12275,.T.);
#12273 = VERTEX_POINT('',#12274);
#12274 = CARTESIAN_POINT('',(-2.83349882348,-1.69,1.));
#12275 = CIRCLE('',#12276,0.16);
#12276 = AXIS2_PLACEMENT_3D('',#12277,#12278,#12279);
#12277 = CARTESIAN_POINT('',(-2.83349882348,-1.69,0.84));
#12278 = DIRECTION('',(0.,-1.,0.));
#12279 = DIRECTION('',(0.,0.,1.));
#12280 = ORIENTED_EDGE('',*,*,#12281,.T.);
#12281 = EDGE_CURVE('',#12273,#12282,#12284,.T.);
#12282 = VERTEX_POINT('',#12283);
#12283 = CARTESIAN_POINT('',(-2.65,-1.69,1.));
#12284 = LINE('',#12285,#12286);
#12285 = CARTESIAN_POINT('',(-2.83349882348,-1.69,1.));
#12286 = VECTOR('',#12287,1.);
#12287 = DIRECTION('',(1.,0.,0.));
#12288 = ORIENTED_EDGE('',*,*,#12289,.T.);
#12289 = EDGE_CURVE('',#12282,#12290,#12292,.T.);
#12290 = VERTEX_POINT('',#12291);
#12291 = CARTESIAN_POINT('',(-2.65,-1.69,1.15));
#12292 = LINE('',#12293,#12294);
#12293 = CARTESIAN_POINT('',(-2.65,-1.69,1.));
#12294 = VECTOR('',#12295,1.);
#12295 = DIRECTION('',(0.,0.,1.));
#12296 = ORIENTED_EDGE('',*,*,#12297,.T.);
#12297 = EDGE_CURVE('',#12290,#12298,#12300,.T.);
#12298 = VERTEX_POINT('',#12299);
#12299 = CARTESIAN_POINT('',(-2.83349882348,-1.69,1.15));
#12300 = LINE('',#12301,#12302);
#12301 = CARTESIAN_POINT('',(-2.65,-1.69,1.15));
#12302 = VECTOR('',#12303,1.);
#12303 = DIRECTION('',(-1.,0.,0.));
#12304 = ORIENTED_EDGE('',*,*,#12305,.F.);
#12305 = EDGE_CURVE('',#12306,#12298,#12308,.T.);
#12306 = VERTEX_POINT('',#12307);
#12307 = CARTESIAN_POINT('',(-3.138789226914,-1.69,0.893830935077));
#12308 = CIRCLE('',#12309,0.31);
#12309 = AXIS2_PLACEMENT_3D('',#12310,#12311,#12312);
#12310 = CARTESIAN_POINT('',(-2.83349882348,-1.69,0.84));
#12311 = DIRECTION('',(0.,1.,-0.));
#12312 = DIRECTION('',(-0.984807753012,0.,0.173648177667));
#12313 = ORIENTED_EDGE('',*,*,#12314,.F.);
#12314 = EDGE_CURVE('',#12315,#12306,#12317,.T.);
#12315 = VERTEX_POINT('',#12316);
#12316 = CARTESIAN_POINT('',(-3.24663339036,-1.69,0.282216291573));
#12317 = LINE('',#12318,#12319);
#12318 = CARTESIAN_POINT('',(-3.24663339036,-1.69,0.282216291573));
#12319 = VECTOR('',#12320,1.);
#12320 = DIRECTION('',(0.173648177667,0.,0.984807753012));
#12321 = ORIENTED_EDGE('',*,*,#12322,.F.);
#12322 = EDGE_CURVE('',#12323,#12315,#12325,.T.);
#12323 = VERTEX_POINT('',#12324);
#12324 = CARTESIAN_POINT('',(-3.404202630842,-1.69,0.15));
#12325 = CIRCLE('',#12326,0.16);
#12326 = AXIS2_PLACEMENT_3D('',#12327,#12328,#12329);
#12327 = CARTESIAN_POINT('',(-3.404202630842,-1.69,0.31));
#12328 = DIRECTION('',(0.,-1.,0.));
#12329 = DIRECTION('',(0.,0.,-1.));
#12330 = ORIENTED_EDGE('',*,*,#12331,.T.);
#12331 = EDGE_CURVE('',#12323,#12332,#12334,.T.);
#12332 = VERTEX_POINT('',#12333);
#12333 = CARTESIAN_POINT('',(-3.9,-1.69,0.15));
#12334 = LINE('',#12335,#12336);
#12335 = CARTESIAN_POINT('',(-3.404202630842,-1.69,0.15));
#12336 = VECTOR('',#12337,1.);
#12337 = DIRECTION('',(-1.,0.,0.));
#12338 = ORIENTED_EDGE('',*,*,#12339,.T.);
#12339 = EDGE_CURVE('',#12332,#12340,#12342,.T.);
#12340 = VERTEX_POINT('',#12341);
#12341 = CARTESIAN_POINT('',(-3.9,-1.69,0.));
#12342 = LINE('',#12343,#12344);
#12343 = CARTESIAN_POINT('',(-3.9,-1.69,0.15));
#12344 = VECTOR('',#12345,1.);
#12345 = DIRECTION('',(0.,0.,-1.));
#12346 = ORIENTED_EDGE('',*,*,#12347,.T.);
#12347 = EDGE_CURVE('',#12340,#12348,#12350,.T.);
#12348 = VERTEX_POINT('',#12349);
#12349 = CARTESIAN_POINT('',(-3.404202630842,-1.69,0.));
#12350 = LINE('',#12351,#12352);
#12351 = CARTESIAN_POINT('',(-3.9,-1.69,0.));
#12352 = VECTOR('',#12353,1.);
#12353 = DIRECTION('',(1.,0.,0.));
#12354 = ORIENTED_EDGE('',*,*,#12355,.F.);
#12355 = EDGE_CURVE('',#12265,#12348,#12356,.T.);
#12356 = CIRCLE('',#12357,0.31);
#12357 = AXIS2_PLACEMENT_3D('',#12358,#12359,#12360);
#12358 = CARTESIAN_POINT('',(-3.404202630842,-1.69,0.31));
#12359 = DIRECTION('',(0.,1.,0.));
#12360 = DIRECTION('',(0.984807753012,0.,-0.173648177667));
#12361 = PLANE('',#12362);
#12362 = AXIS2_PLACEMENT_3D('',#12363,#12364,#12365);
#12363 = CARTESIAN_POINT('',(-3.1,-1.69,0.25));
#12364 = DIRECTION('',(0.,-1.,0.));
#12365 = DIRECTION('',(1.,0.,0.));
#12366 = ADVANCED_FACE('',(#12367),#12392,.T.);
#12367 = FACE_BOUND('',#12368,.F.);
#12368 = EDGE_LOOP('',(#12369,#12379,#12385,#12386));
#12369 = ORIENTED_EDGE('',*,*,#12370,.T.);
#12370 = EDGE_CURVE('',#12371,#12373,#12375,.T.);
#12371 = VERTEX_POINT('',#12372);
#12372 = CARTESIAN_POINT('',(-3.098912227408,-2.12,0.256169064923));
#12373 = VERTEX_POINT('',#12374);
#12374 = CARTESIAN_POINT('',(-2.991068063962,-2.12,0.867783708427));
#12375 = LINE('',#12376,#12377);
#12376 = CARTESIAN_POINT('',(-3.098912227408,-2.12,0.256169064923));
#12377 = VECTOR('',#12378,1.);
#12378 = DIRECTION('',(0.173648177667,0.,0.984807753012));
#12379 = ORIENTED_EDGE('',*,*,#12380,.F.);
#12380 = EDGE_CURVE('',#12263,#12373,#12381,.T.);
#12381 = LINE('',#12382,#12383);
#12382 = CARTESIAN_POINT('',(-2.991068063962,-1.69,0.867783708427));
#12383 = VECTOR('',#12384,1.);
#12384 = DIRECTION('',(0.,-1.,0.));
#12385 = ORIENTED_EDGE('',*,*,#12262,.T.);
#12386 = ORIENTED_EDGE('',*,*,#12387,.T.);
#12387 = EDGE_CURVE('',#12265,#12371,#12388,.T.);
#12388 = LINE('',#12389,#12390);
#12389 = CARTESIAN_POINT('',(-3.098912227408,-1.69,0.256169064923));
#12390 = VECTOR('',#12391,1.);
#12391 = DIRECTION('',(0.,-1.,0.));
#12392 = PLANE('',#12393);
#12393 = AXIS2_PLACEMENT_3D('',#12394,#12395,#12396);
#12394 = CARTESIAN_POINT('',(-3.144081745177,-1.69,0.));
#12395 = DIRECTION('',(0.984807753012,-0.,-0.173648177667));
#12396 = DIRECTION('',(0.173648177667,0.,0.984807753012));
#12397 = ADVANCED_FACE('',(#12398),#12491,.T.);
#12398 = FACE_BOUND('',#12399,.F.);
#12399 = EDGE_LOOP('',(#12400,#12410,#12419,#12427,#12435,#12443,#12450,
    #12451,#12460,#12468,#12476,#12484));
#12400 = ORIENTED_EDGE('',*,*,#12401,.F.);
#12401 = EDGE_CURVE('',#12402,#12404,#12406,.T.);
#12402 = VERTEX_POINT('',#12403);
#12403 = CARTESIAN_POINT('',(-3.138789226914,-2.12,0.893830935077));
#12404 = VERTEX_POINT('',#12405);
#12405 = CARTESIAN_POINT('',(-3.24663339036,-2.12,0.282216291573));
#12406 = LINE('',#12407,#12408);
#12407 = CARTESIAN_POINT('',(-3.138789226914,-2.12,0.893830935077));
#12408 = VECTOR('',#12409,1.);
#12409 = DIRECTION('',(-0.173648177667,0.,-0.984807753012));
#12410 = ORIENTED_EDGE('',*,*,#12411,.T.);
#12411 = EDGE_CURVE('',#12402,#12412,#12414,.T.);
#12412 = VERTEX_POINT('',#12413);
#12413 = CARTESIAN_POINT('',(-2.83349882348,-2.12,1.15));
#12414 = CIRCLE('',#12415,0.31);
#12415 = AXIS2_PLACEMENT_3D('',#12416,#12417,#12418);
#12416 = CARTESIAN_POINT('',(-2.83349882348,-2.12,0.84));
#12417 = DIRECTION('',(0.,1.,-0.));
#12418 = DIRECTION('',(-0.984807753012,0.,0.173648177667));
#12419 = ORIENTED_EDGE('',*,*,#12420,.F.);
#12420 = EDGE_CURVE('',#12421,#12412,#12423,.T.);
#12421 = VERTEX_POINT('',#12422);
#12422 = CARTESIAN_POINT('',(-2.65,-2.12,1.15));
#12423 = LINE('',#12424,#12425);
#12424 = CARTESIAN_POINT('',(-2.65,-2.12,1.15));
#12425 = VECTOR('',#12426,1.);
#12426 = DIRECTION('',(-1.,0.,0.));
#12427 = ORIENTED_EDGE('',*,*,#12428,.F.);
#12428 = EDGE_CURVE('',#12429,#12421,#12431,.T.);
#12429 = VERTEX_POINT('',#12430);
#12430 = CARTESIAN_POINT('',(-2.65,-2.12,1.));
#12431 = LINE('',#12432,#12433);
#12432 = CARTESIAN_POINT('',(-2.65,-2.12,1.));
#12433 = VECTOR('',#12434,1.);
#12434 = DIRECTION('',(0.,0.,1.));
#12435 = ORIENTED_EDGE('',*,*,#12436,.F.);
#12436 = EDGE_CURVE('',#12437,#12429,#12439,.T.);
#12437 = VERTEX_POINT('',#12438);
#12438 = CARTESIAN_POINT('',(-2.83349882348,-2.12,1.));
#12439 = LINE('',#12440,#12441);
#12440 = CARTESIAN_POINT('',(-2.83349882348,-2.12,1.));
#12441 = VECTOR('',#12442,1.);
#12442 = DIRECTION('',(1.,0.,0.));
#12443 = ORIENTED_EDGE('',*,*,#12444,.T.);
#12444 = EDGE_CURVE('',#12437,#12373,#12445,.T.);
#12445 = CIRCLE('',#12446,0.16);
#12446 = AXIS2_PLACEMENT_3D('',#12447,#12448,#12449);
#12447 = CARTESIAN_POINT('',(-2.83349882348,-2.12,0.84));
#12448 = DIRECTION('',(0.,-1.,0.));
#12449 = DIRECTION('',(0.,0.,1.));
#12450 = ORIENTED_EDGE('',*,*,#12370,.F.);
#12451 = ORIENTED_EDGE('',*,*,#12452,.T.);
#12452 = EDGE_CURVE('',#12371,#12453,#12455,.T.);
#12453 = VERTEX_POINT('',#12454);
#12454 = CARTESIAN_POINT('',(-3.404202630842,-2.12,0.));
#12455 = CIRCLE('',#12456,0.31);
#12456 = AXIS2_PLACEMENT_3D('',#12457,#12458,#12459);
#12457 = CARTESIAN_POINT('',(-3.404202630842,-2.12,0.31));
#12458 = DIRECTION('',(0.,1.,0.));
#12459 = DIRECTION('',(0.984807753012,0.,-0.173648177667));
#12460 = ORIENTED_EDGE('',*,*,#12461,.F.);
#12461 = EDGE_CURVE('',#12462,#12453,#12464,.T.);
#12462 = VERTEX_POINT('',#12463);
#12463 = CARTESIAN_POINT('',(-3.9,-2.12,0.));
#12464 = LINE('',#12465,#12466);
#12465 = CARTESIAN_POINT('',(-3.9,-2.12,0.));
#12466 = VECTOR('',#12467,1.);
#12467 = DIRECTION('',(1.,0.,0.));
#12468 = ORIENTED_EDGE('',*,*,#12469,.F.);
#12469 = EDGE_CURVE('',#12470,#12462,#12472,.T.);
#12470 = VERTEX_POINT('',#12471);
#12471 = CARTESIAN_POINT('',(-3.9,-2.12,0.15));
#12472 = LINE('',#12473,#12474);
#12473 = CARTESIAN_POINT('',(-3.9,-2.12,0.15));
#12474 = VECTOR('',#12475,1.);
#12475 = DIRECTION('',(0.,0.,-1.));
#12476 = ORIENTED_EDGE('',*,*,#12477,.F.);
#12477 = EDGE_CURVE('',#12478,#12470,#12480,.T.);
#12478 = VERTEX_POINT('',#12479);
#12479 = CARTESIAN_POINT('',(-3.404202630842,-2.12,0.15));
#12480 = LINE('',#12481,#12482);
#12481 = CARTESIAN_POINT('',(-3.404202630842,-2.12,0.15));
#12482 = VECTOR('',#12483,1.);
#12483 = DIRECTION('',(-1.,0.,0.));
#12484 = ORIENTED_EDGE('',*,*,#12485,.T.);
#12485 = EDGE_CURVE('',#12478,#12404,#12486,.T.);
#12486 = CIRCLE('',#12487,0.16);
#12487 = AXIS2_PLACEMENT_3D('',#12488,#12489,#12490);
#12488 = CARTESIAN_POINT('',(-3.404202630842,-2.12,0.31));
#12489 = DIRECTION('',(0.,-1.,0.));
#12490 = DIRECTION('',(0.,0.,-1.));
#12491 = PLANE('',#12492);
#12492 = AXIS2_PLACEMENT_3D('',#12493,#12494,#12495);
#12493 = CARTESIAN_POINT('',(-3.1,-2.12,0.25));
#12494 = DIRECTION('',(0.,-1.,0.));
#12495 = DIRECTION('',(1.,0.,0.));
#12496 = ADVANCED_FACE('',(#12497),#12513,.T.);
#12497 = FACE_BOUND('',#12498,.F.);
#12498 = EDGE_LOOP('',(#12499,#12500,#12506,#12507));
#12499 = ORIENTED_EDGE('',*,*,#12314,.T.);
#12500 = ORIENTED_EDGE('',*,*,#12501,.T.);
#12501 = EDGE_CURVE('',#12306,#12402,#12502,.T.);
#12502 = LINE('',#12503,#12504);
#12503 = CARTESIAN_POINT('',(-3.138789226914,-1.69,0.893830935077));
#12504 = VECTOR('',#12505,1.);
#12505 = DIRECTION('',(0.,-1.,0.));
#12506 = ORIENTED_EDGE('',*,*,#12401,.T.);
#12507 = ORIENTED_EDGE('',*,*,#12508,.F.);
#12508 = EDGE_CURVE('',#12315,#12404,#12509,.T.);
#12509 = LINE('',#12510,#12511);
#12510 = CARTESIAN_POINT('',(-3.24663339036,-1.69,0.282216291573));
#12511 = VECTOR('',#12512,1.);
#12512 = DIRECTION('',(0.,-1.,0.));
#12513 = PLANE('',#12514);
#12514 = AXIS2_PLACEMENT_3D('',#12515,#12516,#12517);
#12515 = CARTESIAN_POINT('',(-3.247721162952,-1.69,0.27604722665));
#12516 = DIRECTION('',(-0.984807753012,0.,0.173648177667));
#12517 = DIRECTION('',(-0.173648177667,0.,-0.984807753012));
#12518 = ADVANCED_FACE('',(#12519),#12530,.T.);
#12519 = FACE_BOUND('',#12520,.T.);
#12520 = EDGE_LOOP('',(#12521,#12522,#12528,#12529));
#12521 = ORIENTED_EDGE('',*,*,#12411,.T.);
#12522 = ORIENTED_EDGE('',*,*,#12523,.F.);
#12523 = EDGE_CURVE('',#12298,#12412,#12524,.T.);
#12524 = LINE('',#12525,#12526);
#12525 = CARTESIAN_POINT('',(-2.83349882348,-1.69,1.15));
#12526 = VECTOR('',#12527,1.);
#12527 = DIRECTION('',(0.,-1.,0.));
#12528 = ORIENTED_EDGE('',*,*,#12305,.F.);
#12529 = ORIENTED_EDGE('',*,*,#12501,.T.);
#12530 = CYLINDRICAL_SURFACE('',#12531,0.31);
#12531 = AXIS2_PLACEMENT_3D('',#12532,#12533,#12534);
#12532 = CARTESIAN_POINT('',(-2.83349882348,-1.69,0.84));
#12533 = DIRECTION('',(0.,1.,0.));
#12534 = DIRECTION('',(-0.984807753012,0.,0.173648177667));
#12535 = ADVANCED_FACE('',(#12536),#12547,.T.);
#12536 = FACE_BOUND('',#12537,.F.);
#12537 = EDGE_LOOP('',(#12538,#12539,#12545,#12546));
#12538 = ORIENTED_EDGE('',*,*,#12297,.F.);
#12539 = ORIENTED_EDGE('',*,*,#12540,.T.);
#12540 = EDGE_CURVE('',#12290,#12421,#12541,.T.);
#12541 = LINE('',#12542,#12543);
#12542 = CARTESIAN_POINT('',(-2.65,-1.69,1.15));
#12543 = VECTOR('',#12544,1.);
#12544 = DIRECTION('',(0.,-1.,0.));
#12545 = ORIENTED_EDGE('',*,*,#12420,.T.);
#12546 = ORIENTED_EDGE('',*,*,#12523,.F.);
#12547 = PLANE('',#12548);
#12548 = AXIS2_PLACEMENT_3D('',#12549,#12550,#12551);
#12549 = CARTESIAN_POINT('',(-2.65,-1.69,1.15));
#12550 = DIRECTION('',(0.,0.,1.));
#12551 = DIRECTION('',(-1.,0.,0.));
#12552 = ADVANCED_FACE('',(#12553),#12564,.T.);
#12553 = FACE_BOUND('',#12554,.F.);
#12554 = EDGE_LOOP('',(#12555,#12556,#12562,#12563));
#12555 = ORIENTED_EDGE('',*,*,#12289,.F.);
#12556 = ORIENTED_EDGE('',*,*,#12557,.T.);
#12557 = EDGE_CURVE('',#12282,#12429,#12558,.T.);
#12558 = LINE('',#12559,#12560);
#12559 = CARTESIAN_POINT('',(-2.65,-1.69,1.));
#12560 = VECTOR('',#12561,1.);
#12561 = DIRECTION('',(0.,-1.,0.));
#12562 = ORIENTED_EDGE('',*,*,#12428,.T.);
#12563 = ORIENTED_EDGE('',*,*,#12540,.F.);
#12564 = PLANE('',#12565);
#12565 = AXIS2_PLACEMENT_3D('',#12566,#12567,#12568);
#12566 = CARTESIAN_POINT('',(-2.65,-1.69,1.));
#12567 = DIRECTION('',(1.,0.,0.));
#12568 = DIRECTION('',(0.,0.,1.));
#12569 = ADVANCED_FACE('',(#12570),#12581,.T.);
#12570 = FACE_BOUND('',#12571,.F.);
#12571 = EDGE_LOOP('',(#12572,#12573,#12579,#12580));
#12572 = ORIENTED_EDGE('',*,*,#12281,.F.);
#12573 = ORIENTED_EDGE('',*,*,#12574,.T.);
#12574 = EDGE_CURVE('',#12273,#12437,#12575,.T.);
#12575 = LINE('',#12576,#12577);
#12576 = CARTESIAN_POINT('',(-2.83349882348,-1.69,1.));
#12577 = VECTOR('',#12578,1.);
#12578 = DIRECTION('',(0.,-1.,0.));
#12579 = ORIENTED_EDGE('',*,*,#12436,.T.);
#12580 = ORIENTED_EDGE('',*,*,#12557,.F.);
#12581 = PLANE('',#12582);
#12582 = AXIS2_PLACEMENT_3D('',#12583,#12584,#12585);
#12583 = CARTESIAN_POINT('',(-2.967754764469,-1.69,1.));
#12584 = DIRECTION('',(0.,0.,-1.));
#12585 = DIRECTION('',(1.,0.,0.));
#12586 = ADVANCED_FACE('',(#12587),#12593,.F.);
#12587 = FACE_BOUND('',#12588,.F.);
#12588 = EDGE_LOOP('',(#12589,#12590,#12591,#12592));
#12589 = ORIENTED_EDGE('',*,*,#12574,.F.);
#12590 = ORIENTED_EDGE('',*,*,#12272,.T.);
#12591 = ORIENTED_EDGE('',*,*,#12380,.T.);
#12592 = ORIENTED_EDGE('',*,*,#12444,.F.);
#12593 = CYLINDRICAL_SURFACE('',#12594,0.16);
#12594 = AXIS2_PLACEMENT_3D('',#12595,#12596,#12597);
#12595 = CARTESIAN_POINT('',(-2.83349882348,-1.69,0.84));
#12596 = DIRECTION('',(0.,-1.,0.));
#12597 = DIRECTION('',(0.,0.,1.));
#12598 = ADVANCED_FACE('',(#12599),#12610,.F.);
#12599 = FACE_BOUND('',#12600,.F.);
#12600 = EDGE_LOOP('',(#12601,#12607,#12608,#12609));
#12601 = ORIENTED_EDGE('',*,*,#12602,.F.);
#12602 = EDGE_CURVE('',#12323,#12478,#12603,.T.);
#12603 = LINE('',#12604,#12605);
#12604 = CARTESIAN_POINT('',(-3.404202630842,-1.69,0.15));
#12605 = VECTOR('',#12606,1.);
#12606 = DIRECTION('',(0.,-1.,0.));
#12607 = ORIENTED_EDGE('',*,*,#12322,.T.);
#12608 = ORIENTED_EDGE('',*,*,#12508,.T.);
#12609 = ORIENTED_EDGE('',*,*,#12485,.F.);
#12610 = CYLINDRICAL_SURFACE('',#12611,0.16);
#12611 = AXIS2_PLACEMENT_3D('',#12612,#12613,#12614);
#12612 = CARTESIAN_POINT('',(-3.404202630842,-1.69,0.31));
#12613 = DIRECTION('',(0.,-1.,0.));
#12614 = DIRECTION('',(0.,0.,-1.));
#12615 = ADVANCED_FACE('',(#12616),#12627,.T.);
#12616 = FACE_BOUND('',#12617,.F.);
#12617 = EDGE_LOOP('',(#12618,#12619,#12620,#12621));
#12618 = ORIENTED_EDGE('',*,*,#12331,.F.);
#12619 = ORIENTED_EDGE('',*,*,#12602,.T.);
#12620 = ORIENTED_EDGE('',*,*,#12477,.T.);
#12621 = ORIENTED_EDGE('',*,*,#12622,.F.);
#12622 = EDGE_CURVE('',#12332,#12470,#12623,.T.);
#12623 = LINE('',#12624,#12625);
#12624 = CARTESIAN_POINT('',(-3.9,-1.69,0.15));
#12625 = VECTOR('',#12626,1.);
#12626 = DIRECTION('',(0.,-1.,0.));
#12627 = PLANE('',#12628);
#12628 = AXIS2_PLACEMENT_3D('',#12629,#12630,#12631);
#12629 = CARTESIAN_POINT('',(-3.269946689854,-1.69,0.15));
#12630 = DIRECTION('',(0.,0.,1.));
#12631 = DIRECTION('',(-1.,0.,0.));
#12632 = ADVANCED_FACE('',(#12633),#12644,.T.);
#12633 = FACE_BOUND('',#12634,.F.);
#12634 = EDGE_LOOP('',(#12635,#12636,#12637,#12638));
#12635 = ORIENTED_EDGE('',*,*,#12339,.F.);
#12636 = ORIENTED_EDGE('',*,*,#12622,.T.);
#12637 = ORIENTED_EDGE('',*,*,#12469,.T.);
#12638 = ORIENTED_EDGE('',*,*,#12639,.F.);
#12639 = EDGE_CURVE('',#12340,#12462,#12640,.T.);
#12640 = LINE('',#12641,#12642);
#12641 = CARTESIAN_POINT('',(-3.9,-1.69,0.));
#12642 = VECTOR('',#12643,1.);
#12643 = DIRECTION('',(0.,-1.,0.));
#12644 = PLANE('',#12645);
#12645 = AXIS2_PLACEMENT_3D('',#12646,#12647,#12648);
#12646 = CARTESIAN_POINT('',(-3.9,-1.69,0.15));
#12647 = DIRECTION('',(-1.,0.,0.));
#12648 = DIRECTION('',(0.,0.,-1.));
#12649 = ADVANCED_FACE('',(#12650),#12661,.T.);
#12650 = FACE_BOUND('',#12651,.F.);
#12651 = EDGE_LOOP('',(#12652,#12653,#12654,#12655));
#12652 = ORIENTED_EDGE('',*,*,#12347,.F.);
#12653 = ORIENTED_EDGE('',*,*,#12639,.T.);
#12654 = ORIENTED_EDGE('',*,*,#12461,.T.);
#12655 = ORIENTED_EDGE('',*,*,#12656,.F.);
#12656 = EDGE_CURVE('',#12348,#12453,#12657,.T.);
#12657 = LINE('',#12658,#12659);
#12658 = CARTESIAN_POINT('',(-3.404202630842,-1.69,0.));
#12659 = VECTOR('',#12660,1.);
#12660 = DIRECTION('',(0.,-1.,0.));
#12661 = PLANE('',#12662);
#12662 = AXIS2_PLACEMENT_3D('',#12663,#12664,#12665);
#12663 = CARTESIAN_POINT('',(-3.9,-1.69,0.));
#12664 = DIRECTION('',(0.,0.,-1.));
#12665 = DIRECTION('',(1.,0.,0.));
#12666 = ADVANCED_FACE('',(#12667),#12673,.T.);
#12667 = FACE_BOUND('',#12668,.T.);
#12668 = EDGE_LOOP('',(#12669,#12670,#12671,#12672));
#12669 = ORIENTED_EDGE('',*,*,#12452,.T.);
#12670 = ORIENTED_EDGE('',*,*,#12656,.F.);
#12671 = ORIENTED_EDGE('',*,*,#12355,.F.);
#12672 = ORIENTED_EDGE('',*,*,#12387,.T.);
#12673 = CYLINDRICAL_SURFACE('',#12674,0.31);
#12674 = AXIS2_PLACEMENT_3D('',#12675,#12676,#12677);
#12675 = CARTESIAN_POINT('',(-3.404202630842,-1.69,0.31));
#12676 = DIRECTION('',(0.,1.,0.));
#12677 = DIRECTION('',(0.984807753012,0.,-0.173648177667));
#12678 = MANIFOLD_SOLID_BREP('',#12679);
#12679 = CLOSED_SHELL('',(#12680,#12788,#12819,#12918,#12940,#12957,
    #12974,#12991,#13008,#13020,#13037,#13054,#13071,#13088));
#12680 = ADVANCED_FACE('',(#12681),#12783,.F.);
#12681 = FACE_BOUND('',#12682,.F.);
#12682 = EDGE_LOOP('',(#12683,#12693,#12702,#12710,#12718,#12726,#12735,
    #12743,#12752,#12760,#12768,#12776));
#12683 = ORIENTED_EDGE('',*,*,#12684,.F.);
#12684 = EDGE_CURVE('',#12685,#12687,#12689,.T.);
#12685 = VERTEX_POINT('',#12686);
#12686 = CARTESIAN_POINT('',(-2.991068063962,-0.42,0.867783708427));
#12687 = VERTEX_POINT('',#12688);
#12688 = CARTESIAN_POINT('',(-3.098912227408,-0.42,0.256169064923));
#12689 = LINE('',#12690,#12691);
#12690 = CARTESIAN_POINT('',(-2.991068063962,-0.42,0.867783708427));
#12691 = VECTOR('',#12692,1.);
#12692 = DIRECTION('',(-0.173648177667,0.,-0.984807753012));
#12693 = ORIENTED_EDGE('',*,*,#12694,.F.);
#12694 = EDGE_CURVE('',#12695,#12685,#12697,.T.);
#12695 = VERTEX_POINT('',#12696);
#12696 = CARTESIAN_POINT('',(-2.83349882348,-0.42,1.));
#12697 = CIRCLE('',#12698,0.16);
#12698 = AXIS2_PLACEMENT_3D('',#12699,#12700,#12701);
#12699 = CARTESIAN_POINT('',(-2.83349882348,-0.42,0.84));
#12700 = DIRECTION('',(0.,-1.,0.));
#12701 = DIRECTION('',(0.,0.,1.));
#12702 = ORIENTED_EDGE('',*,*,#12703,.T.);
#12703 = EDGE_CURVE('',#12695,#12704,#12706,.T.);
#12704 = VERTEX_POINT('',#12705);
#12705 = CARTESIAN_POINT('',(-2.65,-0.42,1.));
#12706 = LINE('',#12707,#12708);
#12707 = CARTESIAN_POINT('',(-2.83349882348,-0.42,1.));
#12708 = VECTOR('',#12709,1.);
#12709 = DIRECTION('',(1.,0.,0.));
#12710 = ORIENTED_EDGE('',*,*,#12711,.T.);
#12711 = EDGE_CURVE('',#12704,#12712,#12714,.T.);
#12712 = VERTEX_POINT('',#12713);
#12713 = CARTESIAN_POINT('',(-2.65,-0.42,1.15));
#12714 = LINE('',#12715,#12716);
#12715 = CARTESIAN_POINT('',(-2.65,-0.42,1.));
#12716 = VECTOR('',#12717,1.);
#12717 = DIRECTION('',(0.,0.,1.));
#12718 = ORIENTED_EDGE('',*,*,#12719,.T.);
#12719 = EDGE_CURVE('',#12712,#12720,#12722,.T.);
#12720 = VERTEX_POINT('',#12721);
#12721 = CARTESIAN_POINT('',(-2.83349882348,-0.42,1.15));
#12722 = LINE('',#12723,#12724);
#12723 = CARTESIAN_POINT('',(-2.65,-0.42,1.15));
#12724 = VECTOR('',#12725,1.);
#12725 = DIRECTION('',(-1.,0.,0.));
#12726 = ORIENTED_EDGE('',*,*,#12727,.F.);
#12727 = EDGE_CURVE('',#12728,#12720,#12730,.T.);
#12728 = VERTEX_POINT('',#12729);
#12729 = CARTESIAN_POINT('',(-3.138789226914,-0.42,0.893830935077));
#12730 = CIRCLE('',#12731,0.31);
#12731 = AXIS2_PLACEMENT_3D('',#12732,#12733,#12734);
#12732 = CARTESIAN_POINT('',(-2.83349882348,-0.42,0.84));
#12733 = DIRECTION('',(0.,1.,-0.));
#12734 = DIRECTION('',(-0.984807753012,0.,0.173648177667));
#12735 = ORIENTED_EDGE('',*,*,#12736,.F.);
#12736 = EDGE_CURVE('',#12737,#12728,#12739,.T.);
#12737 = VERTEX_POINT('',#12738);
#12738 = CARTESIAN_POINT('',(-3.24663339036,-0.42,0.282216291573));
#12739 = LINE('',#12740,#12741);
#12740 = CARTESIAN_POINT('',(-3.24663339036,-0.42,0.282216291573));
#12741 = VECTOR('',#12742,1.);
#12742 = DIRECTION('',(0.173648177667,0.,0.984807753012));
#12743 = ORIENTED_EDGE('',*,*,#12744,.F.);
#12744 = EDGE_CURVE('',#12745,#12737,#12747,.T.);
#12745 = VERTEX_POINT('',#12746);
#12746 = CARTESIAN_POINT('',(-3.404202630842,-0.42,0.15));
#12747 = CIRCLE('',#12748,0.16);
#12748 = AXIS2_PLACEMENT_3D('',#12749,#12750,#12751);
#12749 = CARTESIAN_POINT('',(-3.404202630842,-0.42,0.31));
#12750 = DIRECTION('',(0.,-1.,0.));
#12751 = DIRECTION('',(0.,0.,-1.));
#12752 = ORIENTED_EDGE('',*,*,#12753,.T.);
#12753 = EDGE_CURVE('',#12745,#12754,#12756,.T.);
#12754 = VERTEX_POINT('',#12755);
#12755 = CARTESIAN_POINT('',(-3.9,-0.42,0.15));
#12756 = LINE('',#12757,#12758);
#12757 = CARTESIAN_POINT('',(-3.404202630842,-0.42,0.15));
#12758 = VECTOR('',#12759,1.);
#12759 = DIRECTION('',(-1.,0.,0.));
#12760 = ORIENTED_EDGE('',*,*,#12761,.T.);
#12761 = EDGE_CURVE('',#12754,#12762,#12764,.T.);
#12762 = VERTEX_POINT('',#12763);
#12763 = CARTESIAN_POINT('',(-3.9,-0.42,0.));
#12764 = LINE('',#12765,#12766);
#12765 = CARTESIAN_POINT('',(-3.9,-0.42,0.15));
#12766 = VECTOR('',#12767,1.);
#12767 = DIRECTION('',(0.,0.,-1.));
#12768 = ORIENTED_EDGE('',*,*,#12769,.T.);
#12769 = EDGE_CURVE('',#12762,#12770,#12772,.T.);
#12770 = VERTEX_POINT('',#12771);
#12771 = CARTESIAN_POINT('',(-3.404202630842,-0.42,0.));
#12772 = LINE('',#12773,#12774);
#12773 = CARTESIAN_POINT('',(-3.9,-0.42,0.));
#12774 = VECTOR('',#12775,1.);
#12775 = DIRECTION('',(1.,0.,0.));
#12776 = ORIENTED_EDGE('',*,*,#12777,.F.);
#12777 = EDGE_CURVE('',#12687,#12770,#12778,.T.);
#12778 = CIRCLE('',#12779,0.31);
#12779 = AXIS2_PLACEMENT_3D('',#12780,#12781,#12782);
#12780 = CARTESIAN_POINT('',(-3.404202630842,-0.42,0.31));
#12781 = DIRECTION('',(0.,1.,0.));
#12782 = DIRECTION('',(0.984807753012,0.,-0.173648177667));
#12783 = PLANE('',#12784);
#12784 = AXIS2_PLACEMENT_3D('',#12785,#12786,#12787);
#12785 = CARTESIAN_POINT('',(-3.1,-0.42,0.25));
#12786 = DIRECTION('',(0.,-1.,0.));
#12787 = DIRECTION('',(1.,0.,0.));
#12788 = ADVANCED_FACE('',(#12789),#12814,.T.);
#12789 = FACE_BOUND('',#12790,.F.);
#12790 = EDGE_LOOP('',(#12791,#12801,#12807,#12808));
#12791 = ORIENTED_EDGE('',*,*,#12792,.T.);
#12792 = EDGE_CURVE('',#12793,#12795,#12797,.T.);
#12793 = VERTEX_POINT('',#12794);
#12794 = CARTESIAN_POINT('',(-3.098912227408,-0.85,0.256169064923));
#12795 = VERTEX_POINT('',#12796);
#12796 = CARTESIAN_POINT('',(-2.991068063962,-0.85,0.867783708427));
#12797 = LINE('',#12798,#12799);
#12798 = CARTESIAN_POINT('',(-3.098912227408,-0.85,0.256169064923));
#12799 = VECTOR('',#12800,1.);
#12800 = DIRECTION('',(0.173648177667,0.,0.984807753012));
#12801 = ORIENTED_EDGE('',*,*,#12802,.F.);
#12802 = EDGE_CURVE('',#12685,#12795,#12803,.T.);
#12803 = LINE('',#12804,#12805);
#12804 = CARTESIAN_POINT('',(-2.991068063962,-0.42,0.867783708427));
#12805 = VECTOR('',#12806,1.);
#12806 = DIRECTION('',(0.,-1.,0.));
#12807 = ORIENTED_EDGE('',*,*,#12684,.T.);
#12808 = ORIENTED_EDGE('',*,*,#12809,.T.);
#12809 = EDGE_CURVE('',#12687,#12793,#12810,.T.);
#12810 = LINE('',#12811,#12812);
#12811 = CARTESIAN_POINT('',(-3.098912227408,-0.42,0.256169064923));
#12812 = VECTOR('',#12813,1.);
#12813 = DIRECTION('',(0.,-1.,0.));
#12814 = PLANE('',#12815);
#12815 = AXIS2_PLACEMENT_3D('',#12816,#12817,#12818);
#12816 = CARTESIAN_POINT('',(-3.144081745177,-0.42,0.));
#12817 = DIRECTION('',(0.984807753012,-0.,-0.173648177667));
#12818 = DIRECTION('',(0.173648177667,0.,0.984807753012));
#12819 = ADVANCED_FACE('',(#12820),#12913,.T.);
#12820 = FACE_BOUND('',#12821,.F.);
#12821 = EDGE_LOOP('',(#12822,#12832,#12841,#12849,#12857,#12865,#12872,
    #12873,#12882,#12890,#12898,#12906));
#12822 = ORIENTED_EDGE('',*,*,#12823,.F.);
#12823 = EDGE_CURVE('',#12824,#12826,#12828,.T.);
#12824 = VERTEX_POINT('',#12825);
#12825 = CARTESIAN_POINT('',(-3.138789226914,-0.85,0.893830935077));
#12826 = VERTEX_POINT('',#12827);
#12827 = CARTESIAN_POINT('',(-3.24663339036,-0.85,0.282216291573));
#12828 = LINE('',#12829,#12830);
#12829 = CARTESIAN_POINT('',(-3.138789226914,-0.85,0.893830935077));
#12830 = VECTOR('',#12831,1.);
#12831 = DIRECTION('',(-0.173648177667,0.,-0.984807753012));
#12832 = ORIENTED_EDGE('',*,*,#12833,.T.);
#12833 = EDGE_CURVE('',#12824,#12834,#12836,.T.);
#12834 = VERTEX_POINT('',#12835);
#12835 = CARTESIAN_POINT('',(-2.83349882348,-0.85,1.15));
#12836 = CIRCLE('',#12837,0.31);
#12837 = AXIS2_PLACEMENT_3D('',#12838,#12839,#12840);
#12838 = CARTESIAN_POINT('',(-2.83349882348,-0.85,0.84));
#12839 = DIRECTION('',(0.,1.,-0.));
#12840 = DIRECTION('',(-0.984807753012,0.,0.173648177667));
#12841 = ORIENTED_EDGE('',*,*,#12842,.F.);
#12842 = EDGE_CURVE('',#12843,#12834,#12845,.T.);
#12843 = VERTEX_POINT('',#12844);
#12844 = CARTESIAN_POINT('',(-2.65,-0.85,1.15));
#12845 = LINE('',#12846,#12847);
#12846 = CARTESIAN_POINT('',(-2.65,-0.85,1.15));
#12847 = VECTOR('',#12848,1.);
#12848 = DIRECTION('',(-1.,0.,0.));
#12849 = ORIENTED_EDGE('',*,*,#12850,.F.);
#12850 = EDGE_CURVE('',#12851,#12843,#12853,.T.);
#12851 = VERTEX_POINT('',#12852);
#12852 = CARTESIAN_POINT('',(-2.65,-0.85,1.));
#12853 = LINE('',#12854,#12855);
#12854 = CARTESIAN_POINT('',(-2.65,-0.85,1.));
#12855 = VECTOR('',#12856,1.);
#12856 = DIRECTION('',(0.,0.,1.));
#12857 = ORIENTED_EDGE('',*,*,#12858,.F.);
#12858 = EDGE_CURVE('',#12859,#12851,#12861,.T.);
#12859 = VERTEX_POINT('',#12860);
#12860 = CARTESIAN_POINT('',(-2.83349882348,-0.85,1.));
#12861 = LINE('',#12862,#12863);
#12862 = CARTESIAN_POINT('',(-2.83349882348,-0.85,1.));
#12863 = VECTOR('',#12864,1.);
#12864 = DIRECTION('',(1.,0.,0.));
#12865 = ORIENTED_EDGE('',*,*,#12866,.T.);
#12866 = EDGE_CURVE('',#12859,#12795,#12867,.T.);
#12867 = CIRCLE('',#12868,0.16);
#12868 = AXIS2_PLACEMENT_3D('',#12869,#12870,#12871);
#12869 = CARTESIAN_POINT('',(-2.83349882348,-0.85,0.84));
#12870 = DIRECTION('',(0.,-1.,0.));
#12871 = DIRECTION('',(0.,0.,1.));
#12872 = ORIENTED_EDGE('',*,*,#12792,.F.);
#12873 = ORIENTED_EDGE('',*,*,#12874,.T.);
#12874 = EDGE_CURVE('',#12793,#12875,#12877,.T.);
#12875 = VERTEX_POINT('',#12876);
#12876 = CARTESIAN_POINT('',(-3.404202630842,-0.85,0.));
#12877 = CIRCLE('',#12878,0.31);
#12878 = AXIS2_PLACEMENT_3D('',#12879,#12880,#12881);
#12879 = CARTESIAN_POINT('',(-3.404202630842,-0.85,0.31));
#12880 = DIRECTION('',(0.,1.,0.));
#12881 = DIRECTION('',(0.984807753012,0.,-0.173648177667));
#12882 = ORIENTED_EDGE('',*,*,#12883,.F.);
#12883 = EDGE_CURVE('',#12884,#12875,#12886,.T.);
#12884 = VERTEX_POINT('',#12885);
#12885 = CARTESIAN_POINT('',(-3.9,-0.85,0.));
#12886 = LINE('',#12887,#12888);
#12887 = CARTESIAN_POINT('',(-3.9,-0.85,0.));
#12888 = VECTOR('',#12889,1.);
#12889 = DIRECTION('',(1.,0.,0.));
#12890 = ORIENTED_EDGE('',*,*,#12891,.F.);
#12891 = EDGE_CURVE('',#12892,#12884,#12894,.T.);
#12892 = VERTEX_POINT('',#12893);
#12893 = CARTESIAN_POINT('',(-3.9,-0.85,0.15));
#12894 = LINE('',#12895,#12896);
#12895 = CARTESIAN_POINT('',(-3.9,-0.85,0.15));
#12896 = VECTOR('',#12897,1.);
#12897 = DIRECTION('',(0.,0.,-1.));
#12898 = ORIENTED_EDGE('',*,*,#12899,.F.);
#12899 = EDGE_CURVE('',#12900,#12892,#12902,.T.);
#12900 = VERTEX_POINT('',#12901);
#12901 = CARTESIAN_POINT('',(-3.404202630842,-0.85,0.15));
#12902 = LINE('',#12903,#12904);
#12903 = CARTESIAN_POINT('',(-3.404202630842,-0.85,0.15));
#12904 = VECTOR('',#12905,1.);
#12905 = DIRECTION('',(-1.,0.,0.));
#12906 = ORIENTED_EDGE('',*,*,#12907,.T.);
#12907 = EDGE_CURVE('',#12900,#12826,#12908,.T.);
#12908 = CIRCLE('',#12909,0.16);
#12909 = AXIS2_PLACEMENT_3D('',#12910,#12911,#12912);
#12910 = CARTESIAN_POINT('',(-3.404202630842,-0.85,0.31));
#12911 = DIRECTION('',(0.,-1.,0.));
#12912 = DIRECTION('',(0.,0.,-1.));
#12913 = PLANE('',#12914);
#12914 = AXIS2_PLACEMENT_3D('',#12915,#12916,#12917);
#12915 = CARTESIAN_POINT('',(-3.1,-0.85,0.25));
#12916 = DIRECTION('',(0.,-1.,0.));
#12917 = DIRECTION('',(1.,0.,0.));
#12918 = ADVANCED_FACE('',(#12919),#12935,.T.);
#12919 = FACE_BOUND('',#12920,.F.);
#12920 = EDGE_LOOP('',(#12921,#12922,#12928,#12929));
#12921 = ORIENTED_EDGE('',*,*,#12736,.T.);
#12922 = ORIENTED_EDGE('',*,*,#12923,.T.);
#12923 = EDGE_CURVE('',#12728,#12824,#12924,.T.);
#12924 = LINE('',#12925,#12926);
#12925 = CARTESIAN_POINT('',(-3.138789226914,-0.42,0.893830935077));
#12926 = VECTOR('',#12927,1.);
#12927 = DIRECTION('',(0.,-1.,0.));
#12928 = ORIENTED_EDGE('',*,*,#12823,.T.);
#12929 = ORIENTED_EDGE('',*,*,#12930,.F.);
#12930 = EDGE_CURVE('',#12737,#12826,#12931,.T.);
#12931 = LINE('',#12932,#12933);
#12932 = CARTESIAN_POINT('',(-3.24663339036,-0.42,0.282216291573));
#12933 = VECTOR('',#12934,1.);
#12934 = DIRECTION('',(0.,-1.,0.));
#12935 = PLANE('',#12936);
#12936 = AXIS2_PLACEMENT_3D('',#12937,#12938,#12939);
#12937 = CARTESIAN_POINT('',(-3.247721162952,-0.42,0.27604722665));
#12938 = DIRECTION('',(-0.984807753012,0.,0.173648177667));
#12939 = DIRECTION('',(-0.173648177667,0.,-0.984807753012));
#12940 = ADVANCED_FACE('',(#12941),#12952,.T.);
#12941 = FACE_BOUND('',#12942,.T.);
#12942 = EDGE_LOOP('',(#12943,#12944,#12950,#12951));
#12943 = ORIENTED_EDGE('',*,*,#12833,.T.);
#12944 = ORIENTED_EDGE('',*,*,#12945,.F.);
#12945 = EDGE_CURVE('',#12720,#12834,#12946,.T.);
#12946 = LINE('',#12947,#12948);
#12947 = CARTESIAN_POINT('',(-2.83349882348,-0.42,1.15));
#12948 = VECTOR('',#12949,1.);
#12949 = DIRECTION('',(0.,-1.,0.));
#12950 = ORIENTED_EDGE('',*,*,#12727,.F.);
#12951 = ORIENTED_EDGE('',*,*,#12923,.T.);
#12952 = CYLINDRICAL_SURFACE('',#12953,0.31);
#12953 = AXIS2_PLACEMENT_3D('',#12954,#12955,#12956);
#12954 = CARTESIAN_POINT('',(-2.83349882348,-0.42,0.84));
#12955 = DIRECTION('',(0.,1.,0.));
#12956 = DIRECTION('',(-0.984807753012,0.,0.173648177667));
#12957 = ADVANCED_FACE('',(#12958),#12969,.T.);
#12958 = FACE_BOUND('',#12959,.F.);
#12959 = EDGE_LOOP('',(#12960,#12961,#12967,#12968));
#12960 = ORIENTED_EDGE('',*,*,#12719,.F.);
#12961 = ORIENTED_EDGE('',*,*,#12962,.T.);
#12962 = EDGE_CURVE('',#12712,#12843,#12963,.T.);
#12963 = LINE('',#12964,#12965);
#12964 = CARTESIAN_POINT('',(-2.65,-0.42,1.15));
#12965 = VECTOR('',#12966,1.);
#12966 = DIRECTION('',(0.,-1.,0.));
#12967 = ORIENTED_EDGE('',*,*,#12842,.T.);
#12968 = ORIENTED_EDGE('',*,*,#12945,.F.);
#12969 = PLANE('',#12970);
#12970 = AXIS2_PLACEMENT_3D('',#12971,#12972,#12973);
#12971 = CARTESIAN_POINT('',(-2.65,-0.42,1.15));
#12972 = DIRECTION('',(0.,0.,1.));
#12973 = DIRECTION('',(-1.,0.,0.));
#12974 = ADVANCED_FACE('',(#12975),#12986,.T.);
#12975 = FACE_BOUND('',#12976,.F.);
#12976 = EDGE_LOOP('',(#12977,#12978,#12984,#12985));
#12977 = ORIENTED_EDGE('',*,*,#12711,.F.);
#12978 = ORIENTED_EDGE('',*,*,#12979,.T.);
#12979 = EDGE_CURVE('',#12704,#12851,#12980,.T.);
#12980 = LINE('',#12981,#12982);
#12981 = CARTESIAN_POINT('',(-2.65,-0.42,1.));
#12982 = VECTOR('',#12983,1.);
#12983 = DIRECTION('',(0.,-1.,0.));
#12984 = ORIENTED_EDGE('',*,*,#12850,.T.);
#12985 = ORIENTED_EDGE('',*,*,#12962,.F.);
#12986 = PLANE('',#12987);
#12987 = AXIS2_PLACEMENT_3D('',#12988,#12989,#12990);
#12988 = CARTESIAN_POINT('',(-2.65,-0.42,1.));
#12989 = DIRECTION('',(1.,0.,0.));
#12990 = DIRECTION('',(0.,0.,1.));
#12991 = ADVANCED_FACE('',(#12992),#13003,.T.);
#12992 = FACE_BOUND('',#12993,.F.);
#12993 = EDGE_LOOP('',(#12994,#12995,#13001,#13002));
#12994 = ORIENTED_EDGE('',*,*,#12703,.F.);
#12995 = ORIENTED_EDGE('',*,*,#12996,.T.);
#12996 = EDGE_CURVE('',#12695,#12859,#12997,.T.);
#12997 = LINE('',#12998,#12999);
#12998 = CARTESIAN_POINT('',(-2.83349882348,-0.42,1.));
#12999 = VECTOR('',#13000,1.);
#13000 = DIRECTION('',(0.,-1.,0.));
#13001 = ORIENTED_EDGE('',*,*,#12858,.T.);
#13002 = ORIENTED_EDGE('',*,*,#12979,.F.);
#13003 = PLANE('',#13004);
#13004 = AXIS2_PLACEMENT_3D('',#13005,#13006,#13007);
#13005 = CARTESIAN_POINT('',(-2.967754764469,-0.42,1.));
#13006 = DIRECTION('',(0.,0.,-1.));
#13007 = DIRECTION('',(1.,0.,0.));
#13008 = ADVANCED_FACE('',(#13009),#13015,.F.);
#13009 = FACE_BOUND('',#13010,.F.);
#13010 = EDGE_LOOP('',(#13011,#13012,#13013,#13014));
#13011 = ORIENTED_EDGE('',*,*,#12996,.F.);
#13012 = ORIENTED_EDGE('',*,*,#12694,.T.);
#13013 = ORIENTED_EDGE('',*,*,#12802,.T.);
#13014 = ORIENTED_EDGE('',*,*,#12866,.F.);
#13015 = CYLINDRICAL_SURFACE('',#13016,0.16);
#13016 = AXIS2_PLACEMENT_3D('',#13017,#13018,#13019);
#13017 = CARTESIAN_POINT('',(-2.83349882348,-0.42,0.84));
#13018 = DIRECTION('',(0.,-1.,0.));
#13019 = DIRECTION('',(0.,0.,1.));
#13020 = ADVANCED_FACE('',(#13021),#13032,.F.);
#13021 = FACE_BOUND('',#13022,.F.);
#13022 = EDGE_LOOP('',(#13023,#13029,#13030,#13031));
#13023 = ORIENTED_EDGE('',*,*,#13024,.F.);
#13024 = EDGE_CURVE('',#12745,#12900,#13025,.T.);
#13025 = LINE('',#13026,#13027);
#13026 = CARTESIAN_POINT('',(-3.404202630842,-0.42,0.15));
#13027 = VECTOR('',#13028,1.);
#13028 = DIRECTION('',(0.,-1.,0.));
#13029 = ORIENTED_EDGE('',*,*,#12744,.T.);
#13030 = ORIENTED_EDGE('',*,*,#12930,.T.);
#13031 = ORIENTED_EDGE('',*,*,#12907,.F.);
#13032 = CYLINDRICAL_SURFACE('',#13033,0.16);
#13033 = AXIS2_PLACEMENT_3D('',#13034,#13035,#13036);
#13034 = CARTESIAN_POINT('',(-3.404202630842,-0.42,0.31));
#13035 = DIRECTION('',(0.,-1.,0.));
#13036 = DIRECTION('',(0.,0.,-1.));
#13037 = ADVANCED_FACE('',(#13038),#13049,.T.);
#13038 = FACE_BOUND('',#13039,.F.);
#13039 = EDGE_LOOP('',(#13040,#13041,#13042,#13043));
#13040 = ORIENTED_EDGE('',*,*,#12753,.F.);
#13041 = ORIENTED_EDGE('',*,*,#13024,.T.);
#13042 = ORIENTED_EDGE('',*,*,#12899,.T.);
#13043 = ORIENTED_EDGE('',*,*,#13044,.F.);
#13044 = EDGE_CURVE('',#12754,#12892,#13045,.T.);
#13045 = LINE('',#13046,#13047);
#13046 = CARTESIAN_POINT('',(-3.9,-0.42,0.15));
#13047 = VECTOR('',#13048,1.);
#13048 = DIRECTION('',(0.,-1.,0.));
#13049 = PLANE('',#13050);
#13050 = AXIS2_PLACEMENT_3D('',#13051,#13052,#13053);
#13051 = CARTESIAN_POINT('',(-3.269946689854,-0.42,0.15));
#13052 = DIRECTION('',(0.,0.,1.));
#13053 = DIRECTION('',(-1.,0.,0.));
#13054 = ADVANCED_FACE('',(#13055),#13066,.T.);
#13055 = FACE_BOUND('',#13056,.F.);
#13056 = EDGE_LOOP('',(#13057,#13058,#13059,#13060));
#13057 = ORIENTED_EDGE('',*,*,#12761,.F.);
#13058 = ORIENTED_EDGE('',*,*,#13044,.T.);
#13059 = ORIENTED_EDGE('',*,*,#12891,.T.);
#13060 = ORIENTED_EDGE('',*,*,#13061,.F.);
#13061 = EDGE_CURVE('',#12762,#12884,#13062,.T.);
#13062 = LINE('',#13063,#13064);
#13063 = CARTESIAN_POINT('',(-3.9,-0.42,0.));
#13064 = VECTOR('',#13065,1.);
#13065 = DIRECTION('',(0.,-1.,0.));
#13066 = PLANE('',#13067);
#13067 = AXIS2_PLACEMENT_3D('',#13068,#13069,#13070);
#13068 = CARTESIAN_POINT('',(-3.9,-0.42,0.15));
#13069 = DIRECTION('',(-1.,0.,0.));
#13070 = DIRECTION('',(0.,0.,-1.));
#13071 = ADVANCED_FACE('',(#13072),#13083,.T.);
#13072 = FACE_BOUND('',#13073,.F.);
#13073 = EDGE_LOOP('',(#13074,#13075,#13076,#13077));
#13074 = ORIENTED_EDGE('',*,*,#12769,.F.);
#13075 = ORIENTED_EDGE('',*,*,#13061,.T.);
#13076 = ORIENTED_EDGE('',*,*,#12883,.T.);
#13077 = ORIENTED_EDGE('',*,*,#13078,.F.);
#13078 = EDGE_CURVE('',#12770,#12875,#13079,.T.);
#13079 = LINE('',#13080,#13081);
#13080 = CARTESIAN_POINT('',(-3.404202630842,-0.42,0.));
#13081 = VECTOR('',#13082,1.);
#13082 = DIRECTION('',(0.,-1.,0.));
#13083 = PLANE('',#13084);
#13084 = AXIS2_PLACEMENT_3D('',#13085,#13086,#13087);
#13085 = CARTESIAN_POINT('',(-3.9,-0.42,0.));
#13086 = DIRECTION('',(0.,0.,-1.));
#13087 = DIRECTION('',(1.,0.,0.));
#13088 = ADVANCED_FACE('',(#13089),#13095,.T.);
#13089 = FACE_BOUND('',#13090,.T.);
#13090 = EDGE_LOOP('',(#13091,#13092,#13093,#13094));
#13091 = ORIENTED_EDGE('',*,*,#12874,.T.);
#13092 = ORIENTED_EDGE('',*,*,#13078,.F.);
#13093 = ORIENTED_EDGE('',*,*,#12777,.F.);
#13094 = ORIENTED_EDGE('',*,*,#12809,.T.);
#13095 = CYLINDRICAL_SURFACE('',#13096,0.31);
#13096 = AXIS2_PLACEMENT_3D('',#13097,#13098,#13099);
#13097 = CARTESIAN_POINT('',(-3.404202630842,-0.42,0.31));
#13098 = DIRECTION('',(0.,1.,0.));
#13099 = DIRECTION('',(0.984807753012,0.,-0.173648177667));
#13100 = MANIFOLD_SOLID_BREP('',#13101);
#13101 = CLOSED_SHELL('',(#13102,#13210,#13241,#13340,#13362,#13379,
    #13396,#13413,#13430,#13442,#13459,#13476,#13493,#13510));
#13102 = ADVANCED_FACE('',(#13103),#13205,.F.);
#13103 = FACE_BOUND('',#13104,.F.);
#13104 = EDGE_LOOP('',(#13105,#13115,#13124,#13132,#13140,#13148,#13157,
    #13165,#13174,#13182,#13190,#13198));
#13105 = ORIENTED_EDGE('',*,*,#13106,.F.);
#13106 = EDGE_CURVE('',#13107,#13109,#13111,.T.);
#13107 = VERTEX_POINT('',#13108);
#13108 = CARTESIAN_POINT('',(-2.991068063962,0.85,0.867783708427));
#13109 = VERTEX_POINT('',#13110);
#13110 = CARTESIAN_POINT('',(-3.098912227408,0.85,0.256169064923));
#13111 = LINE('',#13112,#13113);
#13112 = CARTESIAN_POINT('',(-2.991068063962,0.85,0.867783708427));
#13113 = VECTOR('',#13114,1.);
#13114 = DIRECTION('',(-0.173648177667,0.,-0.984807753012));
#13115 = ORIENTED_EDGE('',*,*,#13116,.F.);
#13116 = EDGE_CURVE('',#13117,#13107,#13119,.T.);
#13117 = VERTEX_POINT('',#13118);
#13118 = CARTESIAN_POINT('',(-2.83349882348,0.85,1.));
#13119 = CIRCLE('',#13120,0.16);
#13120 = AXIS2_PLACEMENT_3D('',#13121,#13122,#13123);
#13121 = CARTESIAN_POINT('',(-2.83349882348,0.85,0.84));
#13122 = DIRECTION('',(0.,-1.,0.));
#13123 = DIRECTION('',(0.,0.,1.));
#13124 = ORIENTED_EDGE('',*,*,#13125,.T.);
#13125 = EDGE_CURVE('',#13117,#13126,#13128,.T.);
#13126 = VERTEX_POINT('',#13127);
#13127 = CARTESIAN_POINT('',(-2.65,0.85,1.));
#13128 = LINE('',#13129,#13130);
#13129 = CARTESIAN_POINT('',(-2.83349882348,0.85,1.));
#13130 = VECTOR('',#13131,1.);
#13131 = DIRECTION('',(1.,0.,0.));
#13132 = ORIENTED_EDGE('',*,*,#13133,.T.);
#13133 = EDGE_CURVE('',#13126,#13134,#13136,.T.);
#13134 = VERTEX_POINT('',#13135);
#13135 = CARTESIAN_POINT('',(-2.65,0.85,1.15));
#13136 = LINE('',#13137,#13138);
#13137 = CARTESIAN_POINT('',(-2.65,0.85,1.));
#13138 = VECTOR('',#13139,1.);
#13139 = DIRECTION('',(0.,0.,1.));
#13140 = ORIENTED_EDGE('',*,*,#13141,.T.);
#13141 = EDGE_CURVE('',#13134,#13142,#13144,.T.);
#13142 = VERTEX_POINT('',#13143);
#13143 = CARTESIAN_POINT('',(-2.83349882348,0.85,1.15));
#13144 = LINE('',#13145,#13146);
#13145 = CARTESIAN_POINT('',(-2.65,0.85,1.15));
#13146 = VECTOR('',#13147,1.);
#13147 = DIRECTION('',(-1.,0.,0.));
#13148 = ORIENTED_EDGE('',*,*,#13149,.F.);
#13149 = EDGE_CURVE('',#13150,#13142,#13152,.T.);
#13150 = VERTEX_POINT('',#13151);
#13151 = CARTESIAN_POINT('',(-3.138789226914,0.85,0.893830935077));
#13152 = CIRCLE('',#13153,0.31);
#13153 = AXIS2_PLACEMENT_3D('',#13154,#13155,#13156);
#13154 = CARTESIAN_POINT('',(-2.83349882348,0.85,0.84));
#13155 = DIRECTION('',(0.,1.,-0.));
#13156 = DIRECTION('',(-0.984807753012,0.,0.173648177667));
#13157 = ORIENTED_EDGE('',*,*,#13158,.F.);
#13158 = EDGE_CURVE('',#13159,#13150,#13161,.T.);
#13159 = VERTEX_POINT('',#13160);
#13160 = CARTESIAN_POINT('',(-3.24663339036,0.85,0.282216291573));
#13161 = LINE('',#13162,#13163);
#13162 = CARTESIAN_POINT('',(-3.24663339036,0.85,0.282216291573));
#13163 = VECTOR('',#13164,1.);
#13164 = DIRECTION('',(0.173648177667,0.,0.984807753012));
#13165 = ORIENTED_EDGE('',*,*,#13166,.F.);
#13166 = EDGE_CURVE('',#13167,#13159,#13169,.T.);
#13167 = VERTEX_POINT('',#13168);
#13168 = CARTESIAN_POINT('',(-3.404202630842,0.85,0.15));
#13169 = CIRCLE('',#13170,0.16);
#13170 = AXIS2_PLACEMENT_3D('',#13171,#13172,#13173);
#13171 = CARTESIAN_POINT('',(-3.404202630842,0.85,0.31));
#13172 = DIRECTION('',(0.,-1.,0.));
#13173 = DIRECTION('',(0.,0.,-1.));
#13174 = ORIENTED_EDGE('',*,*,#13175,.T.);
#13175 = EDGE_CURVE('',#13167,#13176,#13178,.T.);
#13176 = VERTEX_POINT('',#13177);
#13177 = CARTESIAN_POINT('',(-3.9,0.85,0.15));
#13178 = LINE('',#13179,#13180);
#13179 = CARTESIAN_POINT('',(-3.404202630842,0.85,0.15));
#13180 = VECTOR('',#13181,1.);
#13181 = DIRECTION('',(-1.,0.,0.));
#13182 = ORIENTED_EDGE('',*,*,#13183,.T.);
#13183 = EDGE_CURVE('',#13176,#13184,#13186,.T.);
#13184 = VERTEX_POINT('',#13185);
#13185 = CARTESIAN_POINT('',(-3.9,0.85,0.));
#13186 = LINE('',#13187,#13188);
#13187 = CARTESIAN_POINT('',(-3.9,0.85,0.15));
#13188 = VECTOR('',#13189,1.);
#13189 = DIRECTION('',(0.,0.,-1.));
#13190 = ORIENTED_EDGE('',*,*,#13191,.T.);
#13191 = EDGE_CURVE('',#13184,#13192,#13194,.T.);
#13192 = VERTEX_POINT('',#13193);
#13193 = CARTESIAN_POINT('',(-3.404202630842,0.85,0.));
#13194 = LINE('',#13195,#13196);
#13195 = CARTESIAN_POINT('',(-3.9,0.85,0.));
#13196 = VECTOR('',#13197,1.);
#13197 = DIRECTION('',(1.,0.,0.));
#13198 = ORIENTED_EDGE('',*,*,#13199,.F.);
#13199 = EDGE_CURVE('',#13109,#13192,#13200,.T.);
#13200 = CIRCLE('',#13201,0.31);
#13201 = AXIS2_PLACEMENT_3D('',#13202,#13203,#13204);
#13202 = CARTESIAN_POINT('',(-3.404202630842,0.85,0.31));
#13203 = DIRECTION('',(0.,1.,0.));
#13204 = DIRECTION('',(0.984807753012,0.,-0.173648177667));
#13205 = PLANE('',#13206);
#13206 = AXIS2_PLACEMENT_3D('',#13207,#13208,#13209);
#13207 = CARTESIAN_POINT('',(-3.1,0.85,0.25));
#13208 = DIRECTION('',(0.,-1.,0.));
#13209 = DIRECTION('',(1.,0.,0.));
#13210 = ADVANCED_FACE('',(#13211),#13236,.T.);
#13211 = FACE_BOUND('',#13212,.F.);
#13212 = EDGE_LOOP('',(#13213,#13223,#13229,#13230));
#13213 = ORIENTED_EDGE('',*,*,#13214,.T.);
#13214 = EDGE_CURVE('',#13215,#13217,#13219,.T.);
#13215 = VERTEX_POINT('',#13216);
#13216 = CARTESIAN_POINT('',(-3.098912227408,0.42,0.256169064923));
#13217 = VERTEX_POINT('',#13218);
#13218 = CARTESIAN_POINT('',(-2.991068063962,0.42,0.867783708427));
#13219 = LINE('',#13220,#13221);
#13220 = CARTESIAN_POINT('',(-3.098912227408,0.42,0.256169064923));
#13221 = VECTOR('',#13222,1.);
#13222 = DIRECTION('',(0.173648177667,0.,0.984807753012));
#13223 = ORIENTED_EDGE('',*,*,#13224,.F.);
#13224 = EDGE_CURVE('',#13107,#13217,#13225,.T.);
#13225 = LINE('',#13226,#13227);
#13226 = CARTESIAN_POINT('',(-2.991068063962,0.85,0.867783708427));
#13227 = VECTOR('',#13228,1.);
#13228 = DIRECTION('',(0.,-1.,0.));
#13229 = ORIENTED_EDGE('',*,*,#13106,.T.);
#13230 = ORIENTED_EDGE('',*,*,#13231,.T.);
#13231 = EDGE_CURVE('',#13109,#13215,#13232,.T.);
#13232 = LINE('',#13233,#13234);
#13233 = CARTESIAN_POINT('',(-3.098912227408,0.85,0.256169064923));
#13234 = VECTOR('',#13235,1.);
#13235 = DIRECTION('',(0.,-1.,0.));
#13236 = PLANE('',#13237);
#13237 = AXIS2_PLACEMENT_3D('',#13238,#13239,#13240);
#13238 = CARTESIAN_POINT('',(-3.144081745177,0.85,0.));
#13239 = DIRECTION('',(0.984807753012,-0.,-0.173648177667));
#13240 = DIRECTION('',(0.173648177667,0.,0.984807753012));
#13241 = ADVANCED_FACE('',(#13242),#13335,.T.);
#13242 = FACE_BOUND('',#13243,.F.);
#13243 = EDGE_LOOP('',(#13244,#13254,#13263,#13271,#13279,#13287,#13294,
    #13295,#13304,#13312,#13320,#13328));
#13244 = ORIENTED_EDGE('',*,*,#13245,.F.);
#13245 = EDGE_CURVE('',#13246,#13248,#13250,.T.);
#13246 = VERTEX_POINT('',#13247);
#13247 = CARTESIAN_POINT('',(-3.138789226914,0.42,0.893830935077));
#13248 = VERTEX_POINT('',#13249);
#13249 = CARTESIAN_POINT('',(-3.24663339036,0.42,0.282216291573));
#13250 = LINE('',#13251,#13252);
#13251 = CARTESIAN_POINT('',(-3.138789226914,0.42,0.893830935077));
#13252 = VECTOR('',#13253,1.);
#13253 = DIRECTION('',(-0.173648177667,0.,-0.984807753012));
#13254 = ORIENTED_EDGE('',*,*,#13255,.T.);
#13255 = EDGE_CURVE('',#13246,#13256,#13258,.T.);
#13256 = VERTEX_POINT('',#13257);
#13257 = CARTESIAN_POINT('',(-2.83349882348,0.42,1.15));
#13258 = CIRCLE('',#13259,0.31);
#13259 = AXIS2_PLACEMENT_3D('',#13260,#13261,#13262);
#13260 = CARTESIAN_POINT('',(-2.83349882348,0.42,0.84));
#13261 = DIRECTION('',(0.,1.,-0.));
#13262 = DIRECTION('',(-0.984807753012,0.,0.173648177667));
#13263 = ORIENTED_EDGE('',*,*,#13264,.F.);
#13264 = EDGE_CURVE('',#13265,#13256,#13267,.T.);
#13265 = VERTEX_POINT('',#13266);
#13266 = CARTESIAN_POINT('',(-2.65,0.42,1.15));
#13267 = LINE('',#13268,#13269);
#13268 = CARTESIAN_POINT('',(-2.65,0.42,1.15));
#13269 = VECTOR('',#13270,1.);
#13270 = DIRECTION('',(-1.,0.,0.));
#13271 = ORIENTED_EDGE('',*,*,#13272,.F.);
#13272 = EDGE_CURVE('',#13273,#13265,#13275,.T.);
#13273 = VERTEX_POINT('',#13274);
#13274 = CARTESIAN_POINT('',(-2.65,0.42,1.));
#13275 = LINE('',#13276,#13277);
#13276 = CARTESIAN_POINT('',(-2.65,0.42,1.));
#13277 = VECTOR('',#13278,1.);
#13278 = DIRECTION('',(0.,0.,1.));
#13279 = ORIENTED_EDGE('',*,*,#13280,.F.);
#13280 = EDGE_CURVE('',#13281,#13273,#13283,.T.);
#13281 = VERTEX_POINT('',#13282);
#13282 = CARTESIAN_POINT('',(-2.83349882348,0.42,1.));
#13283 = LINE('',#13284,#13285);
#13284 = CARTESIAN_POINT('',(-2.83349882348,0.42,1.));
#13285 = VECTOR('',#13286,1.);
#13286 = DIRECTION('',(1.,0.,0.));
#13287 = ORIENTED_EDGE('',*,*,#13288,.T.);
#13288 = EDGE_CURVE('',#13281,#13217,#13289,.T.);
#13289 = CIRCLE('',#13290,0.16);
#13290 = AXIS2_PLACEMENT_3D('',#13291,#13292,#13293);
#13291 = CARTESIAN_POINT('',(-2.83349882348,0.42,0.84));
#13292 = DIRECTION('',(0.,-1.,0.));
#13293 = DIRECTION('',(0.,0.,1.));
#13294 = ORIENTED_EDGE('',*,*,#13214,.F.);
#13295 = ORIENTED_EDGE('',*,*,#13296,.T.);
#13296 = EDGE_CURVE('',#13215,#13297,#13299,.T.);
#13297 = VERTEX_POINT('',#13298);
#13298 = CARTESIAN_POINT('',(-3.404202630842,0.42,0.));
#13299 = CIRCLE('',#13300,0.31);
#13300 = AXIS2_PLACEMENT_3D('',#13301,#13302,#13303);
#13301 = CARTESIAN_POINT('',(-3.404202630842,0.42,0.31));
#13302 = DIRECTION('',(0.,1.,0.));
#13303 = DIRECTION('',(0.984807753012,0.,-0.173648177667));
#13304 = ORIENTED_EDGE('',*,*,#13305,.F.);
#13305 = EDGE_CURVE('',#13306,#13297,#13308,.T.);
#13306 = VERTEX_POINT('',#13307);
#13307 = CARTESIAN_POINT('',(-3.9,0.42,0.));
#13308 = LINE('',#13309,#13310);
#13309 = CARTESIAN_POINT('',(-3.9,0.42,0.));
#13310 = VECTOR('',#13311,1.);
#13311 = DIRECTION('',(1.,0.,0.));
#13312 = ORIENTED_EDGE('',*,*,#13313,.F.);
#13313 = EDGE_CURVE('',#13314,#13306,#13316,.T.);
#13314 = VERTEX_POINT('',#13315);
#13315 = CARTESIAN_POINT('',(-3.9,0.42,0.15));
#13316 = LINE('',#13317,#13318);
#13317 = CARTESIAN_POINT('',(-3.9,0.42,0.15));
#13318 = VECTOR('',#13319,1.);
#13319 = DIRECTION('',(0.,0.,-1.));
#13320 = ORIENTED_EDGE('',*,*,#13321,.F.);
#13321 = EDGE_CURVE('',#13322,#13314,#13324,.T.);
#13322 = VERTEX_POINT('',#13323);
#13323 = CARTESIAN_POINT('',(-3.404202630842,0.42,0.15));
#13324 = LINE('',#13325,#13326);
#13325 = CARTESIAN_POINT('',(-3.404202630842,0.42,0.15));
#13326 = VECTOR('',#13327,1.);
#13327 = DIRECTION('',(-1.,0.,0.));
#13328 = ORIENTED_EDGE('',*,*,#13329,.T.);
#13329 = EDGE_CURVE('',#13322,#13248,#13330,.T.);
#13330 = CIRCLE('',#13331,0.16);
#13331 = AXIS2_PLACEMENT_3D('',#13332,#13333,#13334);
#13332 = CARTESIAN_POINT('',(-3.404202630842,0.42,0.31));
#13333 = DIRECTION('',(0.,-1.,0.));
#13334 = DIRECTION('',(0.,0.,-1.));
#13335 = PLANE('',#13336);
#13336 = AXIS2_PLACEMENT_3D('',#13337,#13338,#13339);
#13337 = CARTESIAN_POINT('',(-3.1,0.42,0.25));
#13338 = DIRECTION('',(0.,-1.,0.));
#13339 = DIRECTION('',(1.,0.,0.));
#13340 = ADVANCED_FACE('',(#13341),#13357,.T.);
#13341 = FACE_BOUND('',#13342,.F.);
#13342 = EDGE_LOOP('',(#13343,#13344,#13350,#13351));
#13343 = ORIENTED_EDGE('',*,*,#13158,.T.);
#13344 = ORIENTED_EDGE('',*,*,#13345,.T.);
#13345 = EDGE_CURVE('',#13150,#13246,#13346,.T.);
#13346 = LINE('',#13347,#13348);
#13347 = CARTESIAN_POINT('',(-3.138789226914,0.85,0.893830935077));
#13348 = VECTOR('',#13349,1.);
#13349 = DIRECTION('',(0.,-1.,0.));
#13350 = ORIENTED_EDGE('',*,*,#13245,.T.);
#13351 = ORIENTED_EDGE('',*,*,#13352,.F.);
#13352 = EDGE_CURVE('',#13159,#13248,#13353,.T.);
#13353 = LINE('',#13354,#13355);
#13354 = CARTESIAN_POINT('',(-3.24663339036,0.85,0.282216291573));
#13355 = VECTOR('',#13356,1.);
#13356 = DIRECTION('',(0.,-1.,0.));
#13357 = PLANE('',#13358);
#13358 = AXIS2_PLACEMENT_3D('',#13359,#13360,#13361);
#13359 = CARTESIAN_POINT('',(-3.247721162952,0.85,0.27604722665));
#13360 = DIRECTION('',(-0.984807753012,0.,0.173648177667));
#13361 = DIRECTION('',(-0.173648177667,0.,-0.984807753012));
#13362 = ADVANCED_FACE('',(#13363),#13374,.T.);
#13363 = FACE_BOUND('',#13364,.T.);
#13364 = EDGE_LOOP('',(#13365,#13366,#13372,#13373));
#13365 = ORIENTED_EDGE('',*,*,#13255,.T.);
#13366 = ORIENTED_EDGE('',*,*,#13367,.F.);
#13367 = EDGE_CURVE('',#13142,#13256,#13368,.T.);
#13368 = LINE('',#13369,#13370);
#13369 = CARTESIAN_POINT('',(-2.83349882348,0.85,1.15));
#13370 = VECTOR('',#13371,1.);
#13371 = DIRECTION('',(0.,-1.,0.));
#13372 = ORIENTED_EDGE('',*,*,#13149,.F.);
#13373 = ORIENTED_EDGE('',*,*,#13345,.T.);
#13374 = CYLINDRICAL_SURFACE('',#13375,0.31);
#13375 = AXIS2_PLACEMENT_3D('',#13376,#13377,#13378);
#13376 = CARTESIAN_POINT('',(-2.83349882348,0.85,0.84));
#13377 = DIRECTION('',(0.,1.,0.));
#13378 = DIRECTION('',(-0.984807753012,0.,0.173648177667));
#13379 = ADVANCED_FACE('',(#13380),#13391,.T.);
#13380 = FACE_BOUND('',#13381,.F.);
#13381 = EDGE_LOOP('',(#13382,#13383,#13389,#13390));
#13382 = ORIENTED_EDGE('',*,*,#13141,.F.);
#13383 = ORIENTED_EDGE('',*,*,#13384,.T.);
#13384 = EDGE_CURVE('',#13134,#13265,#13385,.T.);
#13385 = LINE('',#13386,#13387);
#13386 = CARTESIAN_POINT('',(-2.65,0.85,1.15));
#13387 = VECTOR('',#13388,1.);
#13388 = DIRECTION('',(0.,-1.,0.));
#13389 = ORIENTED_EDGE('',*,*,#13264,.T.);
#13390 = ORIENTED_EDGE('',*,*,#13367,.F.);
#13391 = PLANE('',#13392);
#13392 = AXIS2_PLACEMENT_3D('',#13393,#13394,#13395);
#13393 = CARTESIAN_POINT('',(-2.65,0.85,1.15));
#13394 = DIRECTION('',(0.,0.,1.));
#13395 = DIRECTION('',(-1.,0.,0.));
#13396 = ADVANCED_FACE('',(#13397),#13408,.T.);
#13397 = FACE_BOUND('',#13398,.F.);
#13398 = EDGE_LOOP('',(#13399,#13400,#13406,#13407));
#13399 = ORIENTED_EDGE('',*,*,#13133,.F.);
#13400 = ORIENTED_EDGE('',*,*,#13401,.T.);
#13401 = EDGE_CURVE('',#13126,#13273,#13402,.T.);
#13402 = LINE('',#13403,#13404);
#13403 = CARTESIAN_POINT('',(-2.65,0.85,1.));
#13404 = VECTOR('',#13405,1.);
#13405 = DIRECTION('',(0.,-1.,0.));
#13406 = ORIENTED_EDGE('',*,*,#13272,.T.);
#13407 = ORIENTED_EDGE('',*,*,#13384,.F.);
#13408 = PLANE('',#13409);
#13409 = AXIS2_PLACEMENT_3D('',#13410,#13411,#13412);
#13410 = CARTESIAN_POINT('',(-2.65,0.85,1.));
#13411 = DIRECTION('',(1.,0.,0.));
#13412 = DIRECTION('',(0.,0.,1.));
#13413 = ADVANCED_FACE('',(#13414),#13425,.T.);
#13414 = FACE_BOUND('',#13415,.F.);
#13415 = EDGE_LOOP('',(#13416,#13417,#13423,#13424));
#13416 = ORIENTED_EDGE('',*,*,#13125,.F.);
#13417 = ORIENTED_EDGE('',*,*,#13418,.T.);
#13418 = EDGE_CURVE('',#13117,#13281,#13419,.T.);
#13419 = LINE('',#13420,#13421);
#13420 = CARTESIAN_POINT('',(-2.83349882348,0.85,1.));
#13421 = VECTOR('',#13422,1.);
#13422 = DIRECTION('',(0.,-1.,0.));
#13423 = ORIENTED_EDGE('',*,*,#13280,.T.);
#13424 = ORIENTED_EDGE('',*,*,#13401,.F.);
#13425 = PLANE('',#13426);
#13426 = AXIS2_PLACEMENT_3D('',#13427,#13428,#13429);
#13427 = CARTESIAN_POINT('',(-2.967754764469,0.85,1.));
#13428 = DIRECTION('',(0.,0.,-1.));
#13429 = DIRECTION('',(1.,0.,0.));
#13430 = ADVANCED_FACE('',(#13431),#13437,.F.);
#13431 = FACE_BOUND('',#13432,.F.);
#13432 = EDGE_LOOP('',(#13433,#13434,#13435,#13436));
#13433 = ORIENTED_EDGE('',*,*,#13418,.F.);
#13434 = ORIENTED_EDGE('',*,*,#13116,.T.);
#13435 = ORIENTED_EDGE('',*,*,#13224,.T.);
#13436 = ORIENTED_EDGE('',*,*,#13288,.F.);
#13437 = CYLINDRICAL_SURFACE('',#13438,0.16);
#13438 = AXIS2_PLACEMENT_3D('',#13439,#13440,#13441);
#13439 = CARTESIAN_POINT('',(-2.83349882348,0.85,0.84));
#13440 = DIRECTION('',(0.,-1.,0.));
#13441 = DIRECTION('',(0.,0.,1.));
#13442 = ADVANCED_FACE('',(#13443),#13454,.F.);
#13443 = FACE_BOUND('',#13444,.F.);
#13444 = EDGE_LOOP('',(#13445,#13451,#13452,#13453));
#13445 = ORIENTED_EDGE('',*,*,#13446,.F.);
#13446 = EDGE_CURVE('',#13167,#13322,#13447,.T.);
#13447 = LINE('',#13448,#13449);
#13448 = CARTESIAN_POINT('',(-3.404202630842,0.85,0.15));
#13449 = VECTOR('',#13450,1.);
#13450 = DIRECTION('',(0.,-1.,0.));
#13451 = ORIENTED_EDGE('',*,*,#13166,.T.);
#13452 = ORIENTED_EDGE('',*,*,#13352,.T.);
#13453 = ORIENTED_EDGE('',*,*,#13329,.F.);
#13454 = CYLINDRICAL_SURFACE('',#13455,0.16);
#13455 = AXIS2_PLACEMENT_3D('',#13456,#13457,#13458);
#13456 = CARTESIAN_POINT('',(-3.404202630842,0.85,0.31));
#13457 = DIRECTION('',(0.,-1.,0.));
#13458 = DIRECTION('',(0.,0.,-1.));
#13459 = ADVANCED_FACE('',(#13460),#13471,.T.);
#13460 = FACE_BOUND('',#13461,.F.);
#13461 = EDGE_LOOP('',(#13462,#13463,#13464,#13465));
#13462 = ORIENTED_EDGE('',*,*,#13175,.F.);
#13463 = ORIENTED_EDGE('',*,*,#13446,.T.);
#13464 = ORIENTED_EDGE('',*,*,#13321,.T.);
#13465 = ORIENTED_EDGE('',*,*,#13466,.F.);
#13466 = EDGE_CURVE('',#13176,#13314,#13467,.T.);
#13467 = LINE('',#13468,#13469);
#13468 = CARTESIAN_POINT('',(-3.9,0.85,0.15));
#13469 = VECTOR('',#13470,1.);
#13470 = DIRECTION('',(0.,-1.,0.));
#13471 = PLANE('',#13472);
#13472 = AXIS2_PLACEMENT_3D('',#13473,#13474,#13475);
#13473 = CARTESIAN_POINT('',(-3.269946689854,0.85,0.15));
#13474 = DIRECTION('',(0.,0.,1.));
#13475 = DIRECTION('',(-1.,0.,0.));
#13476 = ADVANCED_FACE('',(#13477),#13488,.T.);
#13477 = FACE_BOUND('',#13478,.F.);
#13478 = EDGE_LOOP('',(#13479,#13480,#13481,#13482));
#13479 = ORIENTED_EDGE('',*,*,#13183,.F.);
#13480 = ORIENTED_EDGE('',*,*,#13466,.T.);
#13481 = ORIENTED_EDGE('',*,*,#13313,.T.);
#13482 = ORIENTED_EDGE('',*,*,#13483,.F.);
#13483 = EDGE_CURVE('',#13184,#13306,#13484,.T.);
#13484 = LINE('',#13485,#13486);
#13485 = CARTESIAN_POINT('',(-3.9,0.85,0.));
#13486 = VECTOR('',#13487,1.);
#13487 = DIRECTION('',(0.,-1.,0.));
#13488 = PLANE('',#13489);
#13489 = AXIS2_PLACEMENT_3D('',#13490,#13491,#13492);
#13490 = CARTESIAN_POINT('',(-3.9,0.85,0.15));
#13491 = DIRECTION('',(-1.,0.,0.));
#13492 = DIRECTION('',(0.,0.,-1.));
#13493 = ADVANCED_FACE('',(#13494),#13505,.T.);
#13494 = FACE_BOUND('',#13495,.F.);
#13495 = EDGE_LOOP('',(#13496,#13497,#13498,#13499));
#13496 = ORIENTED_EDGE('',*,*,#13191,.F.);
#13497 = ORIENTED_EDGE('',*,*,#13483,.T.);
#13498 = ORIENTED_EDGE('',*,*,#13305,.T.);
#13499 = ORIENTED_EDGE('',*,*,#13500,.F.);
#13500 = EDGE_CURVE('',#13192,#13297,#13501,.T.);
#13501 = LINE('',#13502,#13503);
#13502 = CARTESIAN_POINT('',(-3.404202630842,0.85,0.));
#13503 = VECTOR('',#13504,1.);
#13504 = DIRECTION('',(0.,-1.,0.));
#13505 = PLANE('',#13506);
#13506 = AXIS2_PLACEMENT_3D('',#13507,#13508,#13509);
#13507 = CARTESIAN_POINT('',(-3.9,0.85,0.));
#13508 = DIRECTION('',(0.,0.,-1.));
#13509 = DIRECTION('',(1.,0.,0.));
#13510 = ADVANCED_FACE('',(#13511),#13517,.T.);
#13511 = FACE_BOUND('',#13512,.T.);
#13512 = EDGE_LOOP('',(#13513,#13514,#13515,#13516));
#13513 = ORIENTED_EDGE('',*,*,#13296,.T.);
#13514 = ORIENTED_EDGE('',*,*,#13500,.F.);
#13515 = ORIENTED_EDGE('',*,*,#13199,.F.);
#13516 = ORIENTED_EDGE('',*,*,#13231,.T.);
#13517 = CYLINDRICAL_SURFACE('',#13518,0.31);
#13518 = AXIS2_PLACEMENT_3D('',#13519,#13520,#13521);
#13519 = CARTESIAN_POINT('',(-3.404202630842,0.85,0.31));
#13520 = DIRECTION('',(0.,1.,0.));
#13521 = DIRECTION('',(0.984807753012,0.,-0.173648177667));
#13522 = MANIFOLD_SOLID_BREP('',#13523);
#13523 = CLOSED_SHELL('',(#13524,#13632,#13663,#13762,#13784,#13801,
    #13818,#13835,#13852,#13864,#13881,#13898,#13915,#13932));
#13524 = ADVANCED_FACE('',(#13525),#13627,.F.);
#13525 = FACE_BOUND('',#13526,.F.);
#13526 = EDGE_LOOP('',(#13527,#13537,#13546,#13554,#13562,#13570,#13579,
    #13587,#13596,#13604,#13612,#13620));
#13527 = ORIENTED_EDGE('',*,*,#13528,.F.);
#13528 = EDGE_CURVE('',#13529,#13531,#13533,.T.);
#13529 = VERTEX_POINT('',#13530);
#13530 = CARTESIAN_POINT('',(-2.991068063962,2.12,0.867783708427));
#13531 = VERTEX_POINT('',#13532);
#13532 = CARTESIAN_POINT('',(-3.098912227408,2.12,0.256169064923));
#13533 = LINE('',#13534,#13535);
#13534 = CARTESIAN_POINT('',(-2.991068063962,2.12,0.867783708427));
#13535 = VECTOR('',#13536,1.);
#13536 = DIRECTION('',(-0.173648177667,0.,-0.984807753012));
#13537 = ORIENTED_EDGE('',*,*,#13538,.F.);
#13538 = EDGE_CURVE('',#13539,#13529,#13541,.T.);
#13539 = VERTEX_POINT('',#13540);
#13540 = CARTESIAN_POINT('',(-2.83349882348,2.12,1.));
#13541 = CIRCLE('',#13542,0.16);
#13542 = AXIS2_PLACEMENT_3D('',#13543,#13544,#13545);
#13543 = CARTESIAN_POINT('',(-2.83349882348,2.12,0.84));
#13544 = DIRECTION('',(0.,-1.,0.));
#13545 = DIRECTION('',(0.,0.,1.));
#13546 = ORIENTED_EDGE('',*,*,#13547,.T.);
#13547 = EDGE_CURVE('',#13539,#13548,#13550,.T.);
#13548 = VERTEX_POINT('',#13549);
#13549 = CARTESIAN_POINT('',(-2.65,2.12,1.));
#13550 = LINE('',#13551,#13552);
#13551 = CARTESIAN_POINT('',(-2.83349882348,2.12,1.));
#13552 = VECTOR('',#13553,1.);
#13553 = DIRECTION('',(1.,0.,0.));
#13554 = ORIENTED_EDGE('',*,*,#13555,.T.);
#13555 = EDGE_CURVE('',#13548,#13556,#13558,.T.);
#13556 = VERTEX_POINT('',#13557);
#13557 = CARTESIAN_POINT('',(-2.65,2.12,1.15));
#13558 = LINE('',#13559,#13560);
#13559 = CARTESIAN_POINT('',(-2.65,2.12,1.));
#13560 = VECTOR('',#13561,1.);
#13561 = DIRECTION('',(0.,0.,1.));
#13562 = ORIENTED_EDGE('',*,*,#13563,.T.);
#13563 = EDGE_CURVE('',#13556,#13564,#13566,.T.);
#13564 = VERTEX_POINT('',#13565);
#13565 = CARTESIAN_POINT('',(-2.83349882348,2.12,1.15));
#13566 = LINE('',#13567,#13568);
#13567 = CARTESIAN_POINT('',(-2.65,2.12,1.15));
#13568 = VECTOR('',#13569,1.);
#13569 = DIRECTION('',(-1.,0.,0.));
#13570 = ORIENTED_EDGE('',*,*,#13571,.F.);
#13571 = EDGE_CURVE('',#13572,#13564,#13574,.T.);
#13572 = VERTEX_POINT('',#13573);
#13573 = CARTESIAN_POINT('',(-3.138789226914,2.12,0.893830935077));
#13574 = CIRCLE('',#13575,0.31);
#13575 = AXIS2_PLACEMENT_3D('',#13576,#13577,#13578);
#13576 = CARTESIAN_POINT('',(-2.83349882348,2.12,0.84));
#13577 = DIRECTION('',(0.,1.,-0.));
#13578 = DIRECTION('',(-0.984807753012,0.,0.173648177667));
#13579 = ORIENTED_EDGE('',*,*,#13580,.F.);
#13580 = EDGE_CURVE('',#13581,#13572,#13583,.T.);
#13581 = VERTEX_POINT('',#13582);
#13582 = CARTESIAN_POINT('',(-3.24663339036,2.12,0.282216291573));
#13583 = LINE('',#13584,#13585);
#13584 = CARTESIAN_POINT('',(-3.24663339036,2.12,0.282216291573));
#13585 = VECTOR('',#13586,1.);
#13586 = DIRECTION('',(0.173648177667,0.,0.984807753012));
#13587 = ORIENTED_EDGE('',*,*,#13588,.F.);
#13588 = EDGE_CURVE('',#13589,#13581,#13591,.T.);
#13589 = VERTEX_POINT('',#13590);
#13590 = CARTESIAN_POINT('',(-3.404202630842,2.12,0.15));
#13591 = CIRCLE('',#13592,0.16);
#13592 = AXIS2_PLACEMENT_3D('',#13593,#13594,#13595);
#13593 = CARTESIAN_POINT('',(-3.404202630842,2.12,0.31));
#13594 = DIRECTION('',(0.,-1.,0.));
#13595 = DIRECTION('',(0.,0.,-1.));
#13596 = ORIENTED_EDGE('',*,*,#13597,.T.);
#13597 = EDGE_CURVE('',#13589,#13598,#13600,.T.);
#13598 = VERTEX_POINT('',#13599);
#13599 = CARTESIAN_POINT('',(-3.9,2.12,0.15));
#13600 = LINE('',#13601,#13602);
#13601 = CARTESIAN_POINT('',(-3.404202630842,2.12,0.15));
#13602 = VECTOR('',#13603,1.);
#13603 = DIRECTION('',(-1.,0.,0.));
#13604 = ORIENTED_EDGE('',*,*,#13605,.T.);
#13605 = EDGE_CURVE('',#13598,#13606,#13608,.T.);
#13606 = VERTEX_POINT('',#13607);
#13607 = CARTESIAN_POINT('',(-3.9,2.12,0.));
#13608 = LINE('',#13609,#13610);
#13609 = CARTESIAN_POINT('',(-3.9,2.12,0.15));
#13610 = VECTOR('',#13611,1.);
#13611 = DIRECTION('',(0.,0.,-1.));
#13612 = ORIENTED_EDGE('',*,*,#13613,.T.);
#13613 = EDGE_CURVE('',#13606,#13614,#13616,.T.);
#13614 = VERTEX_POINT('',#13615);
#13615 = CARTESIAN_POINT('',(-3.404202630842,2.12,0.));
#13616 = LINE('',#13617,#13618);
#13617 = CARTESIAN_POINT('',(-3.9,2.12,0.));
#13618 = VECTOR('',#13619,1.);
#13619 = DIRECTION('',(1.,0.,0.));
#13620 = ORIENTED_EDGE('',*,*,#13621,.F.);
#13621 = EDGE_CURVE('',#13531,#13614,#13622,.T.);
#13622 = CIRCLE('',#13623,0.31);
#13623 = AXIS2_PLACEMENT_3D('',#13624,#13625,#13626);
#13624 = CARTESIAN_POINT('',(-3.404202630842,2.12,0.31));
#13625 = DIRECTION('',(0.,1.,0.));
#13626 = DIRECTION('',(0.984807753012,0.,-0.173648177667));
#13627 = PLANE('',#13628);
#13628 = AXIS2_PLACEMENT_3D('',#13629,#13630,#13631);
#13629 = CARTESIAN_POINT('',(-3.1,2.12,0.25));
#13630 = DIRECTION('',(0.,-1.,0.));
#13631 = DIRECTION('',(1.,0.,0.));
#13632 = ADVANCED_FACE('',(#13633),#13658,.T.);
#13633 = FACE_BOUND('',#13634,.F.);
#13634 = EDGE_LOOP('',(#13635,#13645,#13651,#13652));
#13635 = ORIENTED_EDGE('',*,*,#13636,.T.);
#13636 = EDGE_CURVE('',#13637,#13639,#13641,.T.);
#13637 = VERTEX_POINT('',#13638);
#13638 = CARTESIAN_POINT('',(-3.098912227408,1.69,0.256169064923));
#13639 = VERTEX_POINT('',#13640);
#13640 = CARTESIAN_POINT('',(-2.991068063962,1.69,0.867783708427));
#13641 = LINE('',#13642,#13643);
#13642 = CARTESIAN_POINT('',(-3.098912227408,1.69,0.256169064923));
#13643 = VECTOR('',#13644,1.);
#13644 = DIRECTION('',(0.173648177667,0.,0.984807753012));
#13645 = ORIENTED_EDGE('',*,*,#13646,.F.);
#13646 = EDGE_CURVE('',#13529,#13639,#13647,.T.);
#13647 = LINE('',#13648,#13649);
#13648 = CARTESIAN_POINT('',(-2.991068063962,2.12,0.867783708427));
#13649 = VECTOR('',#13650,1.);
#13650 = DIRECTION('',(0.,-1.,0.));
#13651 = ORIENTED_EDGE('',*,*,#13528,.T.);
#13652 = ORIENTED_EDGE('',*,*,#13653,.T.);
#13653 = EDGE_CURVE('',#13531,#13637,#13654,.T.);
#13654 = LINE('',#13655,#13656);
#13655 = CARTESIAN_POINT('',(-3.098912227408,2.12,0.256169064923));
#13656 = VECTOR('',#13657,1.);
#13657 = DIRECTION('',(0.,-1.,0.));
#13658 = PLANE('',#13659);
#13659 = AXIS2_PLACEMENT_3D('',#13660,#13661,#13662);
#13660 = CARTESIAN_POINT('',(-3.144081745177,2.12,0.));
#13661 = DIRECTION('',(0.984807753012,-0.,-0.173648177667));
#13662 = DIRECTION('',(0.173648177667,0.,0.984807753012));
#13663 = ADVANCED_FACE('',(#13664),#13757,.T.);
#13664 = FACE_BOUND('',#13665,.F.);
#13665 = EDGE_LOOP('',(#13666,#13676,#13685,#13693,#13701,#13709,#13716,
    #13717,#13726,#13734,#13742,#13750));
#13666 = ORIENTED_EDGE('',*,*,#13667,.F.);
#13667 = EDGE_CURVE('',#13668,#13670,#13672,.T.);
#13668 = VERTEX_POINT('',#13669);
#13669 = CARTESIAN_POINT('',(-3.138789226914,1.69,0.893830935077));
#13670 = VERTEX_POINT('',#13671);
#13671 = CARTESIAN_POINT('',(-3.24663339036,1.69,0.282216291573));
#13672 = LINE('',#13673,#13674);
#13673 = CARTESIAN_POINT('',(-3.138789226914,1.69,0.893830935077));
#13674 = VECTOR('',#13675,1.);
#13675 = DIRECTION('',(-0.173648177667,0.,-0.984807753012));
#13676 = ORIENTED_EDGE('',*,*,#13677,.T.);
#13677 = EDGE_CURVE('',#13668,#13678,#13680,.T.);
#13678 = VERTEX_POINT('',#13679);
#13679 = CARTESIAN_POINT('',(-2.83349882348,1.69,1.15));
#13680 = CIRCLE('',#13681,0.31);
#13681 = AXIS2_PLACEMENT_3D('',#13682,#13683,#13684);
#13682 = CARTESIAN_POINT('',(-2.83349882348,1.69,0.84));
#13683 = DIRECTION('',(0.,1.,-0.));
#13684 = DIRECTION('',(-0.984807753012,0.,0.173648177667));
#13685 = ORIENTED_EDGE('',*,*,#13686,.F.);
#13686 = EDGE_CURVE('',#13687,#13678,#13689,.T.);
#13687 = VERTEX_POINT('',#13688);
#13688 = CARTESIAN_POINT('',(-2.65,1.69,1.15));
#13689 = LINE('',#13690,#13691);
#13690 = CARTESIAN_POINT('',(-2.65,1.69,1.15));
#13691 = VECTOR('',#13692,1.);
#13692 = DIRECTION('',(-1.,0.,0.));
#13693 = ORIENTED_EDGE('',*,*,#13694,.F.);
#13694 = EDGE_CURVE('',#13695,#13687,#13697,.T.);
#13695 = VERTEX_POINT('',#13696);
#13696 = CARTESIAN_POINT('',(-2.65,1.69,1.));
#13697 = LINE('',#13698,#13699);
#13698 = CARTESIAN_POINT('',(-2.65,1.69,1.));
#13699 = VECTOR('',#13700,1.);
#13700 = DIRECTION('',(0.,0.,1.));
#13701 = ORIENTED_EDGE('',*,*,#13702,.F.);
#13702 = EDGE_CURVE('',#13703,#13695,#13705,.T.);
#13703 = VERTEX_POINT('',#13704);
#13704 = CARTESIAN_POINT('',(-2.83349882348,1.69,1.));
#13705 = LINE('',#13706,#13707);
#13706 = CARTESIAN_POINT('',(-2.83349882348,1.69,1.));
#13707 = VECTOR('',#13708,1.);
#13708 = DIRECTION('',(1.,0.,0.));
#13709 = ORIENTED_EDGE('',*,*,#13710,.T.);
#13710 = EDGE_CURVE('',#13703,#13639,#13711,.T.);
#13711 = CIRCLE('',#13712,0.16);
#13712 = AXIS2_PLACEMENT_3D('',#13713,#13714,#13715);
#13713 = CARTESIAN_POINT('',(-2.83349882348,1.69,0.84));
#13714 = DIRECTION('',(0.,-1.,0.));
#13715 = DIRECTION('',(0.,0.,1.));
#13716 = ORIENTED_EDGE('',*,*,#13636,.F.);
#13717 = ORIENTED_EDGE('',*,*,#13718,.T.);
#13718 = EDGE_CURVE('',#13637,#13719,#13721,.T.);
#13719 = VERTEX_POINT('',#13720);
#13720 = CARTESIAN_POINT('',(-3.404202630842,1.69,0.));
#13721 = CIRCLE('',#13722,0.31);
#13722 = AXIS2_PLACEMENT_3D('',#13723,#13724,#13725);
#13723 = CARTESIAN_POINT('',(-3.404202630842,1.69,0.31));
#13724 = DIRECTION('',(0.,1.,0.));
#13725 = DIRECTION('',(0.984807753012,0.,-0.173648177667));
#13726 = ORIENTED_EDGE('',*,*,#13727,.F.);
#13727 = EDGE_CURVE('',#13728,#13719,#13730,.T.);
#13728 = VERTEX_POINT('',#13729);
#13729 = CARTESIAN_POINT('',(-3.9,1.69,0.));
#13730 = LINE('',#13731,#13732);
#13731 = CARTESIAN_POINT('',(-3.9,1.69,0.));
#13732 = VECTOR('',#13733,1.);
#13733 = DIRECTION('',(1.,0.,0.));
#13734 = ORIENTED_EDGE('',*,*,#13735,.F.);
#13735 = EDGE_CURVE('',#13736,#13728,#13738,.T.);
#13736 = VERTEX_POINT('',#13737);
#13737 = CARTESIAN_POINT('',(-3.9,1.69,0.15));
#13738 = LINE('',#13739,#13740);
#13739 = CARTESIAN_POINT('',(-3.9,1.69,0.15));
#13740 = VECTOR('',#13741,1.);
#13741 = DIRECTION('',(0.,0.,-1.));
#13742 = ORIENTED_EDGE('',*,*,#13743,.F.);
#13743 = EDGE_CURVE('',#13744,#13736,#13746,.T.);
#13744 = VERTEX_POINT('',#13745);
#13745 = CARTESIAN_POINT('',(-3.404202630842,1.69,0.15));
#13746 = LINE('',#13747,#13748);
#13747 = CARTESIAN_POINT('',(-3.404202630842,1.69,0.15));
#13748 = VECTOR('',#13749,1.);
#13749 = DIRECTION('',(-1.,0.,0.));
#13750 = ORIENTED_EDGE('',*,*,#13751,.T.);
#13751 = EDGE_CURVE('',#13744,#13670,#13752,.T.);
#13752 = CIRCLE('',#13753,0.16);
#13753 = AXIS2_PLACEMENT_3D('',#13754,#13755,#13756);
#13754 = CARTESIAN_POINT('',(-3.404202630842,1.69,0.31));
#13755 = DIRECTION('',(0.,-1.,0.));
#13756 = DIRECTION('',(0.,0.,-1.));
#13757 = PLANE('',#13758);
#13758 = AXIS2_PLACEMENT_3D('',#13759,#13760,#13761);
#13759 = CARTESIAN_POINT('',(-3.1,1.69,0.25));
#13760 = DIRECTION('',(0.,-1.,0.));
#13761 = DIRECTION('',(1.,0.,0.));
#13762 = ADVANCED_FACE('',(#13763),#13779,.T.);
#13763 = FACE_BOUND('',#13764,.F.);
#13764 = EDGE_LOOP('',(#13765,#13766,#13772,#13773));
#13765 = ORIENTED_EDGE('',*,*,#13580,.T.);
#13766 = ORIENTED_EDGE('',*,*,#13767,.T.);
#13767 = EDGE_CURVE('',#13572,#13668,#13768,.T.);
#13768 = LINE('',#13769,#13770);
#13769 = CARTESIAN_POINT('',(-3.138789226914,2.12,0.893830935077));
#13770 = VECTOR('',#13771,1.);
#13771 = DIRECTION('',(0.,-1.,0.));
#13772 = ORIENTED_EDGE('',*,*,#13667,.T.);
#13773 = ORIENTED_EDGE('',*,*,#13774,.F.);
#13774 = EDGE_CURVE('',#13581,#13670,#13775,.T.);
#13775 = LINE('',#13776,#13777);
#13776 = CARTESIAN_POINT('',(-3.24663339036,2.12,0.282216291573));
#13777 = VECTOR('',#13778,1.);
#13778 = DIRECTION('',(0.,-1.,0.));
#13779 = PLANE('',#13780);
#13780 = AXIS2_PLACEMENT_3D('',#13781,#13782,#13783);
#13781 = CARTESIAN_POINT('',(-3.247721162952,2.12,0.27604722665));
#13782 = DIRECTION('',(-0.984807753012,0.,0.173648177667));
#13783 = DIRECTION('',(-0.173648177667,0.,-0.984807753012));
#13784 = ADVANCED_FACE('',(#13785),#13796,.T.);
#13785 = FACE_BOUND('',#13786,.T.);
#13786 = EDGE_LOOP('',(#13787,#13788,#13794,#13795));
#13787 = ORIENTED_EDGE('',*,*,#13677,.T.);
#13788 = ORIENTED_EDGE('',*,*,#13789,.F.);
#13789 = EDGE_CURVE('',#13564,#13678,#13790,.T.);
#13790 = LINE('',#13791,#13792);
#13791 = CARTESIAN_POINT('',(-2.83349882348,2.12,1.15));
#13792 = VECTOR('',#13793,1.);
#13793 = DIRECTION('',(0.,-1.,0.));
#13794 = ORIENTED_EDGE('',*,*,#13571,.F.);
#13795 = ORIENTED_EDGE('',*,*,#13767,.T.);
#13796 = CYLINDRICAL_SURFACE('',#13797,0.31);
#13797 = AXIS2_PLACEMENT_3D('',#13798,#13799,#13800);
#13798 = CARTESIAN_POINT('',(-2.83349882348,2.12,0.84));
#13799 = DIRECTION('',(0.,1.,0.));
#13800 = DIRECTION('',(-0.984807753012,0.,0.173648177667));
#13801 = ADVANCED_FACE('',(#13802),#13813,.T.);
#13802 = FACE_BOUND('',#13803,.F.);
#13803 = EDGE_LOOP('',(#13804,#13805,#13811,#13812));
#13804 = ORIENTED_EDGE('',*,*,#13563,.F.);
#13805 = ORIENTED_EDGE('',*,*,#13806,.T.);
#13806 = EDGE_CURVE('',#13556,#13687,#13807,.T.);
#13807 = LINE('',#13808,#13809);
#13808 = CARTESIAN_POINT('',(-2.65,2.12,1.15));
#13809 = VECTOR('',#13810,1.);
#13810 = DIRECTION('',(0.,-1.,0.));
#13811 = ORIENTED_EDGE('',*,*,#13686,.T.);
#13812 = ORIENTED_EDGE('',*,*,#13789,.F.);
#13813 = PLANE('',#13814);
#13814 = AXIS2_PLACEMENT_3D('',#13815,#13816,#13817);
#13815 = CARTESIAN_POINT('',(-2.65,2.12,1.15));
#13816 = DIRECTION('',(0.,0.,1.));
#13817 = DIRECTION('',(-1.,0.,0.));
#13818 = ADVANCED_FACE('',(#13819),#13830,.T.);
#13819 = FACE_BOUND('',#13820,.F.);
#13820 = EDGE_LOOP('',(#13821,#13822,#13828,#13829));
#13821 = ORIENTED_EDGE('',*,*,#13555,.F.);
#13822 = ORIENTED_EDGE('',*,*,#13823,.T.);
#13823 = EDGE_CURVE('',#13548,#13695,#13824,.T.);
#13824 = LINE('',#13825,#13826);
#13825 = CARTESIAN_POINT('',(-2.65,2.12,1.));
#13826 = VECTOR('',#13827,1.);
#13827 = DIRECTION('',(0.,-1.,0.));
#13828 = ORIENTED_EDGE('',*,*,#13694,.T.);
#13829 = ORIENTED_EDGE('',*,*,#13806,.F.);
#13830 = PLANE('',#13831);
#13831 = AXIS2_PLACEMENT_3D('',#13832,#13833,#13834);
#13832 = CARTESIAN_POINT('',(-2.65,2.12,1.));
#13833 = DIRECTION('',(1.,0.,0.));
#13834 = DIRECTION('',(0.,0.,1.));
#13835 = ADVANCED_FACE('',(#13836),#13847,.T.);
#13836 = FACE_BOUND('',#13837,.F.);
#13837 = EDGE_LOOP('',(#13838,#13839,#13845,#13846));
#13838 = ORIENTED_EDGE('',*,*,#13547,.F.);
#13839 = ORIENTED_EDGE('',*,*,#13840,.T.);
#13840 = EDGE_CURVE('',#13539,#13703,#13841,.T.);
#13841 = LINE('',#13842,#13843);
#13842 = CARTESIAN_POINT('',(-2.83349882348,2.12,1.));
#13843 = VECTOR('',#13844,1.);
#13844 = DIRECTION('',(0.,-1.,0.));
#13845 = ORIENTED_EDGE('',*,*,#13702,.T.);
#13846 = ORIENTED_EDGE('',*,*,#13823,.F.);
#13847 = PLANE('',#13848);
#13848 = AXIS2_PLACEMENT_3D('',#13849,#13850,#13851);
#13849 = CARTESIAN_POINT('',(-2.967754764469,2.12,1.));
#13850 = DIRECTION('',(0.,0.,-1.));
#13851 = DIRECTION('',(1.,0.,0.));
#13852 = ADVANCED_FACE('',(#13853),#13859,.F.);
#13853 = FACE_BOUND('',#13854,.F.);
#13854 = EDGE_LOOP('',(#13855,#13856,#13857,#13858));
#13855 = ORIENTED_EDGE('',*,*,#13840,.F.);
#13856 = ORIENTED_EDGE('',*,*,#13538,.T.);
#13857 = ORIENTED_EDGE('',*,*,#13646,.T.);
#13858 = ORIENTED_EDGE('',*,*,#13710,.F.);
#13859 = CYLINDRICAL_SURFACE('',#13860,0.16);
#13860 = AXIS2_PLACEMENT_3D('',#13861,#13862,#13863);
#13861 = CARTESIAN_POINT('',(-2.83349882348,2.12,0.84));
#13862 = DIRECTION('',(0.,-1.,0.));
#13863 = DIRECTION('',(0.,0.,1.));
#13864 = ADVANCED_FACE('',(#13865),#13876,.F.);
#13865 = FACE_BOUND('',#13866,.F.);
#13866 = EDGE_LOOP('',(#13867,#13873,#13874,#13875));
#13867 = ORIENTED_EDGE('',*,*,#13868,.F.);
#13868 = EDGE_CURVE('',#13589,#13744,#13869,.T.);
#13869 = LINE('',#13870,#13871);
#13870 = CARTESIAN_POINT('',(-3.404202630842,2.12,0.15));
#13871 = VECTOR('',#13872,1.);
#13872 = DIRECTION('',(0.,-1.,0.));
#13873 = ORIENTED_EDGE('',*,*,#13588,.T.);
#13874 = ORIENTED_EDGE('',*,*,#13774,.T.);
#13875 = ORIENTED_EDGE('',*,*,#13751,.F.);
#13876 = CYLINDRICAL_SURFACE('',#13877,0.16);
#13877 = AXIS2_PLACEMENT_3D('',#13878,#13879,#13880);
#13878 = CARTESIAN_POINT('',(-3.404202630842,2.12,0.31));
#13879 = DIRECTION('',(0.,-1.,0.));
#13880 = DIRECTION('',(0.,0.,-1.));
#13881 = ADVANCED_FACE('',(#13882),#13893,.T.);
#13882 = FACE_BOUND('',#13883,.F.);
#13883 = EDGE_LOOP('',(#13884,#13885,#13886,#13887));
#13884 = ORIENTED_EDGE('',*,*,#13597,.F.);
#13885 = ORIENTED_EDGE('',*,*,#13868,.T.);
#13886 = ORIENTED_EDGE('',*,*,#13743,.T.);
#13887 = ORIENTED_EDGE('',*,*,#13888,.F.);
#13888 = EDGE_CURVE('',#13598,#13736,#13889,.T.);
#13889 = LINE('',#13890,#13891);
#13890 = CARTESIAN_POINT('',(-3.9,2.12,0.15));
#13891 = VECTOR('',#13892,1.);
#13892 = DIRECTION('',(0.,-1.,0.));
#13893 = PLANE('',#13894);
#13894 = AXIS2_PLACEMENT_3D('',#13895,#13896,#13897);
#13895 = CARTESIAN_POINT('',(-3.269946689854,2.12,0.15));
#13896 = DIRECTION('',(0.,0.,1.));
#13897 = DIRECTION('',(-1.,0.,0.));
#13898 = ADVANCED_FACE('',(#13899),#13910,.T.);
#13899 = FACE_BOUND('',#13900,.F.);
#13900 = EDGE_LOOP('',(#13901,#13902,#13903,#13904));
#13901 = ORIENTED_EDGE('',*,*,#13605,.F.);
#13902 = ORIENTED_EDGE('',*,*,#13888,.T.);
#13903 = ORIENTED_EDGE('',*,*,#13735,.T.);
#13904 = ORIENTED_EDGE('',*,*,#13905,.F.);
#13905 = EDGE_CURVE('',#13606,#13728,#13906,.T.);
#13906 = LINE('',#13907,#13908);
#13907 = CARTESIAN_POINT('',(-3.9,2.12,0.));
#13908 = VECTOR('',#13909,1.);
#13909 = DIRECTION('',(0.,-1.,0.));
#13910 = PLANE('',#13911);
#13911 = AXIS2_PLACEMENT_3D('',#13912,#13913,#13914);
#13912 = CARTESIAN_POINT('',(-3.9,2.12,0.15));
#13913 = DIRECTION('',(-1.,0.,0.));
#13914 = DIRECTION('',(0.,0.,-1.));
#13915 = ADVANCED_FACE('',(#13916),#13927,.T.);
#13916 = FACE_BOUND('',#13917,.F.);
#13917 = EDGE_LOOP('',(#13918,#13919,#13920,#13921));
#13918 = ORIENTED_EDGE('',*,*,#13613,.F.);
#13919 = ORIENTED_EDGE('',*,*,#13905,.T.);
#13920 = ORIENTED_EDGE('',*,*,#13727,.T.);
#13921 = ORIENTED_EDGE('',*,*,#13922,.F.);
#13922 = EDGE_CURVE('',#13614,#13719,#13923,.T.);
#13923 = LINE('',#13924,#13925);
#13924 = CARTESIAN_POINT('',(-3.404202630842,2.12,0.));
#13925 = VECTOR('',#13926,1.);
#13926 = DIRECTION('',(0.,-1.,0.));
#13927 = PLANE('',#13928);
#13928 = AXIS2_PLACEMENT_3D('',#13929,#13930,#13931);
#13929 = CARTESIAN_POINT('',(-3.9,2.12,0.));
#13930 = DIRECTION('',(0.,0.,-1.));
#13931 = DIRECTION('',(1.,0.,0.));
#13932 = ADVANCED_FACE('',(#13933),#13939,.T.);
#13933 = FACE_BOUND('',#13934,.T.);
#13934 = EDGE_LOOP('',(#13935,#13936,#13937,#13938));
#13935 = ORIENTED_EDGE('',*,*,#13718,.T.);
#13936 = ORIENTED_EDGE('',*,*,#13922,.F.);
#13937 = ORIENTED_EDGE('',*,*,#13621,.F.);
#13938 = ORIENTED_EDGE('',*,*,#13653,.T.);
#13939 = CYLINDRICAL_SURFACE('',#13940,0.31);
#13940 = AXIS2_PLACEMENT_3D('',#13941,#13942,#13943);
#13941 = CARTESIAN_POINT('',(-3.404202630842,2.12,0.31));
#13942 = DIRECTION('',(0.,1.,0.));
#13943 = DIRECTION('',(0.984807753012,0.,-0.173648177667));
#13944 = MANIFOLD_SOLID_BREP('',#13945);
#13945 = CLOSED_SHELL('',(#13946,#14054,#14085,#14184,#14206,#14223,
    #14240,#14257,#14274,#14286,#14303,#14320,#14337,#14354));
#13946 = ADVANCED_FACE('',(#13947),#14049,.F.);
#13947 = FACE_BOUND('',#13948,.F.);
#13948 = EDGE_LOOP('',(#13949,#13959,#13968,#13976,#13984,#13992,#14001,
    #14009,#14018,#14026,#14034,#14042));
#13949 = ORIENTED_EDGE('',*,*,#13950,.F.);
#13950 = EDGE_CURVE('',#13951,#13953,#13955,.T.);
#13951 = VERTEX_POINT('',#13952);
#13952 = CARTESIAN_POINT('',(-2.991068063962,3.39,0.867783708427));
#13953 = VERTEX_POINT('',#13954);
#13954 = CARTESIAN_POINT('',(-3.098912227408,3.39,0.256169064923));
#13955 = LINE('',#13956,#13957);
#13956 = CARTESIAN_POINT('',(-2.991068063962,3.39,0.867783708427));
#13957 = VECTOR('',#13958,1.);
#13958 = DIRECTION('',(-0.173648177667,0.,-0.984807753012));
#13959 = ORIENTED_EDGE('',*,*,#13960,.F.);
#13960 = EDGE_CURVE('',#13961,#13951,#13963,.T.);
#13961 = VERTEX_POINT('',#13962);
#13962 = CARTESIAN_POINT('',(-2.83349882348,3.39,1.));
#13963 = CIRCLE('',#13964,0.16);
#13964 = AXIS2_PLACEMENT_3D('',#13965,#13966,#13967);
#13965 = CARTESIAN_POINT('',(-2.83349882348,3.39,0.84));
#13966 = DIRECTION('',(0.,-1.,0.));
#13967 = DIRECTION('',(0.,0.,1.));
#13968 = ORIENTED_EDGE('',*,*,#13969,.T.);
#13969 = EDGE_CURVE('',#13961,#13970,#13972,.T.);
#13970 = VERTEX_POINT('',#13971);
#13971 = CARTESIAN_POINT('',(-2.65,3.39,1.));
#13972 = LINE('',#13973,#13974);
#13973 = CARTESIAN_POINT('',(-2.83349882348,3.39,1.));
#13974 = VECTOR('',#13975,1.);
#13975 = DIRECTION('',(1.,0.,0.));
#13976 = ORIENTED_EDGE('',*,*,#13977,.T.);
#13977 = EDGE_CURVE('',#13970,#13978,#13980,.T.);
#13978 = VERTEX_POINT('',#13979);
#13979 = CARTESIAN_POINT('',(-2.65,3.39,1.15));
#13980 = LINE('',#13981,#13982);
#13981 = CARTESIAN_POINT('',(-2.65,3.39,1.));
#13982 = VECTOR('',#13983,1.);
#13983 = DIRECTION('',(0.,0.,1.));
#13984 = ORIENTED_EDGE('',*,*,#13985,.T.);
#13985 = EDGE_CURVE('',#13978,#13986,#13988,.T.);
#13986 = VERTEX_POINT('',#13987);
#13987 = CARTESIAN_POINT('',(-2.83349882348,3.39,1.15));
#13988 = LINE('',#13989,#13990);
#13989 = CARTESIAN_POINT('',(-2.65,3.39,1.15));
#13990 = VECTOR('',#13991,1.);
#13991 = DIRECTION('',(-1.,0.,0.));
#13992 = ORIENTED_EDGE('',*,*,#13993,.F.);
#13993 = EDGE_CURVE('',#13994,#13986,#13996,.T.);
#13994 = VERTEX_POINT('',#13995);
#13995 = CARTESIAN_POINT('',(-3.138789226914,3.39,0.893830935077));
#13996 = CIRCLE('',#13997,0.31);
#13997 = AXIS2_PLACEMENT_3D('',#13998,#13999,#14000);
#13998 = CARTESIAN_POINT('',(-2.83349882348,3.39,0.84));
#13999 = DIRECTION('',(0.,1.,-0.));
#14000 = DIRECTION('',(-0.984807753012,0.,0.173648177667));
#14001 = ORIENTED_EDGE('',*,*,#14002,.F.);
#14002 = EDGE_CURVE('',#14003,#13994,#14005,.T.);
#14003 = VERTEX_POINT('',#14004);
#14004 = CARTESIAN_POINT('',(-3.24663339036,3.39,0.282216291573));
#14005 = LINE('',#14006,#14007);
#14006 = CARTESIAN_POINT('',(-3.24663339036,3.39,0.282216291573));
#14007 = VECTOR('',#14008,1.);
#14008 = DIRECTION('',(0.173648177667,0.,0.984807753012));
#14009 = ORIENTED_EDGE('',*,*,#14010,.F.);
#14010 = EDGE_CURVE('',#14011,#14003,#14013,.T.);
#14011 = VERTEX_POINT('',#14012);
#14012 = CARTESIAN_POINT('',(-3.404202630842,3.39,0.15));
#14013 = CIRCLE('',#14014,0.16);
#14014 = AXIS2_PLACEMENT_3D('',#14015,#14016,#14017);
#14015 = CARTESIAN_POINT('',(-3.404202630842,3.39,0.31));
#14016 = DIRECTION('',(0.,-1.,0.));
#14017 = DIRECTION('',(0.,0.,-1.));
#14018 = ORIENTED_EDGE('',*,*,#14019,.T.);
#14019 = EDGE_CURVE('',#14011,#14020,#14022,.T.);
#14020 = VERTEX_POINT('',#14021);
#14021 = CARTESIAN_POINT('',(-3.9,3.39,0.15));
#14022 = LINE('',#14023,#14024);
#14023 = CARTESIAN_POINT('',(-3.404202630842,3.39,0.15));
#14024 = VECTOR('',#14025,1.);
#14025 = DIRECTION('',(-1.,0.,0.));
#14026 = ORIENTED_EDGE('',*,*,#14027,.T.);
#14027 = EDGE_CURVE('',#14020,#14028,#14030,.T.);
#14028 = VERTEX_POINT('',#14029);
#14029 = CARTESIAN_POINT('',(-3.9,3.39,0.));
#14030 = LINE('',#14031,#14032);
#14031 = CARTESIAN_POINT('',(-3.9,3.39,0.15));
#14032 = VECTOR('',#14033,1.);
#14033 = DIRECTION('',(0.,0.,-1.));
#14034 = ORIENTED_EDGE('',*,*,#14035,.T.);
#14035 = EDGE_CURVE('',#14028,#14036,#14038,.T.);
#14036 = VERTEX_POINT('',#14037);
#14037 = CARTESIAN_POINT('',(-3.404202630842,3.39,0.));
#14038 = LINE('',#14039,#14040);
#14039 = CARTESIAN_POINT('',(-3.9,3.39,0.));
#14040 = VECTOR('',#14041,1.);
#14041 = DIRECTION('',(1.,0.,0.));
#14042 = ORIENTED_EDGE('',*,*,#14043,.F.);
#14043 = EDGE_CURVE('',#13953,#14036,#14044,.T.);
#14044 = CIRCLE('',#14045,0.31);
#14045 = AXIS2_PLACEMENT_3D('',#14046,#14047,#14048);
#14046 = CARTESIAN_POINT('',(-3.404202630842,3.39,0.31));
#14047 = DIRECTION('',(0.,1.,0.));
#14048 = DIRECTION('',(0.984807753012,0.,-0.173648177667));
#14049 = PLANE('',#14050);
#14050 = AXIS2_PLACEMENT_3D('',#14051,#14052,#14053);
#14051 = CARTESIAN_POINT('',(-3.1,3.39,0.25));
#14052 = DIRECTION('',(0.,-1.,0.));
#14053 = DIRECTION('',(1.,0.,0.));
#14054 = ADVANCED_FACE('',(#14055),#14080,.T.);
#14055 = FACE_BOUND('',#14056,.F.);
#14056 = EDGE_LOOP('',(#14057,#14067,#14073,#14074));
#14057 = ORIENTED_EDGE('',*,*,#14058,.T.);
#14058 = EDGE_CURVE('',#14059,#14061,#14063,.T.);
#14059 = VERTEX_POINT('',#14060);
#14060 = CARTESIAN_POINT('',(-3.098912227408,2.96,0.256169064923));
#14061 = VERTEX_POINT('',#14062);
#14062 = CARTESIAN_POINT('',(-2.991068063962,2.96,0.867783708427));
#14063 = LINE('',#14064,#14065);
#14064 = CARTESIAN_POINT('',(-3.098912227408,2.96,0.256169064923));
#14065 = VECTOR('',#14066,1.);
#14066 = DIRECTION('',(0.173648177667,0.,0.984807753012));
#14067 = ORIENTED_EDGE('',*,*,#14068,.F.);
#14068 = EDGE_CURVE('',#13951,#14061,#14069,.T.);
#14069 = LINE('',#14070,#14071);
#14070 = CARTESIAN_POINT('',(-2.991068063962,3.39,0.867783708427));
#14071 = VECTOR('',#14072,1.);
#14072 = DIRECTION('',(0.,-1.,0.));
#14073 = ORIENTED_EDGE('',*,*,#13950,.T.);
#14074 = ORIENTED_EDGE('',*,*,#14075,.T.);
#14075 = EDGE_CURVE('',#13953,#14059,#14076,.T.);
#14076 = LINE('',#14077,#14078);
#14077 = CARTESIAN_POINT('',(-3.098912227408,3.39,0.256169064923));
#14078 = VECTOR('',#14079,1.);
#14079 = DIRECTION('',(0.,-1.,0.));
#14080 = PLANE('',#14081);
#14081 = AXIS2_PLACEMENT_3D('',#14082,#14083,#14084);
#14082 = CARTESIAN_POINT('',(-3.144081745177,3.39,0.));
#14083 = DIRECTION('',(0.984807753012,-0.,-0.173648177667));
#14084 = DIRECTION('',(0.173648177667,0.,0.984807753012));
#14085 = ADVANCED_FACE('',(#14086),#14179,.T.);
#14086 = FACE_BOUND('',#14087,.F.);
#14087 = EDGE_LOOP('',(#14088,#14098,#14107,#14115,#14123,#14131,#14138,
    #14139,#14148,#14156,#14164,#14172));
#14088 = ORIENTED_EDGE('',*,*,#14089,.F.);
#14089 = EDGE_CURVE('',#14090,#14092,#14094,.T.);
#14090 = VERTEX_POINT('',#14091);
#14091 = CARTESIAN_POINT('',(-3.138789226914,2.96,0.893830935077));
#14092 = VERTEX_POINT('',#14093);
#14093 = CARTESIAN_POINT('',(-3.24663339036,2.96,0.282216291573));
#14094 = LINE('',#14095,#14096);
#14095 = CARTESIAN_POINT('',(-3.138789226914,2.96,0.893830935077));
#14096 = VECTOR('',#14097,1.);
#14097 = DIRECTION('',(-0.173648177667,0.,-0.984807753012));
#14098 = ORIENTED_EDGE('',*,*,#14099,.T.);
#14099 = EDGE_CURVE('',#14090,#14100,#14102,.T.);
#14100 = VERTEX_POINT('',#14101);
#14101 = CARTESIAN_POINT('',(-2.83349882348,2.96,1.15));
#14102 = CIRCLE('',#14103,0.31);
#14103 = AXIS2_PLACEMENT_3D('',#14104,#14105,#14106);
#14104 = CARTESIAN_POINT('',(-2.83349882348,2.96,0.84));
#14105 = DIRECTION('',(0.,1.,-0.));
#14106 = DIRECTION('',(-0.984807753012,0.,0.173648177667));
#14107 = ORIENTED_EDGE('',*,*,#14108,.F.);
#14108 = EDGE_CURVE('',#14109,#14100,#14111,.T.);
#14109 = VERTEX_POINT('',#14110);
#14110 = CARTESIAN_POINT('',(-2.65,2.96,1.15));
#14111 = LINE('',#14112,#14113);
#14112 = CARTESIAN_POINT('',(-2.65,2.96,1.15));
#14113 = VECTOR('',#14114,1.);
#14114 = DIRECTION('',(-1.,0.,0.));
#14115 = ORIENTED_EDGE('',*,*,#14116,.F.);
#14116 = EDGE_CURVE('',#14117,#14109,#14119,.T.);
#14117 = VERTEX_POINT('',#14118);
#14118 = CARTESIAN_POINT('',(-2.65,2.96,1.));
#14119 = LINE('',#14120,#14121);
#14120 = CARTESIAN_POINT('',(-2.65,2.96,1.));
#14121 = VECTOR('',#14122,1.);
#14122 = DIRECTION('',(0.,0.,1.));
#14123 = ORIENTED_EDGE('',*,*,#14124,.F.);
#14124 = EDGE_CURVE('',#14125,#14117,#14127,.T.);
#14125 = VERTEX_POINT('',#14126);
#14126 = CARTESIAN_POINT('',(-2.83349882348,2.96,1.));
#14127 = LINE('',#14128,#14129);
#14128 = CARTESIAN_POINT('',(-2.83349882348,2.96,1.));
#14129 = VECTOR('',#14130,1.);
#14130 = DIRECTION('',(1.,0.,0.));
#14131 = ORIENTED_EDGE('',*,*,#14132,.T.);
#14132 = EDGE_CURVE('',#14125,#14061,#14133,.T.);
#14133 = CIRCLE('',#14134,0.16);
#14134 = AXIS2_PLACEMENT_3D('',#14135,#14136,#14137);
#14135 = CARTESIAN_POINT('',(-2.83349882348,2.96,0.84));
#14136 = DIRECTION('',(0.,-1.,0.));
#14137 = DIRECTION('',(0.,0.,1.));
#14138 = ORIENTED_EDGE('',*,*,#14058,.F.);
#14139 = ORIENTED_EDGE('',*,*,#14140,.T.);
#14140 = EDGE_CURVE('',#14059,#14141,#14143,.T.);
#14141 = VERTEX_POINT('',#14142);
#14142 = CARTESIAN_POINT('',(-3.404202630842,2.96,0.));
#14143 = CIRCLE('',#14144,0.31);
#14144 = AXIS2_PLACEMENT_3D('',#14145,#14146,#14147);
#14145 = CARTESIAN_POINT('',(-3.404202630842,2.96,0.31));
#14146 = DIRECTION('',(0.,1.,0.));
#14147 = DIRECTION('',(0.984807753012,0.,-0.173648177667));
#14148 = ORIENTED_EDGE('',*,*,#14149,.F.);
#14149 = EDGE_CURVE('',#14150,#14141,#14152,.T.);
#14150 = VERTEX_POINT('',#14151);
#14151 = CARTESIAN_POINT('',(-3.9,2.96,0.));
#14152 = LINE('',#14153,#14154);
#14153 = CARTESIAN_POINT('',(-3.9,2.96,0.));
#14154 = VECTOR('',#14155,1.);
#14155 = DIRECTION('',(1.,0.,0.));
#14156 = ORIENTED_EDGE('',*,*,#14157,.F.);
#14157 = EDGE_CURVE('',#14158,#14150,#14160,.T.);
#14158 = VERTEX_POINT('',#14159);
#14159 = CARTESIAN_POINT('',(-3.9,2.96,0.15));
#14160 = LINE('',#14161,#14162);
#14161 = CARTESIAN_POINT('',(-3.9,2.96,0.15));
#14162 = VECTOR('',#14163,1.);
#14163 = DIRECTION('',(0.,0.,-1.));
#14164 = ORIENTED_EDGE('',*,*,#14165,.F.);
#14165 = EDGE_CURVE('',#14166,#14158,#14168,.T.);
#14166 = VERTEX_POINT('',#14167);
#14167 = CARTESIAN_POINT('',(-3.404202630842,2.96,0.15));
#14168 = LINE('',#14169,#14170);
#14169 = CARTESIAN_POINT('',(-3.404202630842,2.96,0.15));
#14170 = VECTOR('',#14171,1.);
#14171 = DIRECTION('',(-1.,0.,0.));
#14172 = ORIENTED_EDGE('',*,*,#14173,.T.);
#14173 = EDGE_CURVE('',#14166,#14092,#14174,.T.);
#14174 = CIRCLE('',#14175,0.16);
#14175 = AXIS2_PLACEMENT_3D('',#14176,#14177,#14178);
#14176 = CARTESIAN_POINT('',(-3.404202630842,2.96,0.31));
#14177 = DIRECTION('',(0.,-1.,0.));
#14178 = DIRECTION('',(0.,0.,-1.));
#14179 = PLANE('',#14180);
#14180 = AXIS2_PLACEMENT_3D('',#14181,#14182,#14183);
#14181 = CARTESIAN_POINT('',(-3.1,2.96,0.25));
#14182 = DIRECTION('',(0.,-1.,0.));
#14183 = DIRECTION('',(1.,0.,0.));
#14184 = ADVANCED_FACE('',(#14185),#14201,.T.);
#14185 = FACE_BOUND('',#14186,.F.);
#14186 = EDGE_LOOP('',(#14187,#14188,#14194,#14195));
#14187 = ORIENTED_EDGE('',*,*,#14002,.T.);
#14188 = ORIENTED_EDGE('',*,*,#14189,.T.);
#14189 = EDGE_CURVE('',#13994,#14090,#14190,.T.);
#14190 = LINE('',#14191,#14192);
#14191 = CARTESIAN_POINT('',(-3.138789226914,3.39,0.893830935077));
#14192 = VECTOR('',#14193,1.);
#14193 = DIRECTION('',(0.,-1.,0.));
#14194 = ORIENTED_EDGE('',*,*,#14089,.T.);
#14195 = ORIENTED_EDGE('',*,*,#14196,.F.);
#14196 = EDGE_CURVE('',#14003,#14092,#14197,.T.);
#14197 = LINE('',#14198,#14199);
#14198 = CARTESIAN_POINT('',(-3.24663339036,3.39,0.282216291573));
#14199 = VECTOR('',#14200,1.);
#14200 = DIRECTION('',(0.,-1.,0.));
#14201 = PLANE('',#14202);
#14202 = AXIS2_PLACEMENT_3D('',#14203,#14204,#14205);
#14203 = CARTESIAN_POINT('',(-3.247721162952,3.39,0.27604722665));
#14204 = DIRECTION('',(-0.984807753012,0.,0.173648177667));
#14205 = DIRECTION('',(-0.173648177667,0.,-0.984807753012));
#14206 = ADVANCED_FACE('',(#14207),#14218,.T.);
#14207 = FACE_BOUND('',#14208,.T.);
#14208 = EDGE_LOOP('',(#14209,#14210,#14216,#14217));
#14209 = ORIENTED_EDGE('',*,*,#14099,.T.);
#14210 = ORIENTED_EDGE('',*,*,#14211,.F.);
#14211 = EDGE_CURVE('',#13986,#14100,#14212,.T.);
#14212 = LINE('',#14213,#14214);
#14213 = CARTESIAN_POINT('',(-2.83349882348,3.39,1.15));
#14214 = VECTOR('',#14215,1.);
#14215 = DIRECTION('',(0.,-1.,0.));
#14216 = ORIENTED_EDGE('',*,*,#13993,.F.);
#14217 = ORIENTED_EDGE('',*,*,#14189,.T.);
#14218 = CYLINDRICAL_SURFACE('',#14219,0.31);
#14219 = AXIS2_PLACEMENT_3D('',#14220,#14221,#14222);
#14220 = CARTESIAN_POINT('',(-2.83349882348,3.39,0.84));
#14221 = DIRECTION('',(0.,1.,0.));
#14222 = DIRECTION('',(-0.984807753012,0.,0.173648177667));
#14223 = ADVANCED_FACE('',(#14224),#14235,.T.);
#14224 = FACE_BOUND('',#14225,.F.);
#14225 = EDGE_LOOP('',(#14226,#14227,#14233,#14234));
#14226 = ORIENTED_EDGE('',*,*,#13985,.F.);
#14227 = ORIENTED_EDGE('',*,*,#14228,.T.);
#14228 = EDGE_CURVE('',#13978,#14109,#14229,.T.);
#14229 = LINE('',#14230,#14231);
#14230 = CARTESIAN_POINT('',(-2.65,3.39,1.15));
#14231 = VECTOR('',#14232,1.);
#14232 = DIRECTION('',(0.,-1.,0.));
#14233 = ORIENTED_EDGE('',*,*,#14108,.T.);
#14234 = ORIENTED_EDGE('',*,*,#14211,.F.);
#14235 = PLANE('',#14236);
#14236 = AXIS2_PLACEMENT_3D('',#14237,#14238,#14239);
#14237 = CARTESIAN_POINT('',(-2.65,3.39,1.15));
#14238 = DIRECTION('',(0.,0.,1.));
#14239 = DIRECTION('',(-1.,0.,0.));
#14240 = ADVANCED_FACE('',(#14241),#14252,.T.);
#14241 = FACE_BOUND('',#14242,.F.);
#14242 = EDGE_LOOP('',(#14243,#14244,#14250,#14251));
#14243 = ORIENTED_EDGE('',*,*,#13977,.F.);
#14244 = ORIENTED_EDGE('',*,*,#14245,.T.);
#14245 = EDGE_CURVE('',#13970,#14117,#14246,.T.);
#14246 = LINE('',#14247,#14248);
#14247 = CARTESIAN_POINT('',(-2.65,3.39,1.));
#14248 = VECTOR('',#14249,1.);
#14249 = DIRECTION('',(0.,-1.,0.));
#14250 = ORIENTED_EDGE('',*,*,#14116,.T.);
#14251 = ORIENTED_EDGE('',*,*,#14228,.F.);
#14252 = PLANE('',#14253);
#14253 = AXIS2_PLACEMENT_3D('',#14254,#14255,#14256);
#14254 = CARTESIAN_POINT('',(-2.65,3.39,1.));
#14255 = DIRECTION('',(1.,0.,0.));
#14256 = DIRECTION('',(0.,0.,1.));
#14257 = ADVANCED_FACE('',(#14258),#14269,.T.);
#14258 = FACE_BOUND('',#14259,.F.);
#14259 = EDGE_LOOP('',(#14260,#14261,#14267,#14268));
#14260 = ORIENTED_EDGE('',*,*,#13969,.F.);
#14261 = ORIENTED_EDGE('',*,*,#14262,.T.);
#14262 = EDGE_CURVE('',#13961,#14125,#14263,.T.);
#14263 = LINE('',#14264,#14265);
#14264 = CARTESIAN_POINT('',(-2.83349882348,3.39,1.));
#14265 = VECTOR('',#14266,1.);
#14266 = DIRECTION('',(0.,-1.,0.));
#14267 = ORIENTED_EDGE('',*,*,#14124,.T.);
#14268 = ORIENTED_EDGE('',*,*,#14245,.F.);
#14269 = PLANE('',#14270);
#14270 = AXIS2_PLACEMENT_3D('',#14271,#14272,#14273);
#14271 = CARTESIAN_POINT('',(-2.967754764469,3.39,1.));
#14272 = DIRECTION('',(0.,0.,-1.));
#14273 = DIRECTION('',(1.,0.,0.));
#14274 = ADVANCED_FACE('',(#14275),#14281,.F.);
#14275 = FACE_BOUND('',#14276,.F.);
#14276 = EDGE_LOOP('',(#14277,#14278,#14279,#14280));
#14277 = ORIENTED_EDGE('',*,*,#14262,.F.);
#14278 = ORIENTED_EDGE('',*,*,#13960,.T.);
#14279 = ORIENTED_EDGE('',*,*,#14068,.T.);
#14280 = ORIENTED_EDGE('',*,*,#14132,.F.);
#14281 = CYLINDRICAL_SURFACE('',#14282,0.16);
#14282 = AXIS2_PLACEMENT_3D('',#14283,#14284,#14285);
#14283 = CARTESIAN_POINT('',(-2.83349882348,3.39,0.84));
#14284 = DIRECTION('',(0.,-1.,0.));
#14285 = DIRECTION('',(0.,0.,1.));
#14286 = ADVANCED_FACE('',(#14287),#14298,.F.);
#14287 = FACE_BOUND('',#14288,.F.);
#14288 = EDGE_LOOP('',(#14289,#14295,#14296,#14297));
#14289 = ORIENTED_EDGE('',*,*,#14290,.F.);
#14290 = EDGE_CURVE('',#14011,#14166,#14291,.T.);
#14291 = LINE('',#14292,#14293);
#14292 = CARTESIAN_POINT('',(-3.404202630842,3.39,0.15));
#14293 = VECTOR('',#14294,1.);
#14294 = DIRECTION('',(0.,-1.,0.));
#14295 = ORIENTED_EDGE('',*,*,#14010,.T.);
#14296 = ORIENTED_EDGE('',*,*,#14196,.T.);
#14297 = ORIENTED_EDGE('',*,*,#14173,.F.);
#14298 = CYLINDRICAL_SURFACE('',#14299,0.16);
#14299 = AXIS2_PLACEMENT_3D('',#14300,#14301,#14302);
#14300 = CARTESIAN_POINT('',(-3.404202630842,3.39,0.31));
#14301 = DIRECTION('',(0.,-1.,0.));
#14302 = DIRECTION('',(0.,0.,-1.));
#14303 = ADVANCED_FACE('',(#14304),#14315,.T.);
#14304 = FACE_BOUND('',#14305,.F.);
#14305 = EDGE_LOOP('',(#14306,#14307,#14308,#14309));
#14306 = ORIENTED_EDGE('',*,*,#14019,.F.);
#14307 = ORIENTED_EDGE('',*,*,#14290,.T.);
#14308 = ORIENTED_EDGE('',*,*,#14165,.T.);
#14309 = ORIENTED_EDGE('',*,*,#14310,.F.);
#14310 = EDGE_CURVE('',#14020,#14158,#14311,.T.);
#14311 = LINE('',#14312,#14313);
#14312 = CARTESIAN_POINT('',(-3.9,3.39,0.15));
#14313 = VECTOR('',#14314,1.);
#14314 = DIRECTION('',(0.,-1.,0.));
#14315 = PLANE('',#14316);
#14316 = AXIS2_PLACEMENT_3D('',#14317,#14318,#14319);
#14317 = CARTESIAN_POINT('',(-3.269946689854,3.39,0.15));
#14318 = DIRECTION('',(0.,0.,1.));
#14319 = DIRECTION('',(-1.,0.,0.));
#14320 = ADVANCED_FACE('',(#14321),#14332,.T.);
#14321 = FACE_BOUND('',#14322,.F.);
#14322 = EDGE_LOOP('',(#14323,#14324,#14325,#14326));
#14323 = ORIENTED_EDGE('',*,*,#14027,.F.);
#14324 = ORIENTED_EDGE('',*,*,#14310,.T.);
#14325 = ORIENTED_EDGE('',*,*,#14157,.T.);
#14326 = ORIENTED_EDGE('',*,*,#14327,.F.);
#14327 = EDGE_CURVE('',#14028,#14150,#14328,.T.);
#14328 = LINE('',#14329,#14330);
#14329 = CARTESIAN_POINT('',(-3.9,3.39,0.));
#14330 = VECTOR('',#14331,1.);
#14331 = DIRECTION('',(0.,-1.,0.));
#14332 = PLANE('',#14333);
#14333 = AXIS2_PLACEMENT_3D('',#14334,#14335,#14336);
#14334 = CARTESIAN_POINT('',(-3.9,3.39,0.15));
#14335 = DIRECTION('',(-1.,0.,0.));
#14336 = DIRECTION('',(0.,0.,-1.));
#14337 = ADVANCED_FACE('',(#14338),#14349,.T.);
#14338 = FACE_BOUND('',#14339,.F.);
#14339 = EDGE_LOOP('',(#14340,#14341,#14342,#14343));
#14340 = ORIENTED_EDGE('',*,*,#14035,.F.);
#14341 = ORIENTED_EDGE('',*,*,#14327,.T.);
#14342 = ORIENTED_EDGE('',*,*,#14149,.T.);
#14343 = ORIENTED_EDGE('',*,*,#14344,.F.);
#14344 = EDGE_CURVE('',#14036,#14141,#14345,.T.);
#14345 = LINE('',#14346,#14347);
#14346 = CARTESIAN_POINT('',(-3.404202630842,3.39,0.));
#14347 = VECTOR('',#14348,1.);
#14348 = DIRECTION('',(0.,-1.,0.));
#14349 = PLANE('',#14350);
#14350 = AXIS2_PLACEMENT_3D('',#14351,#14352,#14353);
#14351 = CARTESIAN_POINT('',(-3.9,3.39,0.));
#14352 = DIRECTION('',(0.,0.,-1.));
#14353 = DIRECTION('',(1.,0.,0.));
#14354 = ADVANCED_FACE('',(#14355),#14361,.T.);
#14355 = FACE_BOUND('',#14356,.T.);
#14356 = EDGE_LOOP('',(#14357,#14358,#14359,#14360));
#14357 = ORIENTED_EDGE('',*,*,#14140,.T.);
#14358 = ORIENTED_EDGE('',*,*,#14344,.F.);
#14359 = ORIENTED_EDGE('',*,*,#14043,.F.);
#14360 = ORIENTED_EDGE('',*,*,#14075,.T.);
#14361 = CYLINDRICAL_SURFACE('',#14362,0.31);
#14362 = AXIS2_PLACEMENT_3D('',#14363,#14364,#14365);
#14363 = CARTESIAN_POINT('',(-3.404202630842,3.39,0.31));
#14364 = DIRECTION('',(0.,1.,0.));
#14365 = DIRECTION('',(0.984807753012,0.,-0.173648177667));
#14366 = MANIFOLD_SOLID_BREP('',#14367);
#14367 = CLOSED_SHELL('',(#14368,#14476,#14507,#14606,#14628,#14645,
    #14662,#14679,#14696,#14708,#14725,#14742,#14759,#14776));
#14368 = ADVANCED_FACE('',(#14369),#14471,.F.);
#14369 = FACE_BOUND('',#14370,.F.);
#14370 = EDGE_LOOP('',(#14371,#14381,#14390,#14398,#14406,#14414,#14423,
    #14431,#14440,#14448,#14456,#14464));
#14371 = ORIENTED_EDGE('',*,*,#14372,.F.);
#14372 = EDGE_CURVE('',#14373,#14375,#14377,.T.);
#14373 = VERTEX_POINT('',#14374);
#14374 = CARTESIAN_POINT('',(-2.991068063962,4.66,0.867783708427));
#14375 = VERTEX_POINT('',#14376);
#14376 = CARTESIAN_POINT('',(-3.098912227408,4.66,0.256169064923));
#14377 = LINE('',#14378,#14379);
#14378 = CARTESIAN_POINT('',(-2.991068063962,4.66,0.867783708427));
#14379 = VECTOR('',#14380,1.);
#14380 = DIRECTION('',(-0.173648177667,0.,-0.984807753012));
#14381 = ORIENTED_EDGE('',*,*,#14382,.F.);
#14382 = EDGE_CURVE('',#14383,#14373,#14385,.T.);
#14383 = VERTEX_POINT('',#14384);
#14384 = CARTESIAN_POINT('',(-2.83349882348,4.66,1.));
#14385 = CIRCLE('',#14386,0.16);
#14386 = AXIS2_PLACEMENT_3D('',#14387,#14388,#14389);
#14387 = CARTESIAN_POINT('',(-2.83349882348,4.66,0.84));
#14388 = DIRECTION('',(0.,-1.,0.));
#14389 = DIRECTION('',(0.,0.,1.));
#14390 = ORIENTED_EDGE('',*,*,#14391,.T.);
#14391 = EDGE_CURVE('',#14383,#14392,#14394,.T.);
#14392 = VERTEX_POINT('',#14393);
#14393 = CARTESIAN_POINT('',(-2.65,4.66,1.));
#14394 = LINE('',#14395,#14396);
#14395 = CARTESIAN_POINT('',(-2.83349882348,4.66,1.));
#14396 = VECTOR('',#14397,1.);
#14397 = DIRECTION('',(1.,0.,0.));
#14398 = ORIENTED_EDGE('',*,*,#14399,.T.);
#14399 = EDGE_CURVE('',#14392,#14400,#14402,.T.);
#14400 = VERTEX_POINT('',#14401);
#14401 = CARTESIAN_POINT('',(-2.65,4.66,1.15));
#14402 = LINE('',#14403,#14404);
#14403 = CARTESIAN_POINT('',(-2.65,4.66,1.));
#14404 = VECTOR('',#14405,1.);
#14405 = DIRECTION('',(0.,0.,1.));
#14406 = ORIENTED_EDGE('',*,*,#14407,.T.);
#14407 = EDGE_CURVE('',#14400,#14408,#14410,.T.);
#14408 = VERTEX_POINT('',#14409);
#14409 = CARTESIAN_POINT('',(-2.83349882348,4.66,1.15));
#14410 = LINE('',#14411,#14412);
#14411 = CARTESIAN_POINT('',(-2.65,4.66,1.15));
#14412 = VECTOR('',#14413,1.);
#14413 = DIRECTION('',(-1.,0.,0.));
#14414 = ORIENTED_EDGE('',*,*,#14415,.F.);
#14415 = EDGE_CURVE('',#14416,#14408,#14418,.T.);
#14416 = VERTEX_POINT('',#14417);
#14417 = CARTESIAN_POINT('',(-3.138789226914,4.66,0.893830935077));
#14418 = CIRCLE('',#14419,0.31);
#14419 = AXIS2_PLACEMENT_3D('',#14420,#14421,#14422);
#14420 = CARTESIAN_POINT('',(-2.83349882348,4.66,0.84));
#14421 = DIRECTION('',(0.,1.,-0.));
#14422 = DIRECTION('',(-0.984807753012,0.,0.173648177667));
#14423 = ORIENTED_EDGE('',*,*,#14424,.F.);
#14424 = EDGE_CURVE('',#14425,#14416,#14427,.T.);
#14425 = VERTEX_POINT('',#14426);
#14426 = CARTESIAN_POINT('',(-3.24663339036,4.66,0.282216291573));
#14427 = LINE('',#14428,#14429);
#14428 = CARTESIAN_POINT('',(-3.24663339036,4.66,0.282216291573));
#14429 = VECTOR('',#14430,1.);
#14430 = DIRECTION('',(0.173648177667,0.,0.984807753012));
#14431 = ORIENTED_EDGE('',*,*,#14432,.F.);
#14432 = EDGE_CURVE('',#14433,#14425,#14435,.T.);
#14433 = VERTEX_POINT('',#14434);
#14434 = CARTESIAN_POINT('',(-3.404202630842,4.66,0.15));
#14435 = CIRCLE('',#14436,0.16);
#14436 = AXIS2_PLACEMENT_3D('',#14437,#14438,#14439);
#14437 = CARTESIAN_POINT('',(-3.404202630842,4.66,0.31));
#14438 = DIRECTION('',(0.,-1.,0.));
#14439 = DIRECTION('',(0.,0.,-1.));
#14440 = ORIENTED_EDGE('',*,*,#14441,.T.);
#14441 = EDGE_CURVE('',#14433,#14442,#14444,.T.);
#14442 = VERTEX_POINT('',#14443);
#14443 = CARTESIAN_POINT('',(-3.9,4.66,0.15));
#14444 = LINE('',#14445,#14446);
#14445 = CARTESIAN_POINT('',(-3.404202630842,4.66,0.15));
#14446 = VECTOR('',#14447,1.);
#14447 = DIRECTION('',(-1.,0.,0.));
#14448 = ORIENTED_EDGE('',*,*,#14449,.T.);
#14449 = EDGE_CURVE('',#14442,#14450,#14452,.T.);
#14450 = VERTEX_POINT('',#14451);
#14451 = CARTESIAN_POINT('',(-3.9,4.66,0.));
#14452 = LINE('',#14453,#14454);
#14453 = CARTESIAN_POINT('',(-3.9,4.66,0.15));
#14454 = VECTOR('',#14455,1.);
#14455 = DIRECTION('',(0.,0.,-1.));
#14456 = ORIENTED_EDGE('',*,*,#14457,.T.);
#14457 = EDGE_CURVE('',#14450,#14458,#14460,.T.);
#14458 = VERTEX_POINT('',#14459);
#14459 = CARTESIAN_POINT('',(-3.404202630842,4.66,0.));
#14460 = LINE('',#14461,#14462);
#14461 = CARTESIAN_POINT('',(-3.9,4.66,0.));
#14462 = VECTOR('',#14463,1.);
#14463 = DIRECTION('',(1.,0.,0.));
#14464 = ORIENTED_EDGE('',*,*,#14465,.F.);
#14465 = EDGE_CURVE('',#14375,#14458,#14466,.T.);
#14466 = CIRCLE('',#14467,0.31);
#14467 = AXIS2_PLACEMENT_3D('',#14468,#14469,#14470);
#14468 = CARTESIAN_POINT('',(-3.404202630842,4.66,0.31));
#14469 = DIRECTION('',(0.,1.,0.));
#14470 = DIRECTION('',(0.984807753012,0.,-0.173648177667));
#14471 = PLANE('',#14472);
#14472 = AXIS2_PLACEMENT_3D('',#14473,#14474,#14475);
#14473 = CARTESIAN_POINT('',(-3.1,4.66,0.25));
#14474 = DIRECTION('',(0.,-1.,0.));
#14475 = DIRECTION('',(1.,0.,0.));
#14476 = ADVANCED_FACE('',(#14477),#14502,.T.);
#14477 = FACE_BOUND('',#14478,.F.);
#14478 = EDGE_LOOP('',(#14479,#14489,#14495,#14496));
#14479 = ORIENTED_EDGE('',*,*,#14480,.T.);
#14480 = EDGE_CURVE('',#14481,#14483,#14485,.T.);
#14481 = VERTEX_POINT('',#14482);
#14482 = CARTESIAN_POINT('',(-3.098912227408,4.23,0.256169064923));
#14483 = VERTEX_POINT('',#14484);
#14484 = CARTESIAN_POINT('',(-2.991068063962,4.23,0.867783708427));
#14485 = LINE('',#14486,#14487);
#14486 = CARTESIAN_POINT('',(-3.098912227408,4.23,0.256169064923));
#14487 = VECTOR('',#14488,1.);
#14488 = DIRECTION('',(0.173648177667,0.,0.984807753012));
#14489 = ORIENTED_EDGE('',*,*,#14490,.F.);
#14490 = EDGE_CURVE('',#14373,#14483,#14491,.T.);
#14491 = LINE('',#14492,#14493);
#14492 = CARTESIAN_POINT('',(-2.991068063962,4.66,0.867783708427));
#14493 = VECTOR('',#14494,1.);
#14494 = DIRECTION('',(0.,-1.,0.));
#14495 = ORIENTED_EDGE('',*,*,#14372,.T.);
#14496 = ORIENTED_EDGE('',*,*,#14497,.T.);
#14497 = EDGE_CURVE('',#14375,#14481,#14498,.T.);
#14498 = LINE('',#14499,#14500);
#14499 = CARTESIAN_POINT('',(-3.098912227408,4.66,0.256169064923));
#14500 = VECTOR('',#14501,1.);
#14501 = DIRECTION('',(0.,-1.,0.));
#14502 = PLANE('',#14503);
#14503 = AXIS2_PLACEMENT_3D('',#14504,#14505,#14506);
#14504 = CARTESIAN_POINT('',(-3.144081745177,4.66,0.));
#14505 = DIRECTION('',(0.984807753012,-0.,-0.173648177667));
#14506 = DIRECTION('',(0.173648177667,0.,0.984807753012));
#14507 = ADVANCED_FACE('',(#14508),#14601,.T.);
#14508 = FACE_BOUND('',#14509,.F.);
#14509 = EDGE_LOOP('',(#14510,#14520,#14529,#14537,#14545,#14553,#14560,
    #14561,#14570,#14578,#14586,#14594));
#14510 = ORIENTED_EDGE('',*,*,#14511,.F.);
#14511 = EDGE_CURVE('',#14512,#14514,#14516,.T.);
#14512 = VERTEX_POINT('',#14513);
#14513 = CARTESIAN_POINT('',(-3.138789226914,4.23,0.893830935077));
#14514 = VERTEX_POINT('',#14515);
#14515 = CARTESIAN_POINT('',(-3.24663339036,4.23,0.282216291573));
#14516 = LINE('',#14517,#14518);
#14517 = CARTESIAN_POINT('',(-3.138789226914,4.23,0.893830935077));
#14518 = VECTOR('',#14519,1.);
#14519 = DIRECTION('',(-0.173648177667,0.,-0.984807753012));
#14520 = ORIENTED_EDGE('',*,*,#14521,.T.);
#14521 = EDGE_CURVE('',#14512,#14522,#14524,.T.);
#14522 = VERTEX_POINT('',#14523);
#14523 = CARTESIAN_POINT('',(-2.83349882348,4.23,1.15));
#14524 = CIRCLE('',#14525,0.31);
#14525 = AXIS2_PLACEMENT_3D('',#14526,#14527,#14528);
#14526 = CARTESIAN_POINT('',(-2.83349882348,4.23,0.84));
#14527 = DIRECTION('',(0.,1.,-0.));
#14528 = DIRECTION('',(-0.984807753012,0.,0.173648177667));
#14529 = ORIENTED_EDGE('',*,*,#14530,.F.);
#14530 = EDGE_CURVE('',#14531,#14522,#14533,.T.);
#14531 = VERTEX_POINT('',#14532);
#14532 = CARTESIAN_POINT('',(-2.65,4.23,1.15));
#14533 = LINE('',#14534,#14535);
#14534 = CARTESIAN_POINT('',(-2.65,4.23,1.15));
#14535 = VECTOR('',#14536,1.);
#14536 = DIRECTION('',(-1.,0.,0.));
#14537 = ORIENTED_EDGE('',*,*,#14538,.F.);
#14538 = EDGE_CURVE('',#14539,#14531,#14541,.T.);
#14539 = VERTEX_POINT('',#14540);
#14540 = CARTESIAN_POINT('',(-2.65,4.23,1.));
#14541 = LINE('',#14542,#14543);
#14542 = CARTESIAN_POINT('',(-2.65,4.23,1.));
#14543 = VECTOR('',#14544,1.);
#14544 = DIRECTION('',(0.,0.,1.));
#14545 = ORIENTED_EDGE('',*,*,#14546,.F.);
#14546 = EDGE_CURVE('',#14547,#14539,#14549,.T.);
#14547 = VERTEX_POINT('',#14548);
#14548 = CARTESIAN_POINT('',(-2.83349882348,4.23,1.));
#14549 = LINE('',#14550,#14551);
#14550 = CARTESIAN_POINT('',(-2.83349882348,4.23,1.));
#14551 = VECTOR('',#14552,1.);
#14552 = DIRECTION('',(1.,0.,0.));
#14553 = ORIENTED_EDGE('',*,*,#14554,.T.);
#14554 = EDGE_CURVE('',#14547,#14483,#14555,.T.);
#14555 = CIRCLE('',#14556,0.16);
#14556 = AXIS2_PLACEMENT_3D('',#14557,#14558,#14559);
#14557 = CARTESIAN_POINT('',(-2.83349882348,4.23,0.84));
#14558 = DIRECTION('',(0.,-1.,0.));
#14559 = DIRECTION('',(0.,0.,1.));
#14560 = ORIENTED_EDGE('',*,*,#14480,.F.);
#14561 = ORIENTED_EDGE('',*,*,#14562,.T.);
#14562 = EDGE_CURVE('',#14481,#14563,#14565,.T.);
#14563 = VERTEX_POINT('',#14564);
#14564 = CARTESIAN_POINT('',(-3.404202630842,4.23,0.));
#14565 = CIRCLE('',#14566,0.31);
#14566 = AXIS2_PLACEMENT_3D('',#14567,#14568,#14569);
#14567 = CARTESIAN_POINT('',(-3.404202630842,4.23,0.31));
#14568 = DIRECTION('',(0.,1.,0.));
#14569 = DIRECTION('',(0.984807753012,0.,-0.173648177667));
#14570 = ORIENTED_EDGE('',*,*,#14571,.F.);
#14571 = EDGE_CURVE('',#14572,#14563,#14574,.T.);
#14572 = VERTEX_POINT('',#14573);
#14573 = CARTESIAN_POINT('',(-3.9,4.23,0.));
#14574 = LINE('',#14575,#14576);
#14575 = CARTESIAN_POINT('',(-3.9,4.23,0.));
#14576 = VECTOR('',#14577,1.);
#14577 = DIRECTION('',(1.,0.,0.));
#14578 = ORIENTED_EDGE('',*,*,#14579,.F.);
#14579 = EDGE_CURVE('',#14580,#14572,#14582,.T.);
#14580 = VERTEX_POINT('',#14581);
#14581 = CARTESIAN_POINT('',(-3.9,4.23,0.15));
#14582 = LINE('',#14583,#14584);
#14583 = CARTESIAN_POINT('',(-3.9,4.23,0.15));
#14584 = VECTOR('',#14585,1.);
#14585 = DIRECTION('',(0.,0.,-1.));
#14586 = ORIENTED_EDGE('',*,*,#14587,.F.);
#14587 = EDGE_CURVE('',#14588,#14580,#14590,.T.);
#14588 = VERTEX_POINT('',#14589);
#14589 = CARTESIAN_POINT('',(-3.404202630842,4.23,0.15));
#14590 = LINE('',#14591,#14592);
#14591 = CARTESIAN_POINT('',(-3.404202630842,4.23,0.15));
#14592 = VECTOR('',#14593,1.);
#14593 = DIRECTION('',(-1.,0.,0.));
#14594 = ORIENTED_EDGE('',*,*,#14595,.T.);
#14595 = EDGE_CURVE('',#14588,#14514,#14596,.T.);
#14596 = CIRCLE('',#14597,0.16);
#14597 = AXIS2_PLACEMENT_3D('',#14598,#14599,#14600);
#14598 = CARTESIAN_POINT('',(-3.404202630842,4.23,0.31));
#14599 = DIRECTION('',(0.,-1.,0.));
#14600 = DIRECTION('',(0.,0.,-1.));
#14601 = PLANE('',#14602);
#14602 = AXIS2_PLACEMENT_3D('',#14603,#14604,#14605);
#14603 = CARTESIAN_POINT('',(-3.1,4.23,0.25));
#14604 = DIRECTION('',(0.,-1.,0.));
#14605 = DIRECTION('',(1.,0.,0.));
#14606 = ADVANCED_FACE('',(#14607),#14623,.T.);
#14607 = FACE_BOUND('',#14608,.F.);
#14608 = EDGE_LOOP('',(#14609,#14610,#14616,#14617));
#14609 = ORIENTED_EDGE('',*,*,#14424,.T.);
#14610 = ORIENTED_EDGE('',*,*,#14611,.T.);
#14611 = EDGE_CURVE('',#14416,#14512,#14612,.T.);
#14612 = LINE('',#14613,#14614);
#14613 = CARTESIAN_POINT('',(-3.138789226914,4.66,0.893830935077));
#14614 = VECTOR('',#14615,1.);
#14615 = DIRECTION('',(0.,-1.,0.));
#14616 = ORIENTED_EDGE('',*,*,#14511,.T.);
#14617 = ORIENTED_EDGE('',*,*,#14618,.F.);
#14618 = EDGE_CURVE('',#14425,#14514,#14619,.T.);
#14619 = LINE('',#14620,#14621);
#14620 = CARTESIAN_POINT('',(-3.24663339036,4.66,0.282216291573));
#14621 = VECTOR('',#14622,1.);
#14622 = DIRECTION('',(0.,-1.,0.));
#14623 = PLANE('',#14624);
#14624 = AXIS2_PLACEMENT_3D('',#14625,#14626,#14627);
#14625 = CARTESIAN_POINT('',(-3.247721162952,4.66,0.27604722665));
#14626 = DIRECTION('',(-0.984807753012,0.,0.173648177667));
#14627 = DIRECTION('',(-0.173648177667,0.,-0.984807753012));
#14628 = ADVANCED_FACE('',(#14629),#14640,.T.);
#14629 = FACE_BOUND('',#14630,.T.);
#14630 = EDGE_LOOP('',(#14631,#14632,#14638,#14639));
#14631 = ORIENTED_EDGE('',*,*,#14521,.T.);
#14632 = ORIENTED_EDGE('',*,*,#14633,.F.);
#14633 = EDGE_CURVE('',#14408,#14522,#14634,.T.);
#14634 = LINE('',#14635,#14636);
#14635 = CARTESIAN_POINT('',(-2.83349882348,4.66,1.15));
#14636 = VECTOR('',#14637,1.);
#14637 = DIRECTION('',(0.,-1.,0.));
#14638 = ORIENTED_EDGE('',*,*,#14415,.F.);
#14639 = ORIENTED_EDGE('',*,*,#14611,.T.);
#14640 = CYLINDRICAL_SURFACE('',#14641,0.31);
#14641 = AXIS2_PLACEMENT_3D('',#14642,#14643,#14644);
#14642 = CARTESIAN_POINT('',(-2.83349882348,4.66,0.84));
#14643 = DIRECTION('',(0.,1.,0.));
#14644 = DIRECTION('',(-0.984807753012,0.,0.173648177667));
#14645 = ADVANCED_FACE('',(#14646),#14657,.T.);
#14646 = FACE_BOUND('',#14647,.F.);
#14647 = EDGE_LOOP('',(#14648,#14649,#14655,#14656));
#14648 = ORIENTED_EDGE('',*,*,#14407,.F.);
#14649 = ORIENTED_EDGE('',*,*,#14650,.T.);
#14650 = EDGE_CURVE('',#14400,#14531,#14651,.T.);
#14651 = LINE('',#14652,#14653);
#14652 = CARTESIAN_POINT('',(-2.65,4.66,1.15));
#14653 = VECTOR('',#14654,1.);
#14654 = DIRECTION('',(0.,-1.,0.));
#14655 = ORIENTED_EDGE('',*,*,#14530,.T.);
#14656 = ORIENTED_EDGE('',*,*,#14633,.F.);
#14657 = PLANE('',#14658);
#14658 = AXIS2_PLACEMENT_3D('',#14659,#14660,#14661);
#14659 = CARTESIAN_POINT('',(-2.65,4.66,1.15));
#14660 = DIRECTION('',(0.,0.,1.));
#14661 = DIRECTION('',(-1.,0.,0.));
#14662 = ADVANCED_FACE('',(#14663),#14674,.T.);
#14663 = FACE_BOUND('',#14664,.F.);
#14664 = EDGE_LOOP('',(#14665,#14666,#14672,#14673));
#14665 = ORIENTED_EDGE('',*,*,#14399,.F.);
#14666 = ORIENTED_EDGE('',*,*,#14667,.T.);
#14667 = EDGE_CURVE('',#14392,#14539,#14668,.T.);
#14668 = LINE('',#14669,#14670);
#14669 = CARTESIAN_POINT('',(-2.65,4.66,1.));
#14670 = VECTOR('',#14671,1.);
#14671 = DIRECTION('',(0.,-1.,0.));
#14672 = ORIENTED_EDGE('',*,*,#14538,.T.);
#14673 = ORIENTED_EDGE('',*,*,#14650,.F.);
#14674 = PLANE('',#14675);
#14675 = AXIS2_PLACEMENT_3D('',#14676,#14677,#14678);
#14676 = CARTESIAN_POINT('',(-2.65,4.66,1.));
#14677 = DIRECTION('',(1.,0.,0.));
#14678 = DIRECTION('',(0.,0.,1.));
#14679 = ADVANCED_FACE('',(#14680),#14691,.T.);
#14680 = FACE_BOUND('',#14681,.F.);
#14681 = EDGE_LOOP('',(#14682,#14683,#14689,#14690));
#14682 = ORIENTED_EDGE('',*,*,#14391,.F.);
#14683 = ORIENTED_EDGE('',*,*,#14684,.T.);
#14684 = EDGE_CURVE('',#14383,#14547,#14685,.T.);
#14685 = LINE('',#14686,#14687);
#14686 = CARTESIAN_POINT('',(-2.83349882348,4.66,1.));
#14687 = VECTOR('',#14688,1.);
#14688 = DIRECTION('',(0.,-1.,0.));
#14689 = ORIENTED_EDGE('',*,*,#14546,.T.);
#14690 = ORIENTED_EDGE('',*,*,#14667,.F.);
#14691 = PLANE('',#14692);
#14692 = AXIS2_PLACEMENT_3D('',#14693,#14694,#14695);
#14693 = CARTESIAN_POINT('',(-2.967754764469,4.66,1.));
#14694 = DIRECTION('',(0.,0.,-1.));
#14695 = DIRECTION('',(1.,0.,0.));
#14696 = ADVANCED_FACE('',(#14697),#14703,.F.);
#14697 = FACE_BOUND('',#14698,.F.);
#14698 = EDGE_LOOP('',(#14699,#14700,#14701,#14702));
#14699 = ORIENTED_EDGE('',*,*,#14684,.F.);
#14700 = ORIENTED_EDGE('',*,*,#14382,.T.);
#14701 = ORIENTED_EDGE('',*,*,#14490,.T.);
#14702 = ORIENTED_EDGE('',*,*,#14554,.F.);
#14703 = CYLINDRICAL_SURFACE('',#14704,0.16);
#14704 = AXIS2_PLACEMENT_3D('',#14705,#14706,#14707);
#14705 = CARTESIAN_POINT('',(-2.83349882348,4.66,0.84));
#14706 = DIRECTION('',(0.,-1.,0.));
#14707 = DIRECTION('',(0.,0.,1.));
#14708 = ADVANCED_FACE('',(#14709),#14720,.F.);
#14709 = FACE_BOUND('',#14710,.F.);
#14710 = EDGE_LOOP('',(#14711,#14717,#14718,#14719));
#14711 = ORIENTED_EDGE('',*,*,#14712,.F.);
#14712 = EDGE_CURVE('',#14433,#14588,#14713,.T.);
#14713 = LINE('',#14714,#14715);
#14714 = CARTESIAN_POINT('',(-3.404202630842,4.66,0.15));
#14715 = VECTOR('',#14716,1.);
#14716 = DIRECTION('',(0.,-1.,0.));
#14717 = ORIENTED_EDGE('',*,*,#14432,.T.);
#14718 = ORIENTED_EDGE('',*,*,#14618,.T.);
#14719 = ORIENTED_EDGE('',*,*,#14595,.F.);
#14720 = CYLINDRICAL_SURFACE('',#14721,0.16);
#14721 = AXIS2_PLACEMENT_3D('',#14722,#14723,#14724);
#14722 = CARTESIAN_POINT('',(-3.404202630842,4.66,0.31));
#14723 = DIRECTION('',(0.,-1.,0.));
#14724 = DIRECTION('',(0.,0.,-1.));
#14725 = ADVANCED_FACE('',(#14726),#14737,.T.);
#14726 = FACE_BOUND('',#14727,.F.);
#14727 = EDGE_LOOP('',(#14728,#14729,#14730,#14731));
#14728 = ORIENTED_EDGE('',*,*,#14441,.F.);
#14729 = ORIENTED_EDGE('',*,*,#14712,.T.);
#14730 = ORIENTED_EDGE('',*,*,#14587,.T.);
#14731 = ORIENTED_EDGE('',*,*,#14732,.F.);
#14732 = EDGE_CURVE('',#14442,#14580,#14733,.T.);
#14733 = LINE('',#14734,#14735);
#14734 = CARTESIAN_POINT('',(-3.9,4.66,0.15));
#14735 = VECTOR('',#14736,1.);
#14736 = DIRECTION('',(0.,-1.,0.));
#14737 = PLANE('',#14738);
#14738 = AXIS2_PLACEMENT_3D('',#14739,#14740,#14741);
#14739 = CARTESIAN_POINT('',(-3.269946689854,4.66,0.15));
#14740 = DIRECTION('',(0.,0.,1.));
#14741 = DIRECTION('',(-1.,0.,0.));
#14742 = ADVANCED_FACE('',(#14743),#14754,.T.);
#14743 = FACE_BOUND('',#14744,.F.);
#14744 = EDGE_LOOP('',(#14745,#14746,#14747,#14748));
#14745 = ORIENTED_EDGE('',*,*,#14449,.F.);
#14746 = ORIENTED_EDGE('',*,*,#14732,.T.);
#14747 = ORIENTED_EDGE('',*,*,#14579,.T.);
#14748 = ORIENTED_EDGE('',*,*,#14749,.F.);
#14749 = EDGE_CURVE('',#14450,#14572,#14750,.T.);
#14750 = LINE('',#14751,#14752);
#14751 = CARTESIAN_POINT('',(-3.9,4.66,0.));
#14752 = VECTOR('',#14753,1.);
#14753 = DIRECTION('',(0.,-1.,0.));
#14754 = PLANE('',#14755);
#14755 = AXIS2_PLACEMENT_3D('',#14756,#14757,#14758);
#14756 = CARTESIAN_POINT('',(-3.9,4.66,0.15));
#14757 = DIRECTION('',(-1.,0.,0.));
#14758 = DIRECTION('',(0.,0.,-1.));
#14759 = ADVANCED_FACE('',(#14760),#14771,.T.);
#14760 = FACE_BOUND('',#14761,.F.);
#14761 = EDGE_LOOP('',(#14762,#14763,#14764,#14765));
#14762 = ORIENTED_EDGE('',*,*,#14457,.F.);
#14763 = ORIENTED_EDGE('',*,*,#14749,.T.);
#14764 = ORIENTED_EDGE('',*,*,#14571,.T.);
#14765 = ORIENTED_EDGE('',*,*,#14766,.F.);
#14766 = EDGE_CURVE('',#14458,#14563,#14767,.T.);
#14767 = LINE('',#14768,#14769);
#14768 = CARTESIAN_POINT('',(-3.404202630842,4.66,0.));
#14769 = VECTOR('',#14770,1.);
#14770 = DIRECTION('',(0.,-1.,0.));
#14771 = PLANE('',#14772);
#14772 = AXIS2_PLACEMENT_3D('',#14773,#14774,#14775);
#14773 = CARTESIAN_POINT('',(-3.9,4.66,0.));
#14774 = DIRECTION('',(0.,0.,-1.));
#14775 = DIRECTION('',(1.,0.,0.));
#14776 = ADVANCED_FACE('',(#14777),#14783,.T.);
#14777 = FACE_BOUND('',#14778,.T.);
#14778 = EDGE_LOOP('',(#14779,#14780,#14781,#14782));
#14779 = ORIENTED_EDGE('',*,*,#14562,.T.);
#14780 = ORIENTED_EDGE('',*,*,#14766,.F.);
#14781 = ORIENTED_EDGE('',*,*,#14465,.F.);
#14782 = ORIENTED_EDGE('',*,*,#14497,.T.);
#14783 = CYLINDRICAL_SURFACE('',#14784,0.31);
#14784 = AXIS2_PLACEMENT_3D('',#14785,#14786,#14787);
#14785 = CARTESIAN_POINT('',(-3.404202630842,4.66,0.31));
#14786 = DIRECTION('',(0.,1.,0.));
#14787 = DIRECTION('',(0.984807753012,0.,-0.173648177667));
#14788 = MANIFOLD_SOLID_BREP('',#14789);
#14789 = CLOSED_SHELL('',(#14790,#14898,#14929,#15028,#15050,#15067,
    #15084,#15101,#15118,#15130,#15147,#15164,#15181,#15198));
#14790 = ADVANCED_FACE('',(#14791),#14893,.F.);
#14791 = FACE_BOUND('',#14792,.F.);
#14792 = EDGE_LOOP('',(#14793,#14803,#14812,#14820,#14828,#14836,#14845,
    #14853,#14862,#14870,#14878,#14886));
#14793 = ORIENTED_EDGE('',*,*,#14794,.F.);
#14794 = EDGE_CURVE('',#14795,#14797,#14799,.T.);
#14795 = VERTEX_POINT('',#14796);
#14796 = CARTESIAN_POINT('',(2.991068063962,-4.66,0.867783708427));
#14797 = VERTEX_POINT('',#14798);
#14798 = CARTESIAN_POINT('',(3.098912227408,-4.66,0.256169064923));
#14799 = LINE('',#14800,#14801);
#14800 = CARTESIAN_POINT('',(2.991068063962,-4.66,0.867783708427));
#14801 = VECTOR('',#14802,1.);
#14802 = DIRECTION('',(0.173648177667,0.,-0.984807753012));
#14803 = ORIENTED_EDGE('',*,*,#14804,.F.);
#14804 = EDGE_CURVE('',#14805,#14795,#14807,.T.);
#14805 = VERTEX_POINT('',#14806);
#14806 = CARTESIAN_POINT('',(2.83349882348,-4.66,1.));
#14807 = CIRCLE('',#14808,0.16);
#14808 = AXIS2_PLACEMENT_3D('',#14809,#14810,#14811);
#14809 = CARTESIAN_POINT('',(2.83349882348,-4.66,0.84));
#14810 = DIRECTION('',(0.,1.,0.));
#14811 = DIRECTION('',(0.,0.,1.));
#14812 = ORIENTED_EDGE('',*,*,#14813,.T.);
#14813 = EDGE_CURVE('',#14805,#14814,#14816,.T.);
#14814 = VERTEX_POINT('',#14815);
#14815 = CARTESIAN_POINT('',(2.65,-4.66,1.));
#14816 = LINE('',#14817,#14818);
#14817 = CARTESIAN_POINT('',(2.83349882348,-4.66,1.));
#14818 = VECTOR('',#14819,1.);
#14819 = DIRECTION('',(-1.,0.,0.));
#14820 = ORIENTED_EDGE('',*,*,#14821,.T.);
#14821 = EDGE_CURVE('',#14814,#14822,#14824,.T.);
#14822 = VERTEX_POINT('',#14823);
#14823 = CARTESIAN_POINT('',(2.65,-4.66,1.15));
#14824 = LINE('',#14825,#14826);
#14825 = CARTESIAN_POINT('',(2.65,-4.66,1.));
#14826 = VECTOR('',#14827,1.);
#14827 = DIRECTION('',(0.,0.,1.));
#14828 = ORIENTED_EDGE('',*,*,#14829,.T.);
#14829 = EDGE_CURVE('',#14822,#14830,#14832,.T.);
#14830 = VERTEX_POINT('',#14831);
#14831 = CARTESIAN_POINT('',(2.83349882348,-4.66,1.15));
#14832 = LINE('',#14833,#14834);
#14833 = CARTESIAN_POINT('',(2.65,-4.66,1.15));
#14834 = VECTOR('',#14835,1.);
#14835 = DIRECTION('',(1.,0.,0.));
#14836 = ORIENTED_EDGE('',*,*,#14837,.F.);
#14837 = EDGE_CURVE('',#14838,#14830,#14840,.T.);
#14838 = VERTEX_POINT('',#14839);
#14839 = CARTESIAN_POINT('',(3.138789226914,-4.66,0.893830935077));
#14840 = CIRCLE('',#14841,0.31);
#14841 = AXIS2_PLACEMENT_3D('',#14842,#14843,#14844);
#14842 = CARTESIAN_POINT('',(2.83349882348,-4.66,0.84));
#14843 = DIRECTION('',(0.,-1.,0.));
#14844 = DIRECTION('',(0.984807753012,0.,0.173648177667));
#14845 = ORIENTED_EDGE('',*,*,#14846,.F.);
#14846 = EDGE_CURVE('',#14847,#14838,#14849,.T.);
#14847 = VERTEX_POINT('',#14848);
#14848 = CARTESIAN_POINT('',(3.24663339036,-4.66,0.282216291573));
#14849 = LINE('',#14850,#14851);
#14850 = CARTESIAN_POINT('',(3.24663339036,-4.66,0.282216291573));
#14851 = VECTOR('',#14852,1.);
#14852 = DIRECTION('',(-0.173648177667,0.,0.984807753012));
#14853 = ORIENTED_EDGE('',*,*,#14854,.F.);
#14854 = EDGE_CURVE('',#14855,#14847,#14857,.T.);
#14855 = VERTEX_POINT('',#14856);
#14856 = CARTESIAN_POINT('',(3.404202630842,-4.66,0.15));
#14857 = CIRCLE('',#14858,0.16);
#14858 = AXIS2_PLACEMENT_3D('',#14859,#14860,#14861);
#14859 = CARTESIAN_POINT('',(3.404202630842,-4.66,0.31));
#14860 = DIRECTION('',(0.,1.,0.));
#14861 = DIRECTION('',(0.,0.,-1.));
#14862 = ORIENTED_EDGE('',*,*,#14863,.T.);
#14863 = EDGE_CURVE('',#14855,#14864,#14866,.T.);
#14864 = VERTEX_POINT('',#14865);
#14865 = CARTESIAN_POINT('',(3.9,-4.66,0.15));
#14866 = LINE('',#14867,#14868);
#14867 = CARTESIAN_POINT('',(3.404202630842,-4.66,0.15));
#14868 = VECTOR('',#14869,1.);
#14869 = DIRECTION('',(1.,0.,0.));
#14870 = ORIENTED_EDGE('',*,*,#14871,.T.);
#14871 = EDGE_CURVE('',#14864,#14872,#14874,.T.);
#14872 = VERTEX_POINT('',#14873);
#14873 = CARTESIAN_POINT('',(3.9,-4.66,0.));
#14874 = LINE('',#14875,#14876);
#14875 = CARTESIAN_POINT('',(3.9,-4.66,0.15));
#14876 = VECTOR('',#14877,1.);
#14877 = DIRECTION('',(0.,0.,-1.));
#14878 = ORIENTED_EDGE('',*,*,#14879,.T.);
#14879 = EDGE_CURVE('',#14872,#14880,#14882,.T.);
#14880 = VERTEX_POINT('',#14881);
#14881 = CARTESIAN_POINT('',(3.404202630842,-4.66,0.));
#14882 = LINE('',#14883,#14884);
#14883 = CARTESIAN_POINT('',(3.9,-4.66,0.));
#14884 = VECTOR('',#14885,1.);
#14885 = DIRECTION('',(-1.,0.,0.));
#14886 = ORIENTED_EDGE('',*,*,#14887,.F.);
#14887 = EDGE_CURVE('',#14797,#14880,#14888,.T.);
#14888 = CIRCLE('',#14889,0.31);
#14889 = AXIS2_PLACEMENT_3D('',#14890,#14891,#14892);
#14890 = CARTESIAN_POINT('',(3.404202630842,-4.66,0.31));
#14891 = DIRECTION('',(0.,-1.,0.));
#14892 = DIRECTION('',(-0.984807753012,-0.,-0.173648177667));
#14893 = PLANE('',#14894);
#14894 = AXIS2_PLACEMENT_3D('',#14895,#14896,#14897);
#14895 = CARTESIAN_POINT('',(3.1,-4.66,0.25));
#14896 = DIRECTION('',(0.,1.,0.));
#14897 = DIRECTION('',(-1.,0.,0.));
#14898 = ADVANCED_FACE('',(#14899),#14924,.T.);
#14899 = FACE_BOUND('',#14900,.F.);
#14900 = EDGE_LOOP('',(#14901,#14911,#14917,#14918));
#14901 = ORIENTED_EDGE('',*,*,#14902,.T.);
#14902 = EDGE_CURVE('',#14903,#14905,#14907,.T.);
#14903 = VERTEX_POINT('',#14904);
#14904 = CARTESIAN_POINT('',(3.098912227408,-4.23,0.256169064923));
#14905 = VERTEX_POINT('',#14906);
#14906 = CARTESIAN_POINT('',(2.991068063962,-4.23,0.867783708427));
#14907 = LINE('',#14908,#14909);
#14908 = CARTESIAN_POINT('',(3.098912227408,-4.23,0.256169064923));
#14909 = VECTOR('',#14910,1.);
#14910 = DIRECTION('',(-0.173648177667,0.,0.984807753012));
#14911 = ORIENTED_EDGE('',*,*,#14912,.F.);
#14912 = EDGE_CURVE('',#14795,#14905,#14913,.T.);
#14913 = LINE('',#14914,#14915);
#14914 = CARTESIAN_POINT('',(2.991068063962,-4.66,0.867783708427));
#14915 = VECTOR('',#14916,1.);
#14916 = DIRECTION('',(0.,1.,0.));
#14917 = ORIENTED_EDGE('',*,*,#14794,.T.);
#14918 = ORIENTED_EDGE('',*,*,#14919,.T.);
#14919 = EDGE_CURVE('',#14797,#14903,#14920,.T.);
#14920 = LINE('',#14921,#14922);
#14921 = CARTESIAN_POINT('',(3.098912227408,-4.66,0.256169064923));
#14922 = VECTOR('',#14923,1.);
#14923 = DIRECTION('',(0.,1.,0.));
#14924 = PLANE('',#14925);
#14925 = AXIS2_PLACEMENT_3D('',#14926,#14927,#14928);
#14926 = CARTESIAN_POINT('',(3.144081745177,-4.66,0.));
#14927 = DIRECTION('',(-0.984807753012,0.,-0.173648177667));
#14928 = DIRECTION('',(-0.173648177667,0.,0.984807753012));
#14929 = ADVANCED_FACE('',(#14930),#15023,.T.);
#14930 = FACE_BOUND('',#14931,.F.);
#14931 = EDGE_LOOP('',(#14932,#14942,#14951,#14959,#14967,#14975,#14982,
    #14983,#14992,#15000,#15008,#15016));
#14932 = ORIENTED_EDGE('',*,*,#14933,.F.);
#14933 = EDGE_CURVE('',#14934,#14936,#14938,.T.);
#14934 = VERTEX_POINT('',#14935);
#14935 = CARTESIAN_POINT('',(3.138789226914,-4.23,0.893830935077));
#14936 = VERTEX_POINT('',#14937);
#14937 = CARTESIAN_POINT('',(3.24663339036,-4.23,0.282216291573));
#14938 = LINE('',#14939,#14940);
#14939 = CARTESIAN_POINT('',(3.138789226914,-4.23,0.893830935077));
#14940 = VECTOR('',#14941,1.);
#14941 = DIRECTION('',(0.173648177667,0.,-0.984807753012));
#14942 = ORIENTED_EDGE('',*,*,#14943,.T.);
#14943 = EDGE_CURVE('',#14934,#14944,#14946,.T.);
#14944 = VERTEX_POINT('',#14945);
#14945 = CARTESIAN_POINT('',(2.83349882348,-4.23,1.15));
#14946 = CIRCLE('',#14947,0.31);
#14947 = AXIS2_PLACEMENT_3D('',#14948,#14949,#14950);
#14948 = CARTESIAN_POINT('',(2.83349882348,-4.23,0.84));
#14949 = DIRECTION('',(0.,-1.,0.));
#14950 = DIRECTION('',(0.984807753012,0.,0.173648177667));
#14951 = ORIENTED_EDGE('',*,*,#14952,.F.);
#14952 = EDGE_CURVE('',#14953,#14944,#14955,.T.);
#14953 = VERTEX_POINT('',#14954);
#14954 = CARTESIAN_POINT('',(2.65,-4.23,1.15));
#14955 = LINE('',#14956,#14957);
#14956 = CARTESIAN_POINT('',(2.65,-4.23,1.15));
#14957 = VECTOR('',#14958,1.);
#14958 = DIRECTION('',(1.,0.,0.));
#14959 = ORIENTED_EDGE('',*,*,#14960,.F.);
#14960 = EDGE_CURVE('',#14961,#14953,#14963,.T.);
#14961 = VERTEX_POINT('',#14962);
#14962 = CARTESIAN_POINT('',(2.65,-4.23,1.));
#14963 = LINE('',#14964,#14965);
#14964 = CARTESIAN_POINT('',(2.65,-4.23,1.));
#14965 = VECTOR('',#14966,1.);
#14966 = DIRECTION('',(0.,0.,1.));
#14967 = ORIENTED_EDGE('',*,*,#14968,.F.);
#14968 = EDGE_CURVE('',#14969,#14961,#14971,.T.);
#14969 = VERTEX_POINT('',#14970);
#14970 = CARTESIAN_POINT('',(2.83349882348,-4.23,1.));
#14971 = LINE('',#14972,#14973);
#14972 = CARTESIAN_POINT('',(2.83349882348,-4.23,1.));
#14973 = VECTOR('',#14974,1.);
#14974 = DIRECTION('',(-1.,0.,0.));
#14975 = ORIENTED_EDGE('',*,*,#14976,.T.);
#14976 = EDGE_CURVE('',#14969,#14905,#14977,.T.);
#14977 = CIRCLE('',#14978,0.16);
#14978 = AXIS2_PLACEMENT_3D('',#14979,#14980,#14981);
#14979 = CARTESIAN_POINT('',(2.83349882348,-4.23,0.84));
#14980 = DIRECTION('',(0.,1.,0.));
#14981 = DIRECTION('',(0.,0.,1.));
#14982 = ORIENTED_EDGE('',*,*,#14902,.F.);
#14983 = ORIENTED_EDGE('',*,*,#14984,.T.);
#14984 = EDGE_CURVE('',#14903,#14985,#14987,.T.);
#14985 = VERTEX_POINT('',#14986);
#14986 = CARTESIAN_POINT('',(3.404202630842,-4.23,0.));
#14987 = CIRCLE('',#14988,0.31);
#14988 = AXIS2_PLACEMENT_3D('',#14989,#14990,#14991);
#14989 = CARTESIAN_POINT('',(3.404202630842,-4.23,0.31));
#14990 = DIRECTION('',(0.,-1.,0.));
#14991 = DIRECTION('',(-0.984807753012,-0.,-0.173648177667));
#14992 = ORIENTED_EDGE('',*,*,#14993,.F.);
#14993 = EDGE_CURVE('',#14994,#14985,#14996,.T.);
#14994 = VERTEX_POINT('',#14995);
#14995 = CARTESIAN_POINT('',(3.9,-4.23,0.));
#14996 = LINE('',#14997,#14998);
#14997 = CARTESIAN_POINT('',(3.9,-4.23,0.));
#14998 = VECTOR('',#14999,1.);
#14999 = DIRECTION('',(-1.,0.,0.));
#15000 = ORIENTED_EDGE('',*,*,#15001,.F.);
#15001 = EDGE_CURVE('',#15002,#14994,#15004,.T.);
#15002 = VERTEX_POINT('',#15003);
#15003 = CARTESIAN_POINT('',(3.9,-4.23,0.15));
#15004 = LINE('',#15005,#15006);
#15005 = CARTESIAN_POINT('',(3.9,-4.23,0.15));
#15006 = VECTOR('',#15007,1.);
#15007 = DIRECTION('',(0.,0.,-1.));
#15008 = ORIENTED_EDGE('',*,*,#15009,.F.);
#15009 = EDGE_CURVE('',#15010,#15002,#15012,.T.);
#15010 = VERTEX_POINT('',#15011);
#15011 = CARTESIAN_POINT('',(3.404202630842,-4.23,0.15));
#15012 = LINE('',#15013,#15014);
#15013 = CARTESIAN_POINT('',(3.404202630842,-4.23,0.15));
#15014 = VECTOR('',#15015,1.);
#15015 = DIRECTION('',(1.,0.,0.));
#15016 = ORIENTED_EDGE('',*,*,#15017,.T.);
#15017 = EDGE_CURVE('',#15010,#14936,#15018,.T.);
#15018 = CIRCLE('',#15019,0.16);
#15019 = AXIS2_PLACEMENT_3D('',#15020,#15021,#15022);
#15020 = CARTESIAN_POINT('',(3.404202630842,-4.23,0.31));
#15021 = DIRECTION('',(0.,1.,0.));
#15022 = DIRECTION('',(0.,0.,-1.));
#15023 = PLANE('',#15024);
#15024 = AXIS2_PLACEMENT_3D('',#15025,#15026,#15027);
#15025 = CARTESIAN_POINT('',(3.1,-4.23,0.25));
#15026 = DIRECTION('',(0.,1.,0.));
#15027 = DIRECTION('',(-1.,0.,0.));
#15028 = ADVANCED_FACE('',(#15029),#15045,.T.);
#15029 = FACE_BOUND('',#15030,.F.);
#15030 = EDGE_LOOP('',(#15031,#15032,#15038,#15039));
#15031 = ORIENTED_EDGE('',*,*,#14846,.T.);
#15032 = ORIENTED_EDGE('',*,*,#15033,.T.);
#15033 = EDGE_CURVE('',#14838,#14934,#15034,.T.);
#15034 = LINE('',#15035,#15036);
#15035 = CARTESIAN_POINT('',(3.138789226914,-4.66,0.893830935077));
#15036 = VECTOR('',#15037,1.);
#15037 = DIRECTION('',(0.,1.,0.));
#15038 = ORIENTED_EDGE('',*,*,#14933,.T.);
#15039 = ORIENTED_EDGE('',*,*,#15040,.F.);
#15040 = EDGE_CURVE('',#14847,#14936,#15041,.T.);
#15041 = LINE('',#15042,#15043);
#15042 = CARTESIAN_POINT('',(3.24663339036,-4.66,0.282216291573));
#15043 = VECTOR('',#15044,1.);
#15044 = DIRECTION('',(0.,1.,0.));
#15045 = PLANE('',#15046);
#15046 = AXIS2_PLACEMENT_3D('',#15047,#15048,#15049);
#15047 = CARTESIAN_POINT('',(3.247721162952,-4.66,0.27604722665));
#15048 = DIRECTION('',(0.984807753012,0.,0.173648177667));
#15049 = DIRECTION('',(0.173648177667,0.,-0.984807753012));
#15050 = ADVANCED_FACE('',(#15051),#15062,.T.);
#15051 = FACE_BOUND('',#15052,.T.);
#15052 = EDGE_LOOP('',(#15053,#15054,#15060,#15061));
#15053 = ORIENTED_EDGE('',*,*,#14943,.T.);
#15054 = ORIENTED_EDGE('',*,*,#15055,.F.);
#15055 = EDGE_CURVE('',#14830,#14944,#15056,.T.);
#15056 = LINE('',#15057,#15058);
#15057 = CARTESIAN_POINT('',(2.83349882348,-4.66,1.15));
#15058 = VECTOR('',#15059,1.);
#15059 = DIRECTION('',(0.,1.,0.));
#15060 = ORIENTED_EDGE('',*,*,#14837,.F.);
#15061 = ORIENTED_EDGE('',*,*,#15033,.T.);
#15062 = CYLINDRICAL_SURFACE('',#15063,0.31);
#15063 = AXIS2_PLACEMENT_3D('',#15064,#15065,#15066);
#15064 = CARTESIAN_POINT('',(2.83349882348,-4.66,0.84));
#15065 = DIRECTION('',(0.,-1.,0.));
#15066 = DIRECTION('',(0.984807753012,0.,0.173648177667));
#15067 = ADVANCED_FACE('',(#15068),#15079,.T.);
#15068 = FACE_BOUND('',#15069,.F.);
#15069 = EDGE_LOOP('',(#15070,#15071,#15077,#15078));
#15070 = ORIENTED_EDGE('',*,*,#14829,.F.);
#15071 = ORIENTED_EDGE('',*,*,#15072,.T.);
#15072 = EDGE_CURVE('',#14822,#14953,#15073,.T.);
#15073 = LINE('',#15074,#15075);
#15074 = CARTESIAN_POINT('',(2.65,-4.66,1.15));
#15075 = VECTOR('',#15076,1.);
#15076 = DIRECTION('',(0.,1.,0.));
#15077 = ORIENTED_EDGE('',*,*,#14952,.T.);
#15078 = ORIENTED_EDGE('',*,*,#15055,.F.);
#15079 = PLANE('',#15080);
#15080 = AXIS2_PLACEMENT_3D('',#15081,#15082,#15083);
#15081 = CARTESIAN_POINT('',(2.65,-4.66,1.15));
#15082 = DIRECTION('',(0.,0.,1.));
#15083 = DIRECTION('',(1.,0.,0.));
#15084 = ADVANCED_FACE('',(#15085),#15096,.T.);
#15085 = FACE_BOUND('',#15086,.F.);
#15086 = EDGE_LOOP('',(#15087,#15088,#15094,#15095));
#15087 = ORIENTED_EDGE('',*,*,#14821,.F.);
#15088 = ORIENTED_EDGE('',*,*,#15089,.T.);
#15089 = EDGE_CURVE('',#14814,#14961,#15090,.T.);
#15090 = LINE('',#15091,#15092);
#15091 = CARTESIAN_POINT('',(2.65,-4.66,1.));
#15092 = VECTOR('',#15093,1.);
#15093 = DIRECTION('',(0.,1.,0.));
#15094 = ORIENTED_EDGE('',*,*,#14960,.T.);
#15095 = ORIENTED_EDGE('',*,*,#15072,.F.);
#15096 = PLANE('',#15097);
#15097 = AXIS2_PLACEMENT_3D('',#15098,#15099,#15100);
#15098 = CARTESIAN_POINT('',(2.65,-4.66,1.));
#15099 = DIRECTION('',(-1.,0.,0.));
#15100 = DIRECTION('',(0.,0.,1.));
#15101 = ADVANCED_FACE('',(#15102),#15113,.T.);
#15102 = FACE_BOUND('',#15103,.F.);
#15103 = EDGE_LOOP('',(#15104,#15105,#15111,#15112));
#15104 = ORIENTED_EDGE('',*,*,#14813,.F.);
#15105 = ORIENTED_EDGE('',*,*,#15106,.T.);
#15106 = EDGE_CURVE('',#14805,#14969,#15107,.T.);
#15107 = LINE('',#15108,#15109);
#15108 = CARTESIAN_POINT('',(2.83349882348,-4.66,1.));
#15109 = VECTOR('',#15110,1.);
#15110 = DIRECTION('',(0.,1.,0.));
#15111 = ORIENTED_EDGE('',*,*,#14968,.T.);
#15112 = ORIENTED_EDGE('',*,*,#15089,.F.);
#15113 = PLANE('',#15114);
#15114 = AXIS2_PLACEMENT_3D('',#15115,#15116,#15117);
#15115 = CARTESIAN_POINT('',(2.967754764469,-4.66,1.));
#15116 = DIRECTION('',(0.,0.,-1.));
#15117 = DIRECTION('',(-1.,0.,0.));
#15118 = ADVANCED_FACE('',(#15119),#15125,.F.);
#15119 = FACE_BOUND('',#15120,.F.);
#15120 = EDGE_LOOP('',(#15121,#15122,#15123,#15124));
#15121 = ORIENTED_EDGE('',*,*,#15106,.F.);
#15122 = ORIENTED_EDGE('',*,*,#14804,.T.);
#15123 = ORIENTED_EDGE('',*,*,#14912,.T.);
#15124 = ORIENTED_EDGE('',*,*,#14976,.F.);
#15125 = CYLINDRICAL_SURFACE('',#15126,0.16);
#15126 = AXIS2_PLACEMENT_3D('',#15127,#15128,#15129);
#15127 = CARTESIAN_POINT('',(2.83349882348,-4.66,0.84));
#15128 = DIRECTION('',(0.,1.,0.));
#15129 = DIRECTION('',(0.,0.,1.));
#15130 = ADVANCED_FACE('',(#15131),#15142,.F.);
#15131 = FACE_BOUND('',#15132,.F.);
#15132 = EDGE_LOOP('',(#15133,#15139,#15140,#15141));
#15133 = ORIENTED_EDGE('',*,*,#15134,.F.);
#15134 = EDGE_CURVE('',#14855,#15010,#15135,.T.);
#15135 = LINE('',#15136,#15137);
#15136 = CARTESIAN_POINT('',(3.404202630842,-4.66,0.15));
#15137 = VECTOR('',#15138,1.);
#15138 = DIRECTION('',(0.,1.,0.));
#15139 = ORIENTED_EDGE('',*,*,#14854,.T.);
#15140 = ORIENTED_EDGE('',*,*,#15040,.T.);
#15141 = ORIENTED_EDGE('',*,*,#15017,.F.);
#15142 = CYLINDRICAL_SURFACE('',#15143,0.16);
#15143 = AXIS2_PLACEMENT_3D('',#15144,#15145,#15146);
#15144 = CARTESIAN_POINT('',(3.404202630842,-4.66,0.31));
#15145 = DIRECTION('',(0.,1.,0.));
#15146 = DIRECTION('',(0.,0.,-1.));
#15147 = ADVANCED_FACE('',(#15148),#15159,.T.);
#15148 = FACE_BOUND('',#15149,.F.);
#15149 = EDGE_LOOP('',(#15150,#15151,#15152,#15153));
#15150 = ORIENTED_EDGE('',*,*,#14863,.F.);
#15151 = ORIENTED_EDGE('',*,*,#15134,.T.);
#15152 = ORIENTED_EDGE('',*,*,#15009,.T.);
#15153 = ORIENTED_EDGE('',*,*,#15154,.F.);
#15154 = EDGE_CURVE('',#14864,#15002,#15155,.T.);
#15155 = LINE('',#15156,#15157);
#15156 = CARTESIAN_POINT('',(3.9,-4.66,0.15));
#15157 = VECTOR('',#15158,1.);
#15158 = DIRECTION('',(0.,1.,0.));
#15159 = PLANE('',#15160);
#15160 = AXIS2_PLACEMENT_3D('',#15161,#15162,#15163);
#15161 = CARTESIAN_POINT('',(3.269946689854,-4.66,0.15));
#15162 = DIRECTION('',(0.,0.,1.));
#15163 = DIRECTION('',(1.,0.,0.));
#15164 = ADVANCED_FACE('',(#15165),#15176,.T.);
#15165 = FACE_BOUND('',#15166,.F.);
#15166 = EDGE_LOOP('',(#15167,#15168,#15169,#15170));
#15167 = ORIENTED_EDGE('',*,*,#14871,.F.);
#15168 = ORIENTED_EDGE('',*,*,#15154,.T.);
#15169 = ORIENTED_EDGE('',*,*,#15001,.T.);
#15170 = ORIENTED_EDGE('',*,*,#15171,.F.);
#15171 = EDGE_CURVE('',#14872,#14994,#15172,.T.);
#15172 = LINE('',#15173,#15174);
#15173 = CARTESIAN_POINT('',(3.9,-4.66,0.));
#15174 = VECTOR('',#15175,1.);
#15175 = DIRECTION('',(0.,1.,0.));
#15176 = PLANE('',#15177);
#15177 = AXIS2_PLACEMENT_3D('',#15178,#15179,#15180);
#15178 = CARTESIAN_POINT('',(3.9,-4.66,0.15));
#15179 = DIRECTION('',(1.,0.,0.));
#15180 = DIRECTION('',(0.,0.,-1.));
#15181 = ADVANCED_FACE('',(#15182),#15193,.T.);
#15182 = FACE_BOUND('',#15183,.F.);
#15183 = EDGE_LOOP('',(#15184,#15185,#15186,#15187));
#15184 = ORIENTED_EDGE('',*,*,#14879,.F.);
#15185 = ORIENTED_EDGE('',*,*,#15171,.T.);
#15186 = ORIENTED_EDGE('',*,*,#14993,.T.);
#15187 = ORIENTED_EDGE('',*,*,#15188,.F.);
#15188 = EDGE_CURVE('',#14880,#14985,#15189,.T.);
#15189 = LINE('',#15190,#15191);
#15190 = CARTESIAN_POINT('',(3.404202630842,-4.66,0.));
#15191 = VECTOR('',#15192,1.);
#15192 = DIRECTION('',(0.,1.,0.));
#15193 = PLANE('',#15194);
#15194 = AXIS2_PLACEMENT_3D('',#15195,#15196,#15197);
#15195 = CARTESIAN_POINT('',(3.9,-4.66,0.));
#15196 = DIRECTION('',(0.,0.,-1.));
#15197 = DIRECTION('',(-1.,0.,0.));
#15198 = ADVANCED_FACE('',(#15199),#15205,.T.);
#15199 = FACE_BOUND('',#15200,.T.);
#15200 = EDGE_LOOP('',(#15201,#15202,#15203,#15204));
#15201 = ORIENTED_EDGE('',*,*,#14984,.T.);
#15202 = ORIENTED_EDGE('',*,*,#15188,.F.);
#15203 = ORIENTED_EDGE('',*,*,#14887,.F.);
#15204 = ORIENTED_EDGE('',*,*,#14919,.T.);
#15205 = CYLINDRICAL_SURFACE('',#15206,0.31);
#15206 = AXIS2_PLACEMENT_3D('',#15207,#15208,#15209);
#15207 = CARTESIAN_POINT('',(3.404202630842,-4.66,0.31));
#15208 = DIRECTION('',(0.,-1.,0.));
#15209 = DIRECTION('',(-0.984807753012,-0.,-0.173648177667));
#15210 = MANIFOLD_SOLID_BREP('',#15211);
#15211 = CLOSED_SHELL('',(#15212,#15320,#15351,#15450,#15472,#15489,
    #15506,#15523,#15540,#15552,#15569,#15586,#15603,#15620));
#15212 = ADVANCED_FACE('',(#15213),#15315,.F.);
#15213 = FACE_BOUND('',#15214,.F.);
#15214 = EDGE_LOOP('',(#15215,#15225,#15234,#15242,#15250,#15258,#15267,
    #15275,#15284,#15292,#15300,#15308));
#15215 = ORIENTED_EDGE('',*,*,#15216,.F.);
#15216 = EDGE_CURVE('',#15217,#15219,#15221,.T.);
#15217 = VERTEX_POINT('',#15218);
#15218 = CARTESIAN_POINT('',(2.991068063962,-3.39,0.867783708427));
#15219 = VERTEX_POINT('',#15220);
#15220 = CARTESIAN_POINT('',(3.098912227408,-3.39,0.256169064923));
#15221 = LINE('',#15222,#15223);
#15222 = CARTESIAN_POINT('',(2.991068063962,-3.39,0.867783708427));
#15223 = VECTOR('',#15224,1.);
#15224 = DIRECTION('',(0.173648177667,0.,-0.984807753012));
#15225 = ORIENTED_EDGE('',*,*,#15226,.F.);
#15226 = EDGE_CURVE('',#15227,#15217,#15229,.T.);
#15227 = VERTEX_POINT('',#15228);
#15228 = CARTESIAN_POINT('',(2.83349882348,-3.39,1.));
#15229 = CIRCLE('',#15230,0.16);
#15230 = AXIS2_PLACEMENT_3D('',#15231,#15232,#15233);
#15231 = CARTESIAN_POINT('',(2.83349882348,-3.39,0.84));
#15232 = DIRECTION('',(0.,1.,0.));
#15233 = DIRECTION('',(0.,0.,1.));
#15234 = ORIENTED_EDGE('',*,*,#15235,.T.);
#15235 = EDGE_CURVE('',#15227,#15236,#15238,.T.);
#15236 = VERTEX_POINT('',#15237);
#15237 = CARTESIAN_POINT('',(2.65,-3.39,1.));
#15238 = LINE('',#15239,#15240);
#15239 = CARTESIAN_POINT('',(2.83349882348,-3.39,1.));
#15240 = VECTOR('',#15241,1.);
#15241 = DIRECTION('',(-1.,0.,0.));
#15242 = ORIENTED_EDGE('',*,*,#15243,.T.);
#15243 = EDGE_CURVE('',#15236,#15244,#15246,.T.);
#15244 = VERTEX_POINT('',#15245);
#15245 = CARTESIAN_POINT('',(2.65,-3.39,1.15));
#15246 = LINE('',#15247,#15248);
#15247 = CARTESIAN_POINT('',(2.65,-3.39,1.));
#15248 = VECTOR('',#15249,1.);
#15249 = DIRECTION('',(0.,0.,1.));
#15250 = ORIENTED_EDGE('',*,*,#15251,.T.);
#15251 = EDGE_CURVE('',#15244,#15252,#15254,.T.);
#15252 = VERTEX_POINT('',#15253);
#15253 = CARTESIAN_POINT('',(2.83349882348,-3.39,1.15));
#15254 = LINE('',#15255,#15256);
#15255 = CARTESIAN_POINT('',(2.65,-3.39,1.15));
#15256 = VECTOR('',#15257,1.);
#15257 = DIRECTION('',(1.,0.,0.));
#15258 = ORIENTED_EDGE('',*,*,#15259,.F.);
#15259 = EDGE_CURVE('',#15260,#15252,#15262,.T.);
#15260 = VERTEX_POINT('',#15261);
#15261 = CARTESIAN_POINT('',(3.138789226914,-3.39,0.893830935077));
#15262 = CIRCLE('',#15263,0.31);
#15263 = AXIS2_PLACEMENT_3D('',#15264,#15265,#15266);
#15264 = CARTESIAN_POINT('',(2.83349882348,-3.39,0.84));
#15265 = DIRECTION('',(0.,-1.,0.));
#15266 = DIRECTION('',(0.984807753012,0.,0.173648177667));
#15267 = ORIENTED_EDGE('',*,*,#15268,.F.);
#15268 = EDGE_CURVE('',#15269,#15260,#15271,.T.);
#15269 = VERTEX_POINT('',#15270);
#15270 = CARTESIAN_POINT('',(3.24663339036,-3.39,0.282216291573));
#15271 = LINE('',#15272,#15273);
#15272 = CARTESIAN_POINT('',(3.24663339036,-3.39,0.282216291573));
#15273 = VECTOR('',#15274,1.);
#15274 = DIRECTION('',(-0.173648177667,0.,0.984807753012));
#15275 = ORIENTED_EDGE('',*,*,#15276,.F.);
#15276 = EDGE_CURVE('',#15277,#15269,#15279,.T.);
#15277 = VERTEX_POINT('',#15278);
#15278 = CARTESIAN_POINT('',(3.404202630842,-3.39,0.15));
#15279 = CIRCLE('',#15280,0.16);
#15280 = AXIS2_PLACEMENT_3D('',#15281,#15282,#15283);
#15281 = CARTESIAN_POINT('',(3.404202630842,-3.39,0.31));
#15282 = DIRECTION('',(0.,1.,0.));
#15283 = DIRECTION('',(0.,0.,-1.));
#15284 = ORIENTED_EDGE('',*,*,#15285,.T.);
#15285 = EDGE_CURVE('',#15277,#15286,#15288,.T.);
#15286 = VERTEX_POINT('',#15287);
#15287 = CARTESIAN_POINT('',(3.9,-3.39,0.15));
#15288 = LINE('',#15289,#15290);
#15289 = CARTESIAN_POINT('',(3.404202630842,-3.39,0.15));
#15290 = VECTOR('',#15291,1.);
#15291 = DIRECTION('',(1.,0.,0.));
#15292 = ORIENTED_EDGE('',*,*,#15293,.T.);
#15293 = EDGE_CURVE('',#15286,#15294,#15296,.T.);
#15294 = VERTEX_POINT('',#15295);
#15295 = CARTESIAN_POINT('',(3.9,-3.39,0.));
#15296 = LINE('',#15297,#15298);
#15297 = CARTESIAN_POINT('',(3.9,-3.39,0.15));
#15298 = VECTOR('',#15299,1.);
#15299 = DIRECTION('',(0.,0.,-1.));
#15300 = ORIENTED_EDGE('',*,*,#15301,.T.);
#15301 = EDGE_CURVE('',#15294,#15302,#15304,.T.);
#15302 = VERTEX_POINT('',#15303);
#15303 = CARTESIAN_POINT('',(3.404202630842,-3.39,0.));
#15304 = LINE('',#15305,#15306);
#15305 = CARTESIAN_POINT('',(3.9,-3.39,0.));
#15306 = VECTOR('',#15307,1.);
#15307 = DIRECTION('',(-1.,0.,0.));
#15308 = ORIENTED_EDGE('',*,*,#15309,.F.);
#15309 = EDGE_CURVE('',#15219,#15302,#15310,.T.);
#15310 = CIRCLE('',#15311,0.31);
#15311 = AXIS2_PLACEMENT_3D('',#15312,#15313,#15314);
#15312 = CARTESIAN_POINT('',(3.404202630842,-3.39,0.31));
#15313 = DIRECTION('',(0.,-1.,0.));
#15314 = DIRECTION('',(-0.984807753012,-0.,-0.173648177667));
#15315 = PLANE('',#15316);
#15316 = AXIS2_PLACEMENT_3D('',#15317,#15318,#15319);
#15317 = CARTESIAN_POINT('',(3.1,-3.39,0.25));
#15318 = DIRECTION('',(0.,1.,0.));
#15319 = DIRECTION('',(-1.,0.,0.));
#15320 = ADVANCED_FACE('',(#15321),#15346,.T.);
#15321 = FACE_BOUND('',#15322,.F.);
#15322 = EDGE_LOOP('',(#15323,#15333,#15339,#15340));
#15323 = ORIENTED_EDGE('',*,*,#15324,.T.);
#15324 = EDGE_CURVE('',#15325,#15327,#15329,.T.);
#15325 = VERTEX_POINT('',#15326);
#15326 = CARTESIAN_POINT('',(3.098912227408,-2.96,0.256169064923));
#15327 = VERTEX_POINT('',#15328);
#15328 = CARTESIAN_POINT('',(2.991068063962,-2.96,0.867783708427));
#15329 = LINE('',#15330,#15331);
#15330 = CARTESIAN_POINT('',(3.098912227408,-2.96,0.256169064923));
#15331 = VECTOR('',#15332,1.);
#15332 = DIRECTION('',(-0.173648177667,0.,0.984807753012));
#15333 = ORIENTED_EDGE('',*,*,#15334,.F.);
#15334 = EDGE_CURVE('',#15217,#15327,#15335,.T.);
#15335 = LINE('',#15336,#15337);
#15336 = CARTESIAN_POINT('',(2.991068063962,-3.39,0.867783708427));
#15337 = VECTOR('',#15338,1.);
#15338 = DIRECTION('',(0.,1.,0.));
#15339 = ORIENTED_EDGE('',*,*,#15216,.T.);
#15340 = ORIENTED_EDGE('',*,*,#15341,.T.);
#15341 = EDGE_CURVE('',#15219,#15325,#15342,.T.);
#15342 = LINE('',#15343,#15344);
#15343 = CARTESIAN_POINT('',(3.098912227408,-3.39,0.256169064923));
#15344 = VECTOR('',#15345,1.);
#15345 = DIRECTION('',(0.,1.,0.));
#15346 = PLANE('',#15347);
#15347 = AXIS2_PLACEMENT_3D('',#15348,#15349,#15350);
#15348 = CARTESIAN_POINT('',(3.144081745177,-3.39,0.));
#15349 = DIRECTION('',(-0.984807753012,0.,-0.173648177667));
#15350 = DIRECTION('',(-0.173648177667,0.,0.984807753012));
#15351 = ADVANCED_FACE('',(#15352),#15445,.T.);
#15352 = FACE_BOUND('',#15353,.F.);
#15353 = EDGE_LOOP('',(#15354,#15364,#15373,#15381,#15389,#15397,#15404,
    #15405,#15414,#15422,#15430,#15438));
#15354 = ORIENTED_EDGE('',*,*,#15355,.F.);
#15355 = EDGE_CURVE('',#15356,#15358,#15360,.T.);
#15356 = VERTEX_POINT('',#15357);
#15357 = CARTESIAN_POINT('',(3.138789226914,-2.96,0.893830935077));
#15358 = VERTEX_POINT('',#15359);
#15359 = CARTESIAN_POINT('',(3.24663339036,-2.96,0.282216291573));
#15360 = LINE('',#15361,#15362);
#15361 = CARTESIAN_POINT('',(3.138789226914,-2.96,0.893830935077));
#15362 = VECTOR('',#15363,1.);
#15363 = DIRECTION('',(0.173648177667,0.,-0.984807753012));
#15364 = ORIENTED_EDGE('',*,*,#15365,.T.);
#15365 = EDGE_CURVE('',#15356,#15366,#15368,.T.);
#15366 = VERTEX_POINT('',#15367);
#15367 = CARTESIAN_POINT('',(2.83349882348,-2.96,1.15));
#15368 = CIRCLE('',#15369,0.31);
#15369 = AXIS2_PLACEMENT_3D('',#15370,#15371,#15372);
#15370 = CARTESIAN_POINT('',(2.83349882348,-2.96,0.84));
#15371 = DIRECTION('',(0.,-1.,0.));
#15372 = DIRECTION('',(0.984807753012,0.,0.173648177667));
#15373 = ORIENTED_EDGE('',*,*,#15374,.F.);
#15374 = EDGE_CURVE('',#15375,#15366,#15377,.T.);
#15375 = VERTEX_POINT('',#15376);
#15376 = CARTESIAN_POINT('',(2.65,-2.96,1.15));
#15377 = LINE('',#15378,#15379);
#15378 = CARTESIAN_POINT('',(2.65,-2.96,1.15));
#15379 = VECTOR('',#15380,1.);
#15380 = DIRECTION('',(1.,0.,0.));
#15381 = ORIENTED_EDGE('',*,*,#15382,.F.);
#15382 = EDGE_CURVE('',#15383,#15375,#15385,.T.);
#15383 = VERTEX_POINT('',#15384);
#15384 = CARTESIAN_POINT('',(2.65,-2.96,1.));
#15385 = LINE('',#15386,#15387);
#15386 = CARTESIAN_POINT('',(2.65,-2.96,1.));
#15387 = VECTOR('',#15388,1.);
#15388 = DIRECTION('',(0.,0.,1.));
#15389 = ORIENTED_EDGE('',*,*,#15390,.F.);
#15390 = EDGE_CURVE('',#15391,#15383,#15393,.T.);
#15391 = VERTEX_POINT('',#15392);
#15392 = CARTESIAN_POINT('',(2.83349882348,-2.96,1.));
#15393 = LINE('',#15394,#15395);
#15394 = CARTESIAN_POINT('',(2.83349882348,-2.96,1.));
#15395 = VECTOR('',#15396,1.);
#15396 = DIRECTION('',(-1.,0.,0.));
#15397 = ORIENTED_EDGE('',*,*,#15398,.T.);
#15398 = EDGE_CURVE('',#15391,#15327,#15399,.T.);
#15399 = CIRCLE('',#15400,0.16);
#15400 = AXIS2_PLACEMENT_3D('',#15401,#15402,#15403);
#15401 = CARTESIAN_POINT('',(2.83349882348,-2.96,0.84));
#15402 = DIRECTION('',(0.,1.,0.));
#15403 = DIRECTION('',(0.,0.,1.));
#15404 = ORIENTED_EDGE('',*,*,#15324,.F.);
#15405 = ORIENTED_EDGE('',*,*,#15406,.T.);
#15406 = EDGE_CURVE('',#15325,#15407,#15409,.T.);
#15407 = VERTEX_POINT('',#15408);
#15408 = CARTESIAN_POINT('',(3.404202630842,-2.96,0.));
#15409 = CIRCLE('',#15410,0.31);
#15410 = AXIS2_PLACEMENT_3D('',#15411,#15412,#15413);
#15411 = CARTESIAN_POINT('',(3.404202630842,-2.96,0.31));
#15412 = DIRECTION('',(0.,-1.,0.));
#15413 = DIRECTION('',(-0.984807753012,-0.,-0.173648177667));
#15414 = ORIENTED_EDGE('',*,*,#15415,.F.);
#15415 = EDGE_CURVE('',#15416,#15407,#15418,.T.);
#15416 = VERTEX_POINT('',#15417);
#15417 = CARTESIAN_POINT('',(3.9,-2.96,0.));
#15418 = LINE('',#15419,#15420);
#15419 = CARTESIAN_POINT('',(3.9,-2.96,0.));
#15420 = VECTOR('',#15421,1.);
#15421 = DIRECTION('',(-1.,0.,0.));
#15422 = ORIENTED_EDGE('',*,*,#15423,.F.);
#15423 = EDGE_CURVE('',#15424,#15416,#15426,.T.);
#15424 = VERTEX_POINT('',#15425);
#15425 = CARTESIAN_POINT('',(3.9,-2.96,0.15));
#15426 = LINE('',#15427,#15428);
#15427 = CARTESIAN_POINT('',(3.9,-2.96,0.15));
#15428 = VECTOR('',#15429,1.);
#15429 = DIRECTION('',(0.,0.,-1.));
#15430 = ORIENTED_EDGE('',*,*,#15431,.F.);
#15431 = EDGE_CURVE('',#15432,#15424,#15434,.T.);
#15432 = VERTEX_POINT('',#15433);
#15433 = CARTESIAN_POINT('',(3.404202630842,-2.96,0.15));
#15434 = LINE('',#15435,#15436);
#15435 = CARTESIAN_POINT('',(3.404202630842,-2.96,0.15));
#15436 = VECTOR('',#15437,1.);
#15437 = DIRECTION('',(1.,0.,0.));
#15438 = ORIENTED_EDGE('',*,*,#15439,.T.);
#15439 = EDGE_CURVE('',#15432,#15358,#15440,.T.);
#15440 = CIRCLE('',#15441,0.16);
#15441 = AXIS2_PLACEMENT_3D('',#15442,#15443,#15444);
#15442 = CARTESIAN_POINT('',(3.404202630842,-2.96,0.31));
#15443 = DIRECTION('',(0.,1.,0.));
#15444 = DIRECTION('',(0.,0.,-1.));
#15445 = PLANE('',#15446);
#15446 = AXIS2_PLACEMENT_3D('',#15447,#15448,#15449);
#15447 = CARTESIAN_POINT('',(3.1,-2.96,0.25));
#15448 = DIRECTION('',(0.,1.,0.));
#15449 = DIRECTION('',(-1.,0.,0.));
#15450 = ADVANCED_FACE('',(#15451),#15467,.T.);
#15451 = FACE_BOUND('',#15452,.F.);
#15452 = EDGE_LOOP('',(#15453,#15454,#15460,#15461));
#15453 = ORIENTED_EDGE('',*,*,#15268,.T.);
#15454 = ORIENTED_EDGE('',*,*,#15455,.T.);
#15455 = EDGE_CURVE('',#15260,#15356,#15456,.T.);
#15456 = LINE('',#15457,#15458);
#15457 = CARTESIAN_POINT('',(3.138789226914,-3.39,0.893830935077));
#15458 = VECTOR('',#15459,1.);
#15459 = DIRECTION('',(0.,1.,0.));
#15460 = ORIENTED_EDGE('',*,*,#15355,.T.);
#15461 = ORIENTED_EDGE('',*,*,#15462,.F.);
#15462 = EDGE_CURVE('',#15269,#15358,#15463,.T.);
#15463 = LINE('',#15464,#15465);
#15464 = CARTESIAN_POINT('',(3.24663339036,-3.39,0.282216291573));
#15465 = VECTOR('',#15466,1.);
#15466 = DIRECTION('',(0.,1.,0.));
#15467 = PLANE('',#15468);
#15468 = AXIS2_PLACEMENT_3D('',#15469,#15470,#15471);
#15469 = CARTESIAN_POINT('',(3.247721162952,-3.39,0.27604722665));
#15470 = DIRECTION('',(0.984807753012,0.,0.173648177667));
#15471 = DIRECTION('',(0.173648177667,0.,-0.984807753012));
#15472 = ADVANCED_FACE('',(#15473),#15484,.T.);
#15473 = FACE_BOUND('',#15474,.T.);
#15474 = EDGE_LOOP('',(#15475,#15476,#15482,#15483));
#15475 = ORIENTED_EDGE('',*,*,#15365,.T.);
#15476 = ORIENTED_EDGE('',*,*,#15477,.F.);
#15477 = EDGE_CURVE('',#15252,#15366,#15478,.T.);
#15478 = LINE('',#15479,#15480);
#15479 = CARTESIAN_POINT('',(2.83349882348,-3.39,1.15));
#15480 = VECTOR('',#15481,1.);
#15481 = DIRECTION('',(0.,1.,0.));
#15482 = ORIENTED_EDGE('',*,*,#15259,.F.);
#15483 = ORIENTED_EDGE('',*,*,#15455,.T.);
#15484 = CYLINDRICAL_SURFACE('',#15485,0.31);
#15485 = AXIS2_PLACEMENT_3D('',#15486,#15487,#15488);
#15486 = CARTESIAN_POINT('',(2.83349882348,-3.39,0.84));
#15487 = DIRECTION('',(0.,-1.,0.));
#15488 = DIRECTION('',(0.984807753012,0.,0.173648177667));
#15489 = ADVANCED_FACE('',(#15490),#15501,.T.);
#15490 = FACE_BOUND('',#15491,.F.);
#15491 = EDGE_LOOP('',(#15492,#15493,#15499,#15500));
#15492 = ORIENTED_EDGE('',*,*,#15251,.F.);
#15493 = ORIENTED_EDGE('',*,*,#15494,.T.);
#15494 = EDGE_CURVE('',#15244,#15375,#15495,.T.);
#15495 = LINE('',#15496,#15497);
#15496 = CARTESIAN_POINT('',(2.65,-3.39,1.15));
#15497 = VECTOR('',#15498,1.);
#15498 = DIRECTION('',(0.,1.,0.));
#15499 = ORIENTED_EDGE('',*,*,#15374,.T.);
#15500 = ORIENTED_EDGE('',*,*,#15477,.F.);
#15501 = PLANE('',#15502);
#15502 = AXIS2_PLACEMENT_3D('',#15503,#15504,#15505);
#15503 = CARTESIAN_POINT('',(2.65,-3.39,1.15));
#15504 = DIRECTION('',(0.,0.,1.));
#15505 = DIRECTION('',(1.,0.,0.));
#15506 = ADVANCED_FACE('',(#15507),#15518,.T.);
#15507 = FACE_BOUND('',#15508,.F.);
#15508 = EDGE_LOOP('',(#15509,#15510,#15516,#15517));
#15509 = ORIENTED_EDGE('',*,*,#15243,.F.);
#15510 = ORIENTED_EDGE('',*,*,#15511,.T.);
#15511 = EDGE_CURVE('',#15236,#15383,#15512,.T.);
#15512 = LINE('',#15513,#15514);
#15513 = CARTESIAN_POINT('',(2.65,-3.39,1.));
#15514 = VECTOR('',#15515,1.);
#15515 = DIRECTION('',(0.,1.,0.));
#15516 = ORIENTED_EDGE('',*,*,#15382,.T.);
#15517 = ORIENTED_EDGE('',*,*,#15494,.F.);
#15518 = PLANE('',#15519);
#15519 = AXIS2_PLACEMENT_3D('',#15520,#15521,#15522);
#15520 = CARTESIAN_POINT('',(2.65,-3.39,1.));
#15521 = DIRECTION('',(-1.,0.,0.));
#15522 = DIRECTION('',(0.,0.,1.));
#15523 = ADVANCED_FACE('',(#15524),#15535,.T.);
#15524 = FACE_BOUND('',#15525,.F.);
#15525 = EDGE_LOOP('',(#15526,#15527,#15533,#15534));
#15526 = ORIENTED_EDGE('',*,*,#15235,.F.);
#15527 = ORIENTED_EDGE('',*,*,#15528,.T.);
#15528 = EDGE_CURVE('',#15227,#15391,#15529,.T.);
#15529 = LINE('',#15530,#15531);
#15530 = CARTESIAN_POINT('',(2.83349882348,-3.39,1.));
#15531 = VECTOR('',#15532,1.);
#15532 = DIRECTION('',(0.,1.,0.));
#15533 = ORIENTED_EDGE('',*,*,#15390,.T.);
#15534 = ORIENTED_EDGE('',*,*,#15511,.F.);
#15535 = PLANE('',#15536);
#15536 = AXIS2_PLACEMENT_3D('',#15537,#15538,#15539);
#15537 = CARTESIAN_POINT('',(2.967754764469,-3.39,1.));
#15538 = DIRECTION('',(0.,0.,-1.));
#15539 = DIRECTION('',(-1.,0.,0.));
#15540 = ADVANCED_FACE('',(#15541),#15547,.F.);
#15541 = FACE_BOUND('',#15542,.F.);
#15542 = EDGE_LOOP('',(#15543,#15544,#15545,#15546));
#15543 = ORIENTED_EDGE('',*,*,#15528,.F.);
#15544 = ORIENTED_EDGE('',*,*,#15226,.T.);
#15545 = ORIENTED_EDGE('',*,*,#15334,.T.);
#15546 = ORIENTED_EDGE('',*,*,#15398,.F.);
#15547 = CYLINDRICAL_SURFACE('',#15548,0.16);
#15548 = AXIS2_PLACEMENT_3D('',#15549,#15550,#15551);
#15549 = CARTESIAN_POINT('',(2.83349882348,-3.39,0.84));
#15550 = DIRECTION('',(0.,1.,0.));
#15551 = DIRECTION('',(0.,0.,1.));
#15552 = ADVANCED_FACE('',(#15553),#15564,.F.);
#15553 = FACE_BOUND('',#15554,.F.);
#15554 = EDGE_LOOP('',(#15555,#15561,#15562,#15563));
#15555 = ORIENTED_EDGE('',*,*,#15556,.F.);
#15556 = EDGE_CURVE('',#15277,#15432,#15557,.T.);
#15557 = LINE('',#15558,#15559);
#15558 = CARTESIAN_POINT('',(3.404202630842,-3.39,0.15));
#15559 = VECTOR('',#15560,1.);
#15560 = DIRECTION('',(0.,1.,0.));
#15561 = ORIENTED_EDGE('',*,*,#15276,.T.);
#15562 = ORIENTED_EDGE('',*,*,#15462,.T.);
#15563 = ORIENTED_EDGE('',*,*,#15439,.F.);
#15564 = CYLINDRICAL_SURFACE('',#15565,0.16);
#15565 = AXIS2_PLACEMENT_3D('',#15566,#15567,#15568);
#15566 = CARTESIAN_POINT('',(3.404202630842,-3.39,0.31));
#15567 = DIRECTION('',(0.,1.,0.));
#15568 = DIRECTION('',(0.,0.,-1.));
#15569 = ADVANCED_FACE('',(#15570),#15581,.T.);
#15570 = FACE_BOUND('',#15571,.F.);
#15571 = EDGE_LOOP('',(#15572,#15573,#15574,#15575));
#15572 = ORIENTED_EDGE('',*,*,#15285,.F.);
#15573 = ORIENTED_EDGE('',*,*,#15556,.T.);
#15574 = ORIENTED_EDGE('',*,*,#15431,.T.);
#15575 = ORIENTED_EDGE('',*,*,#15576,.F.);
#15576 = EDGE_CURVE('',#15286,#15424,#15577,.T.);
#15577 = LINE('',#15578,#15579);
#15578 = CARTESIAN_POINT('',(3.9,-3.39,0.15));
#15579 = VECTOR('',#15580,1.);
#15580 = DIRECTION('',(0.,1.,0.));
#15581 = PLANE('',#15582);
#15582 = AXIS2_PLACEMENT_3D('',#15583,#15584,#15585);
#15583 = CARTESIAN_POINT('',(3.269946689854,-3.39,0.15));
#15584 = DIRECTION('',(0.,0.,1.));
#15585 = DIRECTION('',(1.,0.,0.));
#15586 = ADVANCED_FACE('',(#15587),#15598,.T.);
#15587 = FACE_BOUND('',#15588,.F.);
#15588 = EDGE_LOOP('',(#15589,#15590,#15591,#15592));
#15589 = ORIENTED_EDGE('',*,*,#15293,.F.);
#15590 = ORIENTED_EDGE('',*,*,#15576,.T.);
#15591 = ORIENTED_EDGE('',*,*,#15423,.T.);
#15592 = ORIENTED_EDGE('',*,*,#15593,.F.);
#15593 = EDGE_CURVE('',#15294,#15416,#15594,.T.);
#15594 = LINE('',#15595,#15596);
#15595 = CARTESIAN_POINT('',(3.9,-3.39,0.));
#15596 = VECTOR('',#15597,1.);
#15597 = DIRECTION('',(0.,1.,0.));
#15598 = PLANE('',#15599);
#15599 = AXIS2_PLACEMENT_3D('',#15600,#15601,#15602);
#15600 = CARTESIAN_POINT('',(3.9,-3.39,0.15));
#15601 = DIRECTION('',(1.,0.,0.));
#15602 = DIRECTION('',(0.,0.,-1.));
#15603 = ADVANCED_FACE('',(#15604),#15615,.T.);
#15604 = FACE_BOUND('',#15605,.F.);
#15605 = EDGE_LOOP('',(#15606,#15607,#15608,#15609));
#15606 = ORIENTED_EDGE('',*,*,#15301,.F.);
#15607 = ORIENTED_EDGE('',*,*,#15593,.T.);
#15608 = ORIENTED_EDGE('',*,*,#15415,.T.);
#15609 = ORIENTED_EDGE('',*,*,#15610,.F.);
#15610 = EDGE_CURVE('',#15302,#15407,#15611,.T.);
#15611 = LINE('',#15612,#15613);
#15612 = CARTESIAN_POINT('',(3.404202630842,-3.39,0.));
#15613 = VECTOR('',#15614,1.);
#15614 = DIRECTION('',(0.,1.,0.));
#15615 = PLANE('',#15616);
#15616 = AXIS2_PLACEMENT_3D('',#15617,#15618,#15619);
#15617 = CARTESIAN_POINT('',(3.9,-3.39,0.));
#15618 = DIRECTION('',(0.,0.,-1.));
#15619 = DIRECTION('',(-1.,0.,0.));
#15620 = ADVANCED_FACE('',(#15621),#15627,.T.);
#15621 = FACE_BOUND('',#15622,.T.);
#15622 = EDGE_LOOP('',(#15623,#15624,#15625,#15626));
#15623 = ORIENTED_EDGE('',*,*,#15406,.T.);
#15624 = ORIENTED_EDGE('',*,*,#15610,.F.);
#15625 = ORIENTED_EDGE('',*,*,#15309,.F.);
#15626 = ORIENTED_EDGE('',*,*,#15341,.T.);
#15627 = CYLINDRICAL_SURFACE('',#15628,0.31);
#15628 = AXIS2_PLACEMENT_3D('',#15629,#15630,#15631);
#15629 = CARTESIAN_POINT('',(3.404202630842,-3.39,0.31));
#15630 = DIRECTION('',(0.,-1.,0.));
#15631 = DIRECTION('',(-0.984807753012,-0.,-0.173648177667));
#15632 = MANIFOLD_SOLID_BREP('',#15633);
#15633 = CLOSED_SHELL('',(#15634,#15742,#15773,#15872,#15894,#15911,
    #15928,#15945,#15962,#15974,#15991,#16008,#16025,#16042));
#15634 = ADVANCED_FACE('',(#15635),#15737,.F.);
#15635 = FACE_BOUND('',#15636,.F.);
#15636 = EDGE_LOOP('',(#15637,#15647,#15656,#15664,#15672,#15680,#15689,
    #15697,#15706,#15714,#15722,#15730));
#15637 = ORIENTED_EDGE('',*,*,#15638,.F.);
#15638 = EDGE_CURVE('',#15639,#15641,#15643,.T.);
#15639 = VERTEX_POINT('',#15640);
#15640 = CARTESIAN_POINT('',(2.991068063962,-2.12,0.867783708427));
#15641 = VERTEX_POINT('',#15642);
#15642 = CARTESIAN_POINT('',(3.098912227408,-2.12,0.256169064923));
#15643 = LINE('',#15644,#15645);
#15644 = CARTESIAN_POINT('',(2.991068063962,-2.12,0.867783708427));
#15645 = VECTOR('',#15646,1.);
#15646 = DIRECTION('',(0.173648177667,0.,-0.984807753012));
#15647 = ORIENTED_EDGE('',*,*,#15648,.F.);
#15648 = EDGE_CURVE('',#15649,#15639,#15651,.T.);
#15649 = VERTEX_POINT('',#15650);
#15650 = CARTESIAN_POINT('',(2.83349882348,-2.12,1.));
#15651 = CIRCLE('',#15652,0.16);
#15652 = AXIS2_PLACEMENT_3D('',#15653,#15654,#15655);
#15653 = CARTESIAN_POINT('',(2.83349882348,-2.12,0.84));
#15654 = DIRECTION('',(0.,1.,0.));
#15655 = DIRECTION('',(0.,0.,1.));
#15656 = ORIENTED_EDGE('',*,*,#15657,.T.);
#15657 = EDGE_CURVE('',#15649,#15658,#15660,.T.);
#15658 = VERTEX_POINT('',#15659);
#15659 = CARTESIAN_POINT('',(2.65,-2.12,1.));
#15660 = LINE('',#15661,#15662);
#15661 = CARTESIAN_POINT('',(2.83349882348,-2.12,1.));
#15662 = VECTOR('',#15663,1.);
#15663 = DIRECTION('',(-1.,0.,0.));
#15664 = ORIENTED_EDGE('',*,*,#15665,.T.);
#15665 = EDGE_CURVE('',#15658,#15666,#15668,.T.);
#15666 = VERTEX_POINT('',#15667);
#15667 = CARTESIAN_POINT('',(2.65,-2.12,1.15));
#15668 = LINE('',#15669,#15670);
#15669 = CARTESIAN_POINT('',(2.65,-2.12,1.));
#15670 = VECTOR('',#15671,1.);
#15671 = DIRECTION('',(0.,0.,1.));
#15672 = ORIENTED_EDGE('',*,*,#15673,.T.);
#15673 = EDGE_CURVE('',#15666,#15674,#15676,.T.);
#15674 = VERTEX_POINT('',#15675);
#15675 = CARTESIAN_POINT('',(2.83349882348,-2.12,1.15));
#15676 = LINE('',#15677,#15678);
#15677 = CARTESIAN_POINT('',(2.65,-2.12,1.15));
#15678 = VECTOR('',#15679,1.);
#15679 = DIRECTION('',(1.,0.,0.));
#15680 = ORIENTED_EDGE('',*,*,#15681,.F.);
#15681 = EDGE_CURVE('',#15682,#15674,#15684,.T.);
#15682 = VERTEX_POINT('',#15683);
#15683 = CARTESIAN_POINT('',(3.138789226914,-2.12,0.893830935077));
#15684 = CIRCLE('',#15685,0.31);
#15685 = AXIS2_PLACEMENT_3D('',#15686,#15687,#15688);
#15686 = CARTESIAN_POINT('',(2.83349882348,-2.12,0.84));
#15687 = DIRECTION('',(0.,-1.,0.));
#15688 = DIRECTION('',(0.984807753012,0.,0.173648177667));
#15689 = ORIENTED_EDGE('',*,*,#15690,.F.);
#15690 = EDGE_CURVE('',#15691,#15682,#15693,.T.);
#15691 = VERTEX_POINT('',#15692);
#15692 = CARTESIAN_POINT('',(3.24663339036,-2.12,0.282216291573));
#15693 = LINE('',#15694,#15695);
#15694 = CARTESIAN_POINT('',(3.24663339036,-2.12,0.282216291573));
#15695 = VECTOR('',#15696,1.);
#15696 = DIRECTION('',(-0.173648177667,0.,0.984807753012));
#15697 = ORIENTED_EDGE('',*,*,#15698,.F.);
#15698 = EDGE_CURVE('',#15699,#15691,#15701,.T.);
#15699 = VERTEX_POINT('',#15700);
#15700 = CARTESIAN_POINT('',(3.404202630842,-2.12,0.15));
#15701 = CIRCLE('',#15702,0.16);
#15702 = AXIS2_PLACEMENT_3D('',#15703,#15704,#15705);
#15703 = CARTESIAN_POINT('',(3.404202630842,-2.12,0.31));
#15704 = DIRECTION('',(0.,1.,0.));
#15705 = DIRECTION('',(0.,0.,-1.));
#15706 = ORIENTED_EDGE('',*,*,#15707,.T.);
#15707 = EDGE_CURVE('',#15699,#15708,#15710,.T.);
#15708 = VERTEX_POINT('',#15709);
#15709 = CARTESIAN_POINT('',(3.9,-2.12,0.15));
#15710 = LINE('',#15711,#15712);
#15711 = CARTESIAN_POINT('',(3.404202630842,-2.12,0.15));
#15712 = VECTOR('',#15713,1.);
#15713 = DIRECTION('',(1.,0.,0.));
#15714 = ORIENTED_EDGE('',*,*,#15715,.T.);
#15715 = EDGE_CURVE('',#15708,#15716,#15718,.T.);
#15716 = VERTEX_POINT('',#15717);
#15717 = CARTESIAN_POINT('',(3.9,-2.12,0.));
#15718 = LINE('',#15719,#15720);
#15719 = CARTESIAN_POINT('',(3.9,-2.12,0.15));
#15720 = VECTOR('',#15721,1.);
#15721 = DIRECTION('',(0.,0.,-1.));
#15722 = ORIENTED_EDGE('',*,*,#15723,.T.);
#15723 = EDGE_CURVE('',#15716,#15724,#15726,.T.);
#15724 = VERTEX_POINT('',#15725);
#15725 = CARTESIAN_POINT('',(3.404202630842,-2.12,0.));
#15726 = LINE('',#15727,#15728);
#15727 = CARTESIAN_POINT('',(3.9,-2.12,0.));
#15728 = VECTOR('',#15729,1.);
#15729 = DIRECTION('',(-1.,0.,0.));
#15730 = ORIENTED_EDGE('',*,*,#15731,.F.);
#15731 = EDGE_CURVE('',#15641,#15724,#15732,.T.);
#15732 = CIRCLE('',#15733,0.31);
#15733 = AXIS2_PLACEMENT_3D('',#15734,#15735,#15736);
#15734 = CARTESIAN_POINT('',(3.404202630842,-2.12,0.31));
#15735 = DIRECTION('',(0.,-1.,0.));
#15736 = DIRECTION('',(-0.984807753012,-0.,-0.173648177667));
#15737 = PLANE('',#15738);
#15738 = AXIS2_PLACEMENT_3D('',#15739,#15740,#15741);
#15739 = CARTESIAN_POINT('',(3.1,-2.12,0.25));
#15740 = DIRECTION('',(0.,1.,0.));
#15741 = DIRECTION('',(-1.,0.,0.));
#15742 = ADVANCED_FACE('',(#15743),#15768,.T.);
#15743 = FACE_BOUND('',#15744,.F.);
#15744 = EDGE_LOOP('',(#15745,#15755,#15761,#15762));
#15745 = ORIENTED_EDGE('',*,*,#15746,.T.);
#15746 = EDGE_CURVE('',#15747,#15749,#15751,.T.);
#15747 = VERTEX_POINT('',#15748);
#15748 = CARTESIAN_POINT('',(3.098912227408,-1.69,0.256169064923));
#15749 = VERTEX_POINT('',#15750);
#15750 = CARTESIAN_POINT('',(2.991068063962,-1.69,0.867783708427));
#15751 = LINE('',#15752,#15753);
#15752 = CARTESIAN_POINT('',(3.098912227408,-1.69,0.256169064923));
#15753 = VECTOR('',#15754,1.);
#15754 = DIRECTION('',(-0.173648177667,0.,0.984807753012));
#15755 = ORIENTED_EDGE('',*,*,#15756,.F.);
#15756 = EDGE_CURVE('',#15639,#15749,#15757,.T.);
#15757 = LINE('',#15758,#15759);
#15758 = CARTESIAN_POINT('',(2.991068063962,-2.12,0.867783708427));
#15759 = VECTOR('',#15760,1.);
#15760 = DIRECTION('',(0.,1.,0.));
#15761 = ORIENTED_EDGE('',*,*,#15638,.T.);
#15762 = ORIENTED_EDGE('',*,*,#15763,.T.);
#15763 = EDGE_CURVE('',#15641,#15747,#15764,.T.);
#15764 = LINE('',#15765,#15766);
#15765 = CARTESIAN_POINT('',(3.098912227408,-2.12,0.256169064923));
#15766 = VECTOR('',#15767,1.);
#15767 = DIRECTION('',(0.,1.,0.));
#15768 = PLANE('',#15769);
#15769 = AXIS2_PLACEMENT_3D('',#15770,#15771,#15772);
#15770 = CARTESIAN_POINT('',(3.144081745177,-2.12,0.));
#15771 = DIRECTION('',(-0.984807753012,0.,-0.173648177667));
#15772 = DIRECTION('',(-0.173648177667,0.,0.984807753012));
#15773 = ADVANCED_FACE('',(#15774),#15867,.T.);
#15774 = FACE_BOUND('',#15775,.F.);
#15775 = EDGE_LOOP('',(#15776,#15786,#15795,#15803,#15811,#15819,#15826,
    #15827,#15836,#15844,#15852,#15860));
#15776 = ORIENTED_EDGE('',*,*,#15777,.F.);
#15777 = EDGE_CURVE('',#15778,#15780,#15782,.T.);
#15778 = VERTEX_POINT('',#15779);
#15779 = CARTESIAN_POINT('',(3.138789226914,-1.69,0.893830935077));
#15780 = VERTEX_POINT('',#15781);
#15781 = CARTESIAN_POINT('',(3.24663339036,-1.69,0.282216291573));
#15782 = LINE('',#15783,#15784);
#15783 = CARTESIAN_POINT('',(3.138789226914,-1.69,0.893830935077));
#15784 = VECTOR('',#15785,1.);
#15785 = DIRECTION('',(0.173648177667,0.,-0.984807753012));
#15786 = ORIENTED_EDGE('',*,*,#15787,.T.);
#15787 = EDGE_CURVE('',#15778,#15788,#15790,.T.);
#15788 = VERTEX_POINT('',#15789);
#15789 = CARTESIAN_POINT('',(2.83349882348,-1.69,1.15));
#15790 = CIRCLE('',#15791,0.31);
#15791 = AXIS2_PLACEMENT_3D('',#15792,#15793,#15794);
#15792 = CARTESIAN_POINT('',(2.83349882348,-1.69,0.84));
#15793 = DIRECTION('',(0.,-1.,0.));
#15794 = DIRECTION('',(0.984807753012,0.,0.173648177667));
#15795 = ORIENTED_EDGE('',*,*,#15796,.F.);
#15796 = EDGE_CURVE('',#15797,#15788,#15799,.T.);
#15797 = VERTEX_POINT('',#15798);
#15798 = CARTESIAN_POINT('',(2.65,-1.69,1.15));
#15799 = LINE('',#15800,#15801);
#15800 = CARTESIAN_POINT('',(2.65,-1.69,1.15));
#15801 = VECTOR('',#15802,1.);
#15802 = DIRECTION('',(1.,0.,0.));
#15803 = ORIENTED_EDGE('',*,*,#15804,.F.);
#15804 = EDGE_CURVE('',#15805,#15797,#15807,.T.);
#15805 = VERTEX_POINT('',#15806);
#15806 = CARTESIAN_POINT('',(2.65,-1.69,1.));
#15807 = LINE('',#15808,#15809);
#15808 = CARTESIAN_POINT('',(2.65,-1.69,1.));
#15809 = VECTOR('',#15810,1.);
#15810 = DIRECTION('',(0.,0.,1.));
#15811 = ORIENTED_EDGE('',*,*,#15812,.F.);
#15812 = EDGE_CURVE('',#15813,#15805,#15815,.T.);
#15813 = VERTEX_POINT('',#15814);
#15814 = CARTESIAN_POINT('',(2.83349882348,-1.69,1.));
#15815 = LINE('',#15816,#15817);
#15816 = CARTESIAN_POINT('',(2.83349882348,-1.69,1.));
#15817 = VECTOR('',#15818,1.);
#15818 = DIRECTION('',(-1.,0.,0.));
#15819 = ORIENTED_EDGE('',*,*,#15820,.T.);
#15820 = EDGE_CURVE('',#15813,#15749,#15821,.T.);
#15821 = CIRCLE('',#15822,0.16);
#15822 = AXIS2_PLACEMENT_3D('',#15823,#15824,#15825);
#15823 = CARTESIAN_POINT('',(2.83349882348,-1.69,0.84));
#15824 = DIRECTION('',(0.,1.,0.));
#15825 = DIRECTION('',(0.,0.,1.));
#15826 = ORIENTED_EDGE('',*,*,#15746,.F.);
#15827 = ORIENTED_EDGE('',*,*,#15828,.T.);
#15828 = EDGE_CURVE('',#15747,#15829,#15831,.T.);
#15829 = VERTEX_POINT('',#15830);
#15830 = CARTESIAN_POINT('',(3.404202630842,-1.69,0.));
#15831 = CIRCLE('',#15832,0.31);
#15832 = AXIS2_PLACEMENT_3D('',#15833,#15834,#15835);
#15833 = CARTESIAN_POINT('',(3.404202630842,-1.69,0.31));
#15834 = DIRECTION('',(0.,-1.,0.));
#15835 = DIRECTION('',(-0.984807753012,-0.,-0.173648177667));
#15836 = ORIENTED_EDGE('',*,*,#15837,.F.);
#15837 = EDGE_CURVE('',#15838,#15829,#15840,.T.);
#15838 = VERTEX_POINT('',#15839);
#15839 = CARTESIAN_POINT('',(3.9,-1.69,0.));
#15840 = LINE('',#15841,#15842);
#15841 = CARTESIAN_POINT('',(3.9,-1.69,0.));
#15842 = VECTOR('',#15843,1.);
#15843 = DIRECTION('',(-1.,0.,0.));
#15844 = ORIENTED_EDGE('',*,*,#15845,.F.);
#15845 = EDGE_CURVE('',#15846,#15838,#15848,.T.);
#15846 = VERTEX_POINT('',#15847);
#15847 = CARTESIAN_POINT('',(3.9,-1.69,0.15));
#15848 = LINE('',#15849,#15850);
#15849 = CARTESIAN_POINT('',(3.9,-1.69,0.15));
#15850 = VECTOR('',#15851,1.);
#15851 = DIRECTION('',(0.,0.,-1.));
#15852 = ORIENTED_EDGE('',*,*,#15853,.F.);
#15853 = EDGE_CURVE('',#15854,#15846,#15856,.T.);
#15854 = VERTEX_POINT('',#15855);
#15855 = CARTESIAN_POINT('',(3.404202630842,-1.69,0.15));
#15856 = LINE('',#15857,#15858);
#15857 = CARTESIAN_POINT('',(3.404202630842,-1.69,0.15));
#15858 = VECTOR('',#15859,1.);
#15859 = DIRECTION('',(1.,0.,0.));
#15860 = ORIENTED_EDGE('',*,*,#15861,.T.);
#15861 = EDGE_CURVE('',#15854,#15780,#15862,.T.);
#15862 = CIRCLE('',#15863,0.16);
#15863 = AXIS2_PLACEMENT_3D('',#15864,#15865,#15866);
#15864 = CARTESIAN_POINT('',(3.404202630842,-1.69,0.31));
#15865 = DIRECTION('',(0.,1.,0.));
#15866 = DIRECTION('',(0.,0.,-1.));
#15867 = PLANE('',#15868);
#15868 = AXIS2_PLACEMENT_3D('',#15869,#15870,#15871);
#15869 = CARTESIAN_POINT('',(3.1,-1.69,0.25));
#15870 = DIRECTION('',(0.,1.,0.));
#15871 = DIRECTION('',(-1.,0.,0.));
#15872 = ADVANCED_FACE('',(#15873),#15889,.T.);
#15873 = FACE_BOUND('',#15874,.F.);
#15874 = EDGE_LOOP('',(#15875,#15876,#15882,#15883));
#15875 = ORIENTED_EDGE('',*,*,#15690,.T.);
#15876 = ORIENTED_EDGE('',*,*,#15877,.T.);
#15877 = EDGE_CURVE('',#15682,#15778,#15878,.T.);
#15878 = LINE('',#15879,#15880);
#15879 = CARTESIAN_POINT('',(3.138789226914,-2.12,0.893830935077));
#15880 = VECTOR('',#15881,1.);
#15881 = DIRECTION('',(0.,1.,0.));
#15882 = ORIENTED_EDGE('',*,*,#15777,.T.);
#15883 = ORIENTED_EDGE('',*,*,#15884,.F.);
#15884 = EDGE_CURVE('',#15691,#15780,#15885,.T.);
#15885 = LINE('',#15886,#15887);
#15886 = CARTESIAN_POINT('',(3.24663339036,-2.12,0.282216291573));
#15887 = VECTOR('',#15888,1.);
#15888 = DIRECTION('',(0.,1.,0.));
#15889 = PLANE('',#15890);
#15890 = AXIS2_PLACEMENT_3D('',#15891,#15892,#15893);
#15891 = CARTESIAN_POINT('',(3.247721162952,-2.12,0.27604722665));
#15892 = DIRECTION('',(0.984807753012,0.,0.173648177667));
#15893 = DIRECTION('',(0.173648177667,0.,-0.984807753012));
#15894 = ADVANCED_FACE('',(#15895),#15906,.T.);
#15895 = FACE_BOUND('',#15896,.T.);
#15896 = EDGE_LOOP('',(#15897,#15898,#15904,#15905));
#15897 = ORIENTED_EDGE('',*,*,#15787,.T.);
#15898 = ORIENTED_EDGE('',*,*,#15899,.F.);
#15899 = EDGE_CURVE('',#15674,#15788,#15900,.T.);
#15900 = LINE('',#15901,#15902);
#15901 = CARTESIAN_POINT('',(2.83349882348,-2.12,1.15));
#15902 = VECTOR('',#15903,1.);
#15903 = DIRECTION('',(0.,1.,0.));
#15904 = ORIENTED_EDGE('',*,*,#15681,.F.);
#15905 = ORIENTED_EDGE('',*,*,#15877,.T.);
#15906 = CYLINDRICAL_SURFACE('',#15907,0.31);
#15907 = AXIS2_PLACEMENT_3D('',#15908,#15909,#15910);
#15908 = CARTESIAN_POINT('',(2.83349882348,-2.12,0.84));
#15909 = DIRECTION('',(0.,-1.,0.));
#15910 = DIRECTION('',(0.984807753012,0.,0.173648177667));
#15911 = ADVANCED_FACE('',(#15912),#15923,.T.);
#15912 = FACE_BOUND('',#15913,.F.);
#15913 = EDGE_LOOP('',(#15914,#15915,#15921,#15922));
#15914 = ORIENTED_EDGE('',*,*,#15673,.F.);
#15915 = ORIENTED_EDGE('',*,*,#15916,.T.);
#15916 = EDGE_CURVE('',#15666,#15797,#15917,.T.);
#15917 = LINE('',#15918,#15919);
#15918 = CARTESIAN_POINT('',(2.65,-2.12,1.15));
#15919 = VECTOR('',#15920,1.);
#15920 = DIRECTION('',(0.,1.,0.));
#15921 = ORIENTED_EDGE('',*,*,#15796,.T.);
#15922 = ORIENTED_EDGE('',*,*,#15899,.F.);
#15923 = PLANE('',#15924);
#15924 = AXIS2_PLACEMENT_3D('',#15925,#15926,#15927);
#15925 = CARTESIAN_POINT('',(2.65,-2.12,1.15));
#15926 = DIRECTION('',(0.,0.,1.));
#15927 = DIRECTION('',(1.,0.,0.));
#15928 = ADVANCED_FACE('',(#15929),#15940,.T.);
#15929 = FACE_BOUND('',#15930,.F.);
#15930 = EDGE_LOOP('',(#15931,#15932,#15938,#15939));
#15931 = ORIENTED_EDGE('',*,*,#15665,.F.);
#15932 = ORIENTED_EDGE('',*,*,#15933,.T.);
#15933 = EDGE_CURVE('',#15658,#15805,#15934,.T.);
#15934 = LINE('',#15935,#15936);
#15935 = CARTESIAN_POINT('',(2.65,-2.12,1.));
#15936 = VECTOR('',#15937,1.);
#15937 = DIRECTION('',(0.,1.,0.));
#15938 = ORIENTED_EDGE('',*,*,#15804,.T.);
#15939 = ORIENTED_EDGE('',*,*,#15916,.F.);
#15940 = PLANE('',#15941);
#15941 = AXIS2_PLACEMENT_3D('',#15942,#15943,#15944);
#15942 = CARTESIAN_POINT('',(2.65,-2.12,1.));
#15943 = DIRECTION('',(-1.,0.,0.));
#15944 = DIRECTION('',(0.,0.,1.));
#15945 = ADVANCED_FACE('',(#15946),#15957,.T.);
#15946 = FACE_BOUND('',#15947,.F.);
#15947 = EDGE_LOOP('',(#15948,#15949,#15955,#15956));
#15948 = ORIENTED_EDGE('',*,*,#15657,.F.);
#15949 = ORIENTED_EDGE('',*,*,#15950,.T.);
#15950 = EDGE_CURVE('',#15649,#15813,#15951,.T.);
#15951 = LINE('',#15952,#15953);
#15952 = CARTESIAN_POINT('',(2.83349882348,-2.12,1.));
#15953 = VECTOR('',#15954,1.);
#15954 = DIRECTION('',(0.,1.,0.));
#15955 = ORIENTED_EDGE('',*,*,#15812,.T.);
#15956 = ORIENTED_EDGE('',*,*,#15933,.F.);
#15957 = PLANE('',#15958);
#15958 = AXIS2_PLACEMENT_3D('',#15959,#15960,#15961);
#15959 = CARTESIAN_POINT('',(2.967754764469,-2.12,1.));
#15960 = DIRECTION('',(0.,0.,-1.));
#15961 = DIRECTION('',(-1.,0.,0.));
#15962 = ADVANCED_FACE('',(#15963),#15969,.F.);
#15963 = FACE_BOUND('',#15964,.F.);
#15964 = EDGE_LOOP('',(#15965,#15966,#15967,#15968));
#15965 = ORIENTED_EDGE('',*,*,#15950,.F.);
#15966 = ORIENTED_EDGE('',*,*,#15648,.T.);
#15967 = ORIENTED_EDGE('',*,*,#15756,.T.);
#15968 = ORIENTED_EDGE('',*,*,#15820,.F.);
#15969 = CYLINDRICAL_SURFACE('',#15970,0.16);
#15970 = AXIS2_PLACEMENT_3D('',#15971,#15972,#15973);
#15971 = CARTESIAN_POINT('',(2.83349882348,-2.12,0.84));
#15972 = DIRECTION('',(0.,1.,0.));
#15973 = DIRECTION('',(0.,0.,1.));
#15974 = ADVANCED_FACE('',(#15975),#15986,.F.);
#15975 = FACE_BOUND('',#15976,.F.);
#15976 = EDGE_LOOP('',(#15977,#15983,#15984,#15985));
#15977 = ORIENTED_EDGE('',*,*,#15978,.F.);
#15978 = EDGE_CURVE('',#15699,#15854,#15979,.T.);
#15979 = LINE('',#15980,#15981);
#15980 = CARTESIAN_POINT('',(3.404202630842,-2.12,0.15));
#15981 = VECTOR('',#15982,1.);
#15982 = DIRECTION('',(0.,1.,0.));
#15983 = ORIENTED_EDGE('',*,*,#15698,.T.);
#15984 = ORIENTED_EDGE('',*,*,#15884,.T.);
#15985 = ORIENTED_EDGE('',*,*,#15861,.F.);
#15986 = CYLINDRICAL_SURFACE('',#15987,0.16);
#15987 = AXIS2_PLACEMENT_3D('',#15988,#15989,#15990);
#15988 = CARTESIAN_POINT('',(3.404202630842,-2.12,0.31));
#15989 = DIRECTION('',(0.,1.,0.));
#15990 = DIRECTION('',(0.,0.,-1.));
#15991 = ADVANCED_FACE('',(#15992),#16003,.T.);
#15992 = FACE_BOUND('',#15993,.F.);
#15993 = EDGE_LOOP('',(#15994,#15995,#15996,#15997));
#15994 = ORIENTED_EDGE('',*,*,#15707,.F.);
#15995 = ORIENTED_EDGE('',*,*,#15978,.T.);
#15996 = ORIENTED_EDGE('',*,*,#15853,.T.);
#15997 = ORIENTED_EDGE('',*,*,#15998,.F.);
#15998 = EDGE_CURVE('',#15708,#15846,#15999,.T.);
#15999 = LINE('',#16000,#16001);
#16000 = CARTESIAN_POINT('',(3.9,-2.12,0.15));
#16001 = VECTOR('',#16002,1.);
#16002 = DIRECTION('',(0.,1.,0.));
#16003 = PLANE('',#16004);
#16004 = AXIS2_PLACEMENT_3D('',#16005,#16006,#16007);
#16005 = CARTESIAN_POINT('',(3.269946689854,-2.12,0.15));
#16006 = DIRECTION('',(0.,0.,1.));
#16007 = DIRECTION('',(1.,0.,0.));
#16008 = ADVANCED_FACE('',(#16009),#16020,.T.);
#16009 = FACE_BOUND('',#16010,.F.);
#16010 = EDGE_LOOP('',(#16011,#16012,#16013,#16014));
#16011 = ORIENTED_EDGE('',*,*,#15715,.F.);
#16012 = ORIENTED_EDGE('',*,*,#15998,.T.);
#16013 = ORIENTED_EDGE('',*,*,#15845,.T.);
#16014 = ORIENTED_EDGE('',*,*,#16015,.F.);
#16015 = EDGE_CURVE('',#15716,#15838,#16016,.T.);
#16016 = LINE('',#16017,#16018);
#16017 = CARTESIAN_POINT('',(3.9,-2.12,0.));
#16018 = VECTOR('',#16019,1.);
#16019 = DIRECTION('',(0.,1.,0.));
#16020 = PLANE('',#16021);
#16021 = AXIS2_PLACEMENT_3D('',#16022,#16023,#16024);
#16022 = CARTESIAN_POINT('',(3.9,-2.12,0.15));
#16023 = DIRECTION('',(1.,0.,0.));
#16024 = DIRECTION('',(0.,0.,-1.));
#16025 = ADVANCED_FACE('',(#16026),#16037,.T.);
#16026 = FACE_BOUND('',#16027,.F.);
#16027 = EDGE_LOOP('',(#16028,#16029,#16030,#16031));
#16028 = ORIENTED_EDGE('',*,*,#15723,.F.);
#16029 = ORIENTED_EDGE('',*,*,#16015,.T.);
#16030 = ORIENTED_EDGE('',*,*,#15837,.T.);
#16031 = ORIENTED_EDGE('',*,*,#16032,.F.);
#16032 = EDGE_CURVE('',#15724,#15829,#16033,.T.);
#16033 = LINE('',#16034,#16035);
#16034 = CARTESIAN_POINT('',(3.404202630842,-2.12,0.));
#16035 = VECTOR('',#16036,1.);
#16036 = DIRECTION('',(0.,1.,0.));
#16037 = PLANE('',#16038);
#16038 = AXIS2_PLACEMENT_3D('',#16039,#16040,#16041);
#16039 = CARTESIAN_POINT('',(3.9,-2.12,0.));
#16040 = DIRECTION('',(0.,0.,-1.));
#16041 = DIRECTION('',(-1.,0.,0.));
#16042 = ADVANCED_FACE('',(#16043),#16049,.T.);
#16043 = FACE_BOUND('',#16044,.T.);
#16044 = EDGE_LOOP('',(#16045,#16046,#16047,#16048));
#16045 = ORIENTED_EDGE('',*,*,#15828,.T.);
#16046 = ORIENTED_EDGE('',*,*,#16032,.F.);
#16047 = ORIENTED_EDGE('',*,*,#15731,.F.);
#16048 = ORIENTED_EDGE('',*,*,#15763,.T.);
#16049 = CYLINDRICAL_SURFACE('',#16050,0.31);
#16050 = AXIS2_PLACEMENT_3D('',#16051,#16052,#16053);
#16051 = CARTESIAN_POINT('',(3.404202630842,-2.12,0.31));
#16052 = DIRECTION('',(0.,-1.,0.));
#16053 = DIRECTION('',(-0.984807753012,-0.,-0.173648177667));
#16054 = MANIFOLD_SOLID_BREP('',#16055);
#16055 = CLOSED_SHELL('',(#16056,#16164,#16195,#16294,#16316,#16333,
    #16350,#16367,#16384,#16396,#16413,#16430,#16447,#16464));
#16056 = ADVANCED_FACE('',(#16057),#16159,.F.);
#16057 = FACE_BOUND('',#16058,.F.);
#16058 = EDGE_LOOP('',(#16059,#16069,#16078,#16086,#16094,#16102,#16111,
    #16119,#16128,#16136,#16144,#16152));
#16059 = ORIENTED_EDGE('',*,*,#16060,.F.);
#16060 = EDGE_CURVE('',#16061,#16063,#16065,.T.);
#16061 = VERTEX_POINT('',#16062);
#16062 = CARTESIAN_POINT('',(2.991068063962,-0.85,0.867783708427));
#16063 = VERTEX_POINT('',#16064);
#16064 = CARTESIAN_POINT('',(3.098912227408,-0.85,0.256169064923));
#16065 = LINE('',#16066,#16067);
#16066 = CARTESIAN_POINT('',(2.991068063962,-0.85,0.867783708427));
#16067 = VECTOR('',#16068,1.);
#16068 = DIRECTION('',(0.173648177667,0.,-0.984807753012));
#16069 = ORIENTED_EDGE('',*,*,#16070,.F.);
#16070 = EDGE_CURVE('',#16071,#16061,#16073,.T.);
#16071 = VERTEX_POINT('',#16072);
#16072 = CARTESIAN_POINT('',(2.83349882348,-0.85,1.));
#16073 = CIRCLE('',#16074,0.16);
#16074 = AXIS2_PLACEMENT_3D('',#16075,#16076,#16077);
#16075 = CARTESIAN_POINT('',(2.83349882348,-0.85,0.84));
#16076 = DIRECTION('',(0.,1.,0.));
#16077 = DIRECTION('',(0.,0.,1.));
#16078 = ORIENTED_EDGE('',*,*,#16079,.T.);
#16079 = EDGE_CURVE('',#16071,#16080,#16082,.T.);
#16080 = VERTEX_POINT('',#16081);
#16081 = CARTESIAN_POINT('',(2.65,-0.85,1.));
#16082 = LINE('',#16083,#16084);
#16083 = CARTESIAN_POINT('',(2.83349882348,-0.85,1.));
#16084 = VECTOR('',#16085,1.);
#16085 = DIRECTION('',(-1.,0.,0.));
#16086 = ORIENTED_EDGE('',*,*,#16087,.T.);
#16087 = EDGE_CURVE('',#16080,#16088,#16090,.T.);
#16088 = VERTEX_POINT('',#16089);
#16089 = CARTESIAN_POINT('',(2.65,-0.85,1.15));
#16090 = LINE('',#16091,#16092);
#16091 = CARTESIAN_POINT('',(2.65,-0.85,1.));
#16092 = VECTOR('',#16093,1.);
#16093 = DIRECTION('',(0.,0.,1.));
#16094 = ORIENTED_EDGE('',*,*,#16095,.T.);
#16095 = EDGE_CURVE('',#16088,#16096,#16098,.T.);
#16096 = VERTEX_POINT('',#16097);
#16097 = CARTESIAN_POINT('',(2.83349882348,-0.85,1.15));
#16098 = LINE('',#16099,#16100);
#16099 = CARTESIAN_POINT('',(2.65,-0.85,1.15));
#16100 = VECTOR('',#16101,1.);
#16101 = DIRECTION('',(1.,0.,0.));
#16102 = ORIENTED_EDGE('',*,*,#16103,.F.);
#16103 = EDGE_CURVE('',#16104,#16096,#16106,.T.);
#16104 = VERTEX_POINT('',#16105);
#16105 = CARTESIAN_POINT('',(3.138789226914,-0.85,0.893830935077));
#16106 = CIRCLE('',#16107,0.31);
#16107 = AXIS2_PLACEMENT_3D('',#16108,#16109,#16110);
#16108 = CARTESIAN_POINT('',(2.83349882348,-0.85,0.84));
#16109 = DIRECTION('',(0.,-1.,0.));
#16110 = DIRECTION('',(0.984807753012,0.,0.173648177667));
#16111 = ORIENTED_EDGE('',*,*,#16112,.F.);
#16112 = EDGE_CURVE('',#16113,#16104,#16115,.T.);
#16113 = VERTEX_POINT('',#16114);
#16114 = CARTESIAN_POINT('',(3.24663339036,-0.85,0.282216291573));
#16115 = LINE('',#16116,#16117);
#16116 = CARTESIAN_POINT('',(3.24663339036,-0.85,0.282216291573));
#16117 = VECTOR('',#16118,1.);
#16118 = DIRECTION('',(-0.173648177667,0.,0.984807753012));
#16119 = ORIENTED_EDGE('',*,*,#16120,.F.);
#16120 = EDGE_CURVE('',#16121,#16113,#16123,.T.);
#16121 = VERTEX_POINT('',#16122);
#16122 = CARTESIAN_POINT('',(3.404202630842,-0.85,0.15));
#16123 = CIRCLE('',#16124,0.16);
#16124 = AXIS2_PLACEMENT_3D('',#16125,#16126,#16127);
#16125 = CARTESIAN_POINT('',(3.404202630842,-0.85,0.31));
#16126 = DIRECTION('',(0.,1.,0.));
#16127 = DIRECTION('',(0.,0.,-1.));
#16128 = ORIENTED_EDGE('',*,*,#16129,.T.);
#16129 = EDGE_CURVE('',#16121,#16130,#16132,.T.);
#16130 = VERTEX_POINT('',#16131);
#16131 = CARTESIAN_POINT('',(3.9,-0.85,0.15));
#16132 = LINE('',#16133,#16134);
#16133 = CARTESIAN_POINT('',(3.404202630842,-0.85,0.15));
#16134 = VECTOR('',#16135,1.);
#16135 = DIRECTION('',(1.,0.,0.));
#16136 = ORIENTED_EDGE('',*,*,#16137,.T.);
#16137 = EDGE_CURVE('',#16130,#16138,#16140,.T.);
#16138 = VERTEX_POINT('',#16139);
#16139 = CARTESIAN_POINT('',(3.9,-0.85,0.));
#16140 = LINE('',#16141,#16142);
#16141 = CARTESIAN_POINT('',(3.9,-0.85,0.15));
#16142 = VECTOR('',#16143,1.);
#16143 = DIRECTION('',(0.,0.,-1.));
#16144 = ORIENTED_EDGE('',*,*,#16145,.T.);
#16145 = EDGE_CURVE('',#16138,#16146,#16148,.T.);
#16146 = VERTEX_POINT('',#16147);
#16147 = CARTESIAN_POINT('',(3.404202630842,-0.85,0.));
#16148 = LINE('',#16149,#16150);
#16149 = CARTESIAN_POINT('',(3.9,-0.85,0.));
#16150 = VECTOR('',#16151,1.);
#16151 = DIRECTION('',(-1.,0.,0.));
#16152 = ORIENTED_EDGE('',*,*,#16153,.F.);
#16153 = EDGE_CURVE('',#16063,#16146,#16154,.T.);
#16154 = CIRCLE('',#16155,0.31);
#16155 = AXIS2_PLACEMENT_3D('',#16156,#16157,#16158);
#16156 = CARTESIAN_POINT('',(3.404202630842,-0.85,0.31));
#16157 = DIRECTION('',(0.,-1.,0.));
#16158 = DIRECTION('',(-0.984807753012,-0.,-0.173648177667));
#16159 = PLANE('',#16160);
#16160 = AXIS2_PLACEMENT_3D('',#16161,#16162,#16163);
#16161 = CARTESIAN_POINT('',(3.1,-0.85,0.25));
#16162 = DIRECTION('',(0.,1.,0.));
#16163 = DIRECTION('',(-1.,0.,0.));
#16164 = ADVANCED_FACE('',(#16165),#16190,.T.);
#16165 = FACE_BOUND('',#16166,.F.);
#16166 = EDGE_LOOP('',(#16167,#16177,#16183,#16184));
#16167 = ORIENTED_EDGE('',*,*,#16168,.T.);
#16168 = EDGE_CURVE('',#16169,#16171,#16173,.T.);
#16169 = VERTEX_POINT('',#16170);
#16170 = CARTESIAN_POINT('',(3.098912227408,-0.42,0.256169064923));
#16171 = VERTEX_POINT('',#16172);
#16172 = CARTESIAN_POINT('',(2.991068063962,-0.42,0.867783708427));
#16173 = LINE('',#16174,#16175);
#16174 = CARTESIAN_POINT('',(3.098912227408,-0.42,0.256169064923));
#16175 = VECTOR('',#16176,1.);
#16176 = DIRECTION('',(-0.173648177667,0.,0.984807753012));
#16177 = ORIENTED_EDGE('',*,*,#16178,.F.);
#16178 = EDGE_CURVE('',#16061,#16171,#16179,.T.);
#16179 = LINE('',#16180,#16181);
#16180 = CARTESIAN_POINT('',(2.991068063962,-0.85,0.867783708427));
#16181 = VECTOR('',#16182,1.);
#16182 = DIRECTION('',(0.,1.,0.));
#16183 = ORIENTED_EDGE('',*,*,#16060,.T.);
#16184 = ORIENTED_EDGE('',*,*,#16185,.T.);
#16185 = EDGE_CURVE('',#16063,#16169,#16186,.T.);
#16186 = LINE('',#16187,#16188);
#16187 = CARTESIAN_POINT('',(3.098912227408,-0.85,0.256169064923));
#16188 = VECTOR('',#16189,1.);
#16189 = DIRECTION('',(0.,1.,0.));
#16190 = PLANE('',#16191);
#16191 = AXIS2_PLACEMENT_3D('',#16192,#16193,#16194);
#16192 = CARTESIAN_POINT('',(3.144081745177,-0.85,0.));
#16193 = DIRECTION('',(-0.984807753012,0.,-0.173648177667));
#16194 = DIRECTION('',(-0.173648177667,0.,0.984807753012));
#16195 = ADVANCED_FACE('',(#16196),#16289,.T.);
#16196 = FACE_BOUND('',#16197,.F.);
#16197 = EDGE_LOOP('',(#16198,#16208,#16217,#16225,#16233,#16241,#16248,
    #16249,#16258,#16266,#16274,#16282));
#16198 = ORIENTED_EDGE('',*,*,#16199,.F.);
#16199 = EDGE_CURVE('',#16200,#16202,#16204,.T.);
#16200 = VERTEX_POINT('',#16201);
#16201 = CARTESIAN_POINT('',(3.138789226914,-0.42,0.893830935077));
#16202 = VERTEX_POINT('',#16203);
#16203 = CARTESIAN_POINT('',(3.24663339036,-0.42,0.282216291573));
#16204 = LINE('',#16205,#16206);
#16205 = CARTESIAN_POINT('',(3.138789226914,-0.42,0.893830935077));
#16206 = VECTOR('',#16207,1.);
#16207 = DIRECTION('',(0.173648177667,0.,-0.984807753012));
#16208 = ORIENTED_EDGE('',*,*,#16209,.T.);
#16209 = EDGE_CURVE('',#16200,#16210,#16212,.T.);
#16210 = VERTEX_POINT('',#16211);
#16211 = CARTESIAN_POINT('',(2.83349882348,-0.42,1.15));
#16212 = CIRCLE('',#16213,0.31);
#16213 = AXIS2_PLACEMENT_3D('',#16214,#16215,#16216);
#16214 = CARTESIAN_POINT('',(2.83349882348,-0.42,0.84));
#16215 = DIRECTION('',(0.,-1.,0.));
#16216 = DIRECTION('',(0.984807753012,0.,0.173648177667));
#16217 = ORIENTED_EDGE('',*,*,#16218,.F.);
#16218 = EDGE_CURVE('',#16219,#16210,#16221,.T.);
#16219 = VERTEX_POINT('',#16220);
#16220 = CARTESIAN_POINT('',(2.65,-0.42,1.15));
#16221 = LINE('',#16222,#16223);
#16222 = CARTESIAN_POINT('',(2.65,-0.42,1.15));
#16223 = VECTOR('',#16224,1.);
#16224 = DIRECTION('',(1.,0.,0.));
#16225 = ORIENTED_EDGE('',*,*,#16226,.F.);
#16226 = EDGE_CURVE('',#16227,#16219,#16229,.T.);
#16227 = VERTEX_POINT('',#16228);
#16228 = CARTESIAN_POINT('',(2.65,-0.42,1.));
#16229 = LINE('',#16230,#16231);
#16230 = CARTESIAN_POINT('',(2.65,-0.42,1.));
#16231 = VECTOR('',#16232,1.);
#16232 = DIRECTION('',(0.,0.,1.));
#16233 = ORIENTED_EDGE('',*,*,#16234,.F.);
#16234 = EDGE_CURVE('',#16235,#16227,#16237,.T.);
#16235 = VERTEX_POINT('',#16236);
#16236 = CARTESIAN_POINT('',(2.83349882348,-0.42,1.));
#16237 = LINE('',#16238,#16239);
#16238 = CARTESIAN_POINT('',(2.83349882348,-0.42,1.));
#16239 = VECTOR('',#16240,1.);
#16240 = DIRECTION('',(-1.,0.,0.));
#16241 = ORIENTED_EDGE('',*,*,#16242,.T.);
#16242 = EDGE_CURVE('',#16235,#16171,#16243,.T.);
#16243 = CIRCLE('',#16244,0.16);
#16244 = AXIS2_PLACEMENT_3D('',#16245,#16246,#16247);
#16245 = CARTESIAN_POINT('',(2.83349882348,-0.42,0.84));
#16246 = DIRECTION('',(0.,1.,0.));
#16247 = DIRECTION('',(0.,0.,1.));
#16248 = ORIENTED_EDGE('',*,*,#16168,.F.);
#16249 = ORIENTED_EDGE('',*,*,#16250,.T.);
#16250 = EDGE_CURVE('',#16169,#16251,#16253,.T.);
#16251 = VERTEX_POINT('',#16252);
#16252 = CARTESIAN_POINT('',(3.404202630842,-0.42,0.));
#16253 = CIRCLE('',#16254,0.31);
#16254 = AXIS2_PLACEMENT_3D('',#16255,#16256,#16257);
#16255 = CARTESIAN_POINT('',(3.404202630842,-0.42,0.31));
#16256 = DIRECTION('',(0.,-1.,0.));
#16257 = DIRECTION('',(-0.984807753012,-0.,-0.173648177667));
#16258 = ORIENTED_EDGE('',*,*,#16259,.F.);
#16259 = EDGE_CURVE('',#16260,#16251,#16262,.T.);
#16260 = VERTEX_POINT('',#16261);
#16261 = CARTESIAN_POINT('',(3.9,-0.42,0.));
#16262 = LINE('',#16263,#16264);
#16263 = CARTESIAN_POINT('',(3.9,-0.42,0.));
#16264 = VECTOR('',#16265,1.);
#16265 = DIRECTION('',(-1.,0.,0.));
#16266 = ORIENTED_EDGE('',*,*,#16267,.F.);
#16267 = EDGE_CURVE('',#16268,#16260,#16270,.T.);
#16268 = VERTEX_POINT('',#16269);
#16269 = CARTESIAN_POINT('',(3.9,-0.42,0.15));
#16270 = LINE('',#16271,#16272);
#16271 = CARTESIAN_POINT('',(3.9,-0.42,0.15));
#16272 = VECTOR('',#16273,1.);
#16273 = DIRECTION('',(0.,0.,-1.));
#16274 = ORIENTED_EDGE('',*,*,#16275,.F.);
#16275 = EDGE_CURVE('',#16276,#16268,#16278,.T.);
#16276 = VERTEX_POINT('',#16277);
#16277 = CARTESIAN_POINT('',(3.404202630842,-0.42,0.15));
#16278 = LINE('',#16279,#16280);
#16279 = CARTESIAN_POINT('',(3.404202630842,-0.42,0.15));
#16280 = VECTOR('',#16281,1.);
#16281 = DIRECTION('',(1.,0.,0.));
#16282 = ORIENTED_EDGE('',*,*,#16283,.T.);
#16283 = EDGE_CURVE('',#16276,#16202,#16284,.T.);
#16284 = CIRCLE('',#16285,0.16);
#16285 = AXIS2_PLACEMENT_3D('',#16286,#16287,#16288);
#16286 = CARTESIAN_POINT('',(3.404202630842,-0.42,0.31));
#16287 = DIRECTION('',(0.,1.,0.));
#16288 = DIRECTION('',(0.,0.,-1.));
#16289 = PLANE('',#16290);
#16290 = AXIS2_PLACEMENT_3D('',#16291,#16292,#16293);
#16291 = CARTESIAN_POINT('',(3.1,-0.42,0.25));
#16292 = DIRECTION('',(0.,1.,0.));
#16293 = DIRECTION('',(-1.,0.,0.));
#16294 = ADVANCED_FACE('',(#16295),#16311,.T.);
#16295 = FACE_BOUND('',#16296,.F.);
#16296 = EDGE_LOOP('',(#16297,#16298,#16304,#16305));
#16297 = ORIENTED_EDGE('',*,*,#16112,.T.);
#16298 = ORIENTED_EDGE('',*,*,#16299,.T.);
#16299 = EDGE_CURVE('',#16104,#16200,#16300,.T.);
#16300 = LINE('',#16301,#16302);
#16301 = CARTESIAN_POINT('',(3.138789226914,-0.85,0.893830935077));
#16302 = VECTOR('',#16303,1.);
#16303 = DIRECTION('',(0.,1.,0.));
#16304 = ORIENTED_EDGE('',*,*,#16199,.T.);
#16305 = ORIENTED_EDGE('',*,*,#16306,.F.);
#16306 = EDGE_CURVE('',#16113,#16202,#16307,.T.);
#16307 = LINE('',#16308,#16309);
#16308 = CARTESIAN_POINT('',(3.24663339036,-0.85,0.282216291573));
#16309 = VECTOR('',#16310,1.);
#16310 = DIRECTION('',(0.,1.,0.));
#16311 = PLANE('',#16312);
#16312 = AXIS2_PLACEMENT_3D('',#16313,#16314,#16315);
#16313 = CARTESIAN_POINT('',(3.247721162952,-0.85,0.27604722665));
#16314 = DIRECTION('',(0.984807753012,0.,0.173648177667));
#16315 = DIRECTION('',(0.173648177667,0.,-0.984807753012));
#16316 = ADVANCED_FACE('',(#16317),#16328,.T.);
#16317 = FACE_BOUND('',#16318,.T.);
#16318 = EDGE_LOOP('',(#16319,#16320,#16326,#16327));
#16319 = ORIENTED_EDGE('',*,*,#16209,.T.);
#16320 = ORIENTED_EDGE('',*,*,#16321,.F.);
#16321 = EDGE_CURVE('',#16096,#16210,#16322,.T.);
#16322 = LINE('',#16323,#16324);
#16323 = CARTESIAN_POINT('',(2.83349882348,-0.85,1.15));
#16324 = VECTOR('',#16325,1.);
#16325 = DIRECTION('',(0.,1.,0.));
#16326 = ORIENTED_EDGE('',*,*,#16103,.F.);
#16327 = ORIENTED_EDGE('',*,*,#16299,.T.);
#16328 = CYLINDRICAL_SURFACE('',#16329,0.31);
#16329 = AXIS2_PLACEMENT_3D('',#16330,#16331,#16332);
#16330 = CARTESIAN_POINT('',(2.83349882348,-0.85,0.84));
#16331 = DIRECTION('',(0.,-1.,0.));
#16332 = DIRECTION('',(0.984807753012,0.,0.173648177667));
#16333 = ADVANCED_FACE('',(#16334),#16345,.T.);
#16334 = FACE_BOUND('',#16335,.F.);
#16335 = EDGE_LOOP('',(#16336,#16337,#16343,#16344));
#16336 = ORIENTED_EDGE('',*,*,#16095,.F.);
#16337 = ORIENTED_EDGE('',*,*,#16338,.T.);
#16338 = EDGE_CURVE('',#16088,#16219,#16339,.T.);
#16339 = LINE('',#16340,#16341);
#16340 = CARTESIAN_POINT('',(2.65,-0.85,1.15));
#16341 = VECTOR('',#16342,1.);
#16342 = DIRECTION('',(0.,1.,0.));
#16343 = ORIENTED_EDGE('',*,*,#16218,.T.);
#16344 = ORIENTED_EDGE('',*,*,#16321,.F.);
#16345 = PLANE('',#16346);
#16346 = AXIS2_PLACEMENT_3D('',#16347,#16348,#16349);
#16347 = CARTESIAN_POINT('',(2.65,-0.85,1.15));
#16348 = DIRECTION('',(0.,0.,1.));
#16349 = DIRECTION('',(1.,0.,0.));
#16350 = ADVANCED_FACE('',(#16351),#16362,.T.);
#16351 = FACE_BOUND('',#16352,.F.);
#16352 = EDGE_LOOP('',(#16353,#16354,#16360,#16361));
#16353 = ORIENTED_EDGE('',*,*,#16087,.F.);
#16354 = ORIENTED_EDGE('',*,*,#16355,.T.);
#16355 = EDGE_CURVE('',#16080,#16227,#16356,.T.);
#16356 = LINE('',#16357,#16358);
#16357 = CARTESIAN_POINT('',(2.65,-0.85,1.));
#16358 = VECTOR('',#16359,1.);
#16359 = DIRECTION('',(0.,1.,0.));
#16360 = ORIENTED_EDGE('',*,*,#16226,.T.);
#16361 = ORIENTED_EDGE('',*,*,#16338,.F.);
#16362 = PLANE('',#16363);
#16363 = AXIS2_PLACEMENT_3D('',#16364,#16365,#16366);
#16364 = CARTESIAN_POINT('',(2.65,-0.85,1.));
#16365 = DIRECTION('',(-1.,0.,0.));
#16366 = DIRECTION('',(0.,0.,1.));
#16367 = ADVANCED_FACE('',(#16368),#16379,.T.);
#16368 = FACE_BOUND('',#16369,.F.);
#16369 = EDGE_LOOP('',(#16370,#16371,#16377,#16378));
#16370 = ORIENTED_EDGE('',*,*,#16079,.F.);
#16371 = ORIENTED_EDGE('',*,*,#16372,.T.);
#16372 = EDGE_CURVE('',#16071,#16235,#16373,.T.);
#16373 = LINE('',#16374,#16375);
#16374 = CARTESIAN_POINT('',(2.83349882348,-0.85,1.));
#16375 = VECTOR('',#16376,1.);
#16376 = DIRECTION('',(0.,1.,0.));
#16377 = ORIENTED_EDGE('',*,*,#16234,.T.);
#16378 = ORIENTED_EDGE('',*,*,#16355,.F.);
#16379 = PLANE('',#16380);
#16380 = AXIS2_PLACEMENT_3D('',#16381,#16382,#16383);
#16381 = CARTESIAN_POINT('',(2.967754764469,-0.85,1.));
#16382 = DIRECTION('',(0.,0.,-1.));
#16383 = DIRECTION('',(-1.,0.,0.));
#16384 = ADVANCED_FACE('',(#16385),#16391,.F.);
#16385 = FACE_BOUND('',#16386,.F.);
#16386 = EDGE_LOOP('',(#16387,#16388,#16389,#16390));
#16387 = ORIENTED_EDGE('',*,*,#16372,.F.);
#16388 = ORIENTED_EDGE('',*,*,#16070,.T.);
#16389 = ORIENTED_EDGE('',*,*,#16178,.T.);
#16390 = ORIENTED_EDGE('',*,*,#16242,.F.);
#16391 = CYLINDRICAL_SURFACE('',#16392,0.16);
#16392 = AXIS2_PLACEMENT_3D('',#16393,#16394,#16395);
#16393 = CARTESIAN_POINT('',(2.83349882348,-0.85,0.84));
#16394 = DIRECTION('',(0.,1.,0.));
#16395 = DIRECTION('',(0.,0.,1.));
#16396 = ADVANCED_FACE('',(#16397),#16408,.F.);
#16397 = FACE_BOUND('',#16398,.F.);
#16398 = EDGE_LOOP('',(#16399,#16405,#16406,#16407));
#16399 = ORIENTED_EDGE('',*,*,#16400,.F.);
#16400 = EDGE_CURVE('',#16121,#16276,#16401,.T.);
#16401 = LINE('',#16402,#16403);
#16402 = CARTESIAN_POINT('',(3.404202630842,-0.85,0.15));
#16403 = VECTOR('',#16404,1.);
#16404 = DIRECTION('',(0.,1.,0.));
#16405 = ORIENTED_EDGE('',*,*,#16120,.T.);
#16406 = ORIENTED_EDGE('',*,*,#16306,.T.);
#16407 = ORIENTED_EDGE('',*,*,#16283,.F.);
#16408 = CYLINDRICAL_SURFACE('',#16409,0.16);
#16409 = AXIS2_PLACEMENT_3D('',#16410,#16411,#16412);
#16410 = CARTESIAN_POINT('',(3.404202630842,-0.85,0.31));
#16411 = DIRECTION('',(0.,1.,0.));
#16412 = DIRECTION('',(0.,0.,-1.));
#16413 = ADVANCED_FACE('',(#16414),#16425,.T.);
#16414 = FACE_BOUND('',#16415,.F.);
#16415 = EDGE_LOOP('',(#16416,#16417,#16418,#16419));
#16416 = ORIENTED_EDGE('',*,*,#16129,.F.);
#16417 = ORIENTED_EDGE('',*,*,#16400,.T.);
#16418 = ORIENTED_EDGE('',*,*,#16275,.T.);
#16419 = ORIENTED_EDGE('',*,*,#16420,.F.);
#16420 = EDGE_CURVE('',#16130,#16268,#16421,.T.);
#16421 = LINE('',#16422,#16423);
#16422 = CARTESIAN_POINT('',(3.9,-0.85,0.15));
#16423 = VECTOR('',#16424,1.);
#16424 = DIRECTION('',(0.,1.,0.));
#16425 = PLANE('',#16426);
#16426 = AXIS2_PLACEMENT_3D('',#16427,#16428,#16429);
#16427 = CARTESIAN_POINT('',(3.269946689854,-0.85,0.15));
#16428 = DIRECTION('',(0.,0.,1.));
#16429 = DIRECTION('',(1.,0.,0.));
#16430 = ADVANCED_FACE('',(#16431),#16442,.T.);
#16431 = FACE_BOUND('',#16432,.F.);
#16432 = EDGE_LOOP('',(#16433,#16434,#16435,#16436));
#16433 = ORIENTED_EDGE('',*,*,#16137,.F.);
#16434 = ORIENTED_EDGE('',*,*,#16420,.T.);
#16435 = ORIENTED_EDGE('',*,*,#16267,.T.);
#16436 = ORIENTED_EDGE('',*,*,#16437,.F.);
#16437 = EDGE_CURVE('',#16138,#16260,#16438,.T.);
#16438 = LINE('',#16439,#16440);
#16439 = CARTESIAN_POINT('',(3.9,-0.85,0.));
#16440 = VECTOR('',#16441,1.);
#16441 = DIRECTION('',(0.,1.,0.));
#16442 = PLANE('',#16443);
#16443 = AXIS2_PLACEMENT_3D('',#16444,#16445,#16446);
#16444 = CARTESIAN_POINT('',(3.9,-0.85,0.15));
#16445 = DIRECTION('',(1.,0.,0.));
#16446 = DIRECTION('',(0.,0.,-1.));
#16447 = ADVANCED_FACE('',(#16448),#16459,.T.);
#16448 = FACE_BOUND('',#16449,.F.);
#16449 = EDGE_LOOP('',(#16450,#16451,#16452,#16453));
#16450 = ORIENTED_EDGE('',*,*,#16145,.F.);
#16451 = ORIENTED_EDGE('',*,*,#16437,.T.);
#16452 = ORIENTED_EDGE('',*,*,#16259,.T.);
#16453 = ORIENTED_EDGE('',*,*,#16454,.F.);
#16454 = EDGE_CURVE('',#16146,#16251,#16455,.T.);
#16455 = LINE('',#16456,#16457);
#16456 = CARTESIAN_POINT('',(3.404202630842,-0.85,0.));
#16457 = VECTOR('',#16458,1.);
#16458 = DIRECTION('',(0.,1.,0.));
#16459 = PLANE('',#16460);
#16460 = AXIS2_PLACEMENT_3D('',#16461,#16462,#16463);
#16461 = CARTESIAN_POINT('',(3.9,-0.85,0.));
#16462 = DIRECTION('',(0.,0.,-1.));
#16463 = DIRECTION('',(-1.,0.,0.));
#16464 = ADVANCED_FACE('',(#16465),#16471,.T.);
#16465 = FACE_BOUND('',#16466,.T.);
#16466 = EDGE_LOOP('',(#16467,#16468,#16469,#16470));
#16467 = ORIENTED_EDGE('',*,*,#16250,.T.);
#16468 = ORIENTED_EDGE('',*,*,#16454,.F.);
#16469 = ORIENTED_EDGE('',*,*,#16153,.F.);
#16470 = ORIENTED_EDGE('',*,*,#16185,.T.);
#16471 = CYLINDRICAL_SURFACE('',#16472,0.31);
#16472 = AXIS2_PLACEMENT_3D('',#16473,#16474,#16475);
#16473 = CARTESIAN_POINT('',(3.404202630842,-0.85,0.31));
#16474 = DIRECTION('',(0.,-1.,0.));
#16475 = DIRECTION('',(-0.984807753012,-0.,-0.173648177667));
#16476 = MANIFOLD_SOLID_BREP('',#16477);
#16477 = CLOSED_SHELL('',(#16478,#16586,#16617,#16716,#16738,#16755,
    #16772,#16789,#16806,#16818,#16835,#16852,#16869,#16886));
#16478 = ADVANCED_FACE('',(#16479),#16581,.F.);
#16479 = FACE_BOUND('',#16480,.F.);
#16480 = EDGE_LOOP('',(#16481,#16491,#16500,#16508,#16516,#16524,#16533,
    #16541,#16550,#16558,#16566,#16574));
#16481 = ORIENTED_EDGE('',*,*,#16482,.F.);
#16482 = EDGE_CURVE('',#16483,#16485,#16487,.T.);
#16483 = VERTEX_POINT('',#16484);
#16484 = CARTESIAN_POINT('',(2.991068063962,0.42,0.867783708427));
#16485 = VERTEX_POINT('',#16486);
#16486 = CARTESIAN_POINT('',(3.098912227408,0.42,0.256169064923));
#16487 = LINE('',#16488,#16489);
#16488 = CARTESIAN_POINT('',(2.991068063962,0.42,0.867783708427));
#16489 = VECTOR('',#16490,1.);
#16490 = DIRECTION('',(0.173648177667,0.,-0.984807753012));
#16491 = ORIENTED_EDGE('',*,*,#16492,.F.);
#16492 = EDGE_CURVE('',#16493,#16483,#16495,.T.);
#16493 = VERTEX_POINT('',#16494);
#16494 = CARTESIAN_POINT('',(2.83349882348,0.42,1.));
#16495 = CIRCLE('',#16496,0.16);
#16496 = AXIS2_PLACEMENT_3D('',#16497,#16498,#16499);
#16497 = CARTESIAN_POINT('',(2.83349882348,0.42,0.84));
#16498 = DIRECTION('',(0.,1.,0.));
#16499 = DIRECTION('',(0.,0.,1.));
#16500 = ORIENTED_EDGE('',*,*,#16501,.T.);
#16501 = EDGE_CURVE('',#16493,#16502,#16504,.T.);
#16502 = VERTEX_POINT('',#16503);
#16503 = CARTESIAN_POINT('',(2.65,0.42,1.));
#16504 = LINE('',#16505,#16506);
#16505 = CARTESIAN_POINT('',(2.83349882348,0.42,1.));
#16506 = VECTOR('',#16507,1.);
#16507 = DIRECTION('',(-1.,0.,0.));
#16508 = ORIENTED_EDGE('',*,*,#16509,.T.);
#16509 = EDGE_CURVE('',#16502,#16510,#16512,.T.);
#16510 = VERTEX_POINT('',#16511);
#16511 = CARTESIAN_POINT('',(2.65,0.42,1.15));
#16512 = LINE('',#16513,#16514);
#16513 = CARTESIAN_POINT('',(2.65,0.42,1.));
#16514 = VECTOR('',#16515,1.);
#16515 = DIRECTION('',(0.,0.,1.));
#16516 = ORIENTED_EDGE('',*,*,#16517,.T.);
#16517 = EDGE_CURVE('',#16510,#16518,#16520,.T.);
#16518 = VERTEX_POINT('',#16519);
#16519 = CARTESIAN_POINT('',(2.83349882348,0.42,1.15));
#16520 = LINE('',#16521,#16522);
#16521 = CARTESIAN_POINT('',(2.65,0.42,1.15));
#16522 = VECTOR('',#16523,1.);
#16523 = DIRECTION('',(1.,0.,0.));
#16524 = ORIENTED_EDGE('',*,*,#16525,.F.);
#16525 = EDGE_CURVE('',#16526,#16518,#16528,.T.);
#16526 = VERTEX_POINT('',#16527);
#16527 = CARTESIAN_POINT('',(3.138789226914,0.42,0.893830935077));
#16528 = CIRCLE('',#16529,0.31);
#16529 = AXIS2_PLACEMENT_3D('',#16530,#16531,#16532);
#16530 = CARTESIAN_POINT('',(2.83349882348,0.42,0.84));
#16531 = DIRECTION('',(0.,-1.,0.));
#16532 = DIRECTION('',(0.984807753012,0.,0.173648177667));
#16533 = ORIENTED_EDGE('',*,*,#16534,.F.);
#16534 = EDGE_CURVE('',#16535,#16526,#16537,.T.);
#16535 = VERTEX_POINT('',#16536);
#16536 = CARTESIAN_POINT('',(3.24663339036,0.42,0.282216291573));
#16537 = LINE('',#16538,#16539);
#16538 = CARTESIAN_POINT('',(3.24663339036,0.42,0.282216291573));
#16539 = VECTOR('',#16540,1.);
#16540 = DIRECTION('',(-0.173648177667,0.,0.984807753012));
#16541 = ORIENTED_EDGE('',*,*,#16542,.F.);
#16542 = EDGE_CURVE('',#16543,#16535,#16545,.T.);
#16543 = VERTEX_POINT('',#16544);
#16544 = CARTESIAN_POINT('',(3.404202630842,0.42,0.15));
#16545 = CIRCLE('',#16546,0.16);
#16546 = AXIS2_PLACEMENT_3D('',#16547,#16548,#16549);
#16547 = CARTESIAN_POINT('',(3.404202630842,0.42,0.31));
#16548 = DIRECTION('',(0.,1.,0.));
#16549 = DIRECTION('',(0.,0.,-1.));
#16550 = ORIENTED_EDGE('',*,*,#16551,.T.);
#16551 = EDGE_CURVE('',#16543,#16552,#16554,.T.);
#16552 = VERTEX_POINT('',#16553);
#16553 = CARTESIAN_POINT('',(3.9,0.42,0.15));
#16554 = LINE('',#16555,#16556);
#16555 = CARTESIAN_POINT('',(3.404202630842,0.42,0.15));
#16556 = VECTOR('',#16557,1.);
#16557 = DIRECTION('',(1.,0.,0.));
#16558 = ORIENTED_EDGE('',*,*,#16559,.T.);
#16559 = EDGE_CURVE('',#16552,#16560,#16562,.T.);
#16560 = VERTEX_POINT('',#16561);
#16561 = CARTESIAN_POINT('',(3.9,0.42,0.));
#16562 = LINE('',#16563,#16564);
#16563 = CARTESIAN_POINT('',(3.9,0.42,0.15));
#16564 = VECTOR('',#16565,1.);
#16565 = DIRECTION('',(0.,0.,-1.));
#16566 = ORIENTED_EDGE('',*,*,#16567,.T.);
#16567 = EDGE_CURVE('',#16560,#16568,#16570,.T.);
#16568 = VERTEX_POINT('',#16569);
#16569 = CARTESIAN_POINT('',(3.404202630842,0.42,0.));
#16570 = LINE('',#16571,#16572);
#16571 = CARTESIAN_POINT('',(3.9,0.42,0.));
#16572 = VECTOR('',#16573,1.);
#16573 = DIRECTION('',(-1.,0.,0.));
#16574 = ORIENTED_EDGE('',*,*,#16575,.F.);
#16575 = EDGE_CURVE('',#16485,#16568,#16576,.T.);
#16576 = CIRCLE('',#16577,0.31);
#16577 = AXIS2_PLACEMENT_3D('',#16578,#16579,#16580);
#16578 = CARTESIAN_POINT('',(3.404202630842,0.42,0.31));
#16579 = DIRECTION('',(0.,-1.,0.));
#16580 = DIRECTION('',(-0.984807753012,-0.,-0.173648177667));
#16581 = PLANE('',#16582);
#16582 = AXIS2_PLACEMENT_3D('',#16583,#16584,#16585);
#16583 = CARTESIAN_POINT('',(3.1,0.42,0.25));
#16584 = DIRECTION('',(0.,1.,0.));
#16585 = DIRECTION('',(-1.,0.,0.));
#16586 = ADVANCED_FACE('',(#16587),#16612,.T.);
#16587 = FACE_BOUND('',#16588,.F.);
#16588 = EDGE_LOOP('',(#16589,#16599,#16605,#16606));
#16589 = ORIENTED_EDGE('',*,*,#16590,.T.);
#16590 = EDGE_CURVE('',#16591,#16593,#16595,.T.);
#16591 = VERTEX_POINT('',#16592);
#16592 = CARTESIAN_POINT('',(3.098912227408,0.85,0.256169064923));
#16593 = VERTEX_POINT('',#16594);
#16594 = CARTESIAN_POINT('',(2.991068063962,0.85,0.867783708427));
#16595 = LINE('',#16596,#16597);
#16596 = CARTESIAN_POINT('',(3.098912227408,0.85,0.256169064923));
#16597 = VECTOR('',#16598,1.);
#16598 = DIRECTION('',(-0.173648177667,0.,0.984807753012));
#16599 = ORIENTED_EDGE('',*,*,#16600,.F.);
#16600 = EDGE_CURVE('',#16483,#16593,#16601,.T.);
#16601 = LINE('',#16602,#16603);
#16602 = CARTESIAN_POINT('',(2.991068063962,0.42,0.867783708427));
#16603 = VECTOR('',#16604,1.);
#16604 = DIRECTION('',(0.,1.,0.));
#16605 = ORIENTED_EDGE('',*,*,#16482,.T.);
#16606 = ORIENTED_EDGE('',*,*,#16607,.T.);
#16607 = EDGE_CURVE('',#16485,#16591,#16608,.T.);
#16608 = LINE('',#16609,#16610);
#16609 = CARTESIAN_POINT('',(3.098912227408,0.42,0.256169064923));
#16610 = VECTOR('',#16611,1.);
#16611 = DIRECTION('',(0.,1.,0.));
#16612 = PLANE('',#16613);
#16613 = AXIS2_PLACEMENT_3D('',#16614,#16615,#16616);
#16614 = CARTESIAN_POINT('',(3.144081745177,0.42,0.));
#16615 = DIRECTION('',(-0.984807753012,0.,-0.173648177667));
#16616 = DIRECTION('',(-0.173648177667,0.,0.984807753012));
#16617 = ADVANCED_FACE('',(#16618),#16711,.T.);
#16618 = FACE_BOUND('',#16619,.F.);
#16619 = EDGE_LOOP('',(#16620,#16630,#16639,#16647,#16655,#16663,#16670,
    #16671,#16680,#16688,#16696,#16704));
#16620 = ORIENTED_EDGE('',*,*,#16621,.F.);
#16621 = EDGE_CURVE('',#16622,#16624,#16626,.T.);
#16622 = VERTEX_POINT('',#16623);
#16623 = CARTESIAN_POINT('',(3.138789226914,0.85,0.893830935077));
#16624 = VERTEX_POINT('',#16625);
#16625 = CARTESIAN_POINT('',(3.24663339036,0.85,0.282216291573));
#16626 = LINE('',#16627,#16628);
#16627 = CARTESIAN_POINT('',(3.138789226914,0.85,0.893830935077));
#16628 = VECTOR('',#16629,1.);
#16629 = DIRECTION('',(0.173648177667,0.,-0.984807753012));
#16630 = ORIENTED_EDGE('',*,*,#16631,.T.);
#16631 = EDGE_CURVE('',#16622,#16632,#16634,.T.);
#16632 = VERTEX_POINT('',#16633);
#16633 = CARTESIAN_POINT('',(2.83349882348,0.85,1.15));
#16634 = CIRCLE('',#16635,0.31);
#16635 = AXIS2_PLACEMENT_3D('',#16636,#16637,#16638);
#16636 = CARTESIAN_POINT('',(2.83349882348,0.85,0.84));
#16637 = DIRECTION('',(0.,-1.,0.));
#16638 = DIRECTION('',(0.984807753012,0.,0.173648177667));
#16639 = ORIENTED_EDGE('',*,*,#16640,.F.);
#16640 = EDGE_CURVE('',#16641,#16632,#16643,.T.);
#16641 = VERTEX_POINT('',#16642);
#16642 = CARTESIAN_POINT('',(2.65,0.85,1.15));
#16643 = LINE('',#16644,#16645);
#16644 = CARTESIAN_POINT('',(2.65,0.85,1.15));
#16645 = VECTOR('',#16646,1.);
#16646 = DIRECTION('',(1.,0.,0.));
#16647 = ORIENTED_EDGE('',*,*,#16648,.F.);
#16648 = EDGE_CURVE('',#16649,#16641,#16651,.T.);
#16649 = VERTEX_POINT('',#16650);
#16650 = CARTESIAN_POINT('',(2.65,0.85,1.));
#16651 = LINE('',#16652,#16653);
#16652 = CARTESIAN_POINT('',(2.65,0.85,1.));
#16653 = VECTOR('',#16654,1.);
#16654 = DIRECTION('',(0.,0.,1.));
#16655 = ORIENTED_EDGE('',*,*,#16656,.F.);
#16656 = EDGE_CURVE('',#16657,#16649,#16659,.T.);
#16657 = VERTEX_POINT('',#16658);
#16658 = CARTESIAN_POINT('',(2.83349882348,0.85,1.));
#16659 = LINE('',#16660,#16661);
#16660 = CARTESIAN_POINT('',(2.83349882348,0.85,1.));
#16661 = VECTOR('',#16662,1.);
#16662 = DIRECTION('',(-1.,0.,0.));
#16663 = ORIENTED_EDGE('',*,*,#16664,.T.);
#16664 = EDGE_CURVE('',#16657,#16593,#16665,.T.);
#16665 = CIRCLE('',#16666,0.16);
#16666 = AXIS2_PLACEMENT_3D('',#16667,#16668,#16669);
#16667 = CARTESIAN_POINT('',(2.83349882348,0.85,0.84));
#16668 = DIRECTION('',(0.,1.,0.));
#16669 = DIRECTION('',(0.,0.,1.));
#16670 = ORIENTED_EDGE('',*,*,#16590,.F.);
#16671 = ORIENTED_EDGE('',*,*,#16672,.T.);
#16672 = EDGE_CURVE('',#16591,#16673,#16675,.T.);
#16673 = VERTEX_POINT('',#16674);
#16674 = CARTESIAN_POINT('',(3.404202630842,0.85,0.));
#16675 = CIRCLE('',#16676,0.31);
#16676 = AXIS2_PLACEMENT_3D('',#16677,#16678,#16679);
#16677 = CARTESIAN_POINT('',(3.404202630842,0.85,0.31));
#16678 = DIRECTION('',(0.,-1.,0.));
#16679 = DIRECTION('',(-0.984807753012,-0.,-0.173648177667));
#16680 = ORIENTED_EDGE('',*,*,#16681,.F.);
#16681 = EDGE_CURVE('',#16682,#16673,#16684,.T.);
#16682 = VERTEX_POINT('',#16683);
#16683 = CARTESIAN_POINT('',(3.9,0.85,0.));
#16684 = LINE('',#16685,#16686);
#16685 = CARTESIAN_POINT('',(3.9,0.85,0.));
#16686 = VECTOR('',#16687,1.);
#16687 = DIRECTION('',(-1.,0.,0.));
#16688 = ORIENTED_EDGE('',*,*,#16689,.F.);
#16689 = EDGE_CURVE('',#16690,#16682,#16692,.T.);
#16690 = VERTEX_POINT('',#16691);
#16691 = CARTESIAN_POINT('',(3.9,0.85,0.15));
#16692 = LINE('',#16693,#16694);
#16693 = CARTESIAN_POINT('',(3.9,0.85,0.15));
#16694 = VECTOR('',#16695,1.);
#16695 = DIRECTION('',(0.,0.,-1.));
#16696 = ORIENTED_EDGE('',*,*,#16697,.F.);
#16697 = EDGE_CURVE('',#16698,#16690,#16700,.T.);
#16698 = VERTEX_POINT('',#16699);
#16699 = CARTESIAN_POINT('',(3.404202630842,0.85,0.15));
#16700 = LINE('',#16701,#16702);
#16701 = CARTESIAN_POINT('',(3.404202630842,0.85,0.15));
#16702 = VECTOR('',#16703,1.);
#16703 = DIRECTION('',(1.,0.,0.));
#16704 = ORIENTED_EDGE('',*,*,#16705,.T.);
#16705 = EDGE_CURVE('',#16698,#16624,#16706,.T.);
#16706 = CIRCLE('',#16707,0.16);
#16707 = AXIS2_PLACEMENT_3D('',#16708,#16709,#16710);
#16708 = CARTESIAN_POINT('',(3.404202630842,0.85,0.31));
#16709 = DIRECTION('',(0.,1.,0.));
#16710 = DIRECTION('',(0.,0.,-1.));
#16711 = PLANE('',#16712);
#16712 = AXIS2_PLACEMENT_3D('',#16713,#16714,#16715);
#16713 = CARTESIAN_POINT('',(3.1,0.85,0.25));
#16714 = DIRECTION('',(0.,1.,0.));
#16715 = DIRECTION('',(-1.,0.,0.));
#16716 = ADVANCED_FACE('',(#16717),#16733,.T.);
#16717 = FACE_BOUND('',#16718,.F.);
#16718 = EDGE_LOOP('',(#16719,#16720,#16726,#16727));
#16719 = ORIENTED_EDGE('',*,*,#16534,.T.);
#16720 = ORIENTED_EDGE('',*,*,#16721,.T.);
#16721 = EDGE_CURVE('',#16526,#16622,#16722,.T.);
#16722 = LINE('',#16723,#16724);
#16723 = CARTESIAN_POINT('',(3.138789226914,0.42,0.893830935077));
#16724 = VECTOR('',#16725,1.);
#16725 = DIRECTION('',(0.,1.,0.));
#16726 = ORIENTED_EDGE('',*,*,#16621,.T.);
#16727 = ORIENTED_EDGE('',*,*,#16728,.F.);
#16728 = EDGE_CURVE('',#16535,#16624,#16729,.T.);
#16729 = LINE('',#16730,#16731);
#16730 = CARTESIAN_POINT('',(3.24663339036,0.42,0.282216291573));
#16731 = VECTOR('',#16732,1.);
#16732 = DIRECTION('',(0.,1.,0.));
#16733 = PLANE('',#16734);
#16734 = AXIS2_PLACEMENT_3D('',#16735,#16736,#16737);
#16735 = CARTESIAN_POINT('',(3.247721162952,0.42,0.27604722665));
#16736 = DIRECTION('',(0.984807753012,0.,0.173648177667));
#16737 = DIRECTION('',(0.173648177667,0.,-0.984807753012));
#16738 = ADVANCED_FACE('',(#16739),#16750,.T.);
#16739 = FACE_BOUND('',#16740,.T.);
#16740 = EDGE_LOOP('',(#16741,#16742,#16748,#16749));
#16741 = ORIENTED_EDGE('',*,*,#16631,.T.);
#16742 = ORIENTED_EDGE('',*,*,#16743,.F.);
#16743 = EDGE_CURVE('',#16518,#16632,#16744,.T.);
#16744 = LINE('',#16745,#16746);
#16745 = CARTESIAN_POINT('',(2.83349882348,0.42,1.15));
#16746 = VECTOR('',#16747,1.);
#16747 = DIRECTION('',(0.,1.,0.));
#16748 = ORIENTED_EDGE('',*,*,#16525,.F.);
#16749 = ORIENTED_EDGE('',*,*,#16721,.T.);
#16750 = CYLINDRICAL_SURFACE('',#16751,0.31);
#16751 = AXIS2_PLACEMENT_3D('',#16752,#16753,#16754);
#16752 = CARTESIAN_POINT('',(2.83349882348,0.42,0.84));
#16753 = DIRECTION('',(0.,-1.,0.));
#16754 = DIRECTION('',(0.984807753012,0.,0.173648177667));
#16755 = ADVANCED_FACE('',(#16756),#16767,.T.);
#16756 = FACE_BOUND('',#16757,.F.);
#16757 = EDGE_LOOP('',(#16758,#16759,#16765,#16766));
#16758 = ORIENTED_EDGE('',*,*,#16517,.F.);
#16759 = ORIENTED_EDGE('',*,*,#16760,.T.);
#16760 = EDGE_CURVE('',#16510,#16641,#16761,.T.);
#16761 = LINE('',#16762,#16763);
#16762 = CARTESIAN_POINT('',(2.65,0.42,1.15));
#16763 = VECTOR('',#16764,1.);
#16764 = DIRECTION('',(0.,1.,0.));
#16765 = ORIENTED_EDGE('',*,*,#16640,.T.);
#16766 = ORIENTED_EDGE('',*,*,#16743,.F.);
#16767 = PLANE('',#16768);
#16768 = AXIS2_PLACEMENT_3D('',#16769,#16770,#16771);
#16769 = CARTESIAN_POINT('',(2.65,0.42,1.15));
#16770 = DIRECTION('',(0.,0.,1.));
#16771 = DIRECTION('',(1.,0.,0.));
#16772 = ADVANCED_FACE('',(#16773),#16784,.T.);
#16773 = FACE_BOUND('',#16774,.F.);
#16774 = EDGE_LOOP('',(#16775,#16776,#16782,#16783));
#16775 = ORIENTED_EDGE('',*,*,#16509,.F.);
#16776 = ORIENTED_EDGE('',*,*,#16777,.T.);
#16777 = EDGE_CURVE('',#16502,#16649,#16778,.T.);
#16778 = LINE('',#16779,#16780);
#16779 = CARTESIAN_POINT('',(2.65,0.42,1.));
#16780 = VECTOR('',#16781,1.);
#16781 = DIRECTION('',(0.,1.,0.));
#16782 = ORIENTED_EDGE('',*,*,#16648,.T.);
#16783 = ORIENTED_EDGE('',*,*,#16760,.F.);
#16784 = PLANE('',#16785);
#16785 = AXIS2_PLACEMENT_3D('',#16786,#16787,#16788);
#16786 = CARTESIAN_POINT('',(2.65,0.42,1.));
#16787 = DIRECTION('',(-1.,0.,0.));
#16788 = DIRECTION('',(0.,0.,1.));
#16789 = ADVANCED_FACE('',(#16790),#16801,.T.);
#16790 = FACE_BOUND('',#16791,.F.);
#16791 = EDGE_LOOP('',(#16792,#16793,#16799,#16800));
#16792 = ORIENTED_EDGE('',*,*,#16501,.F.);
#16793 = ORIENTED_EDGE('',*,*,#16794,.T.);
#16794 = EDGE_CURVE('',#16493,#16657,#16795,.T.);
#16795 = LINE('',#16796,#16797);
#16796 = CARTESIAN_POINT('',(2.83349882348,0.42,1.));
#16797 = VECTOR('',#16798,1.);
#16798 = DIRECTION('',(0.,1.,0.));
#16799 = ORIENTED_EDGE('',*,*,#16656,.T.);
#16800 = ORIENTED_EDGE('',*,*,#16777,.F.);
#16801 = PLANE('',#16802);
#16802 = AXIS2_PLACEMENT_3D('',#16803,#16804,#16805);
#16803 = CARTESIAN_POINT('',(2.967754764469,0.42,1.));
#16804 = DIRECTION('',(0.,0.,-1.));
#16805 = DIRECTION('',(-1.,0.,0.));
#16806 = ADVANCED_FACE('',(#16807),#16813,.F.);
#16807 = FACE_BOUND('',#16808,.F.);
#16808 = EDGE_LOOP('',(#16809,#16810,#16811,#16812));
#16809 = ORIENTED_EDGE('',*,*,#16794,.F.);
#16810 = ORIENTED_EDGE('',*,*,#16492,.T.);
#16811 = ORIENTED_EDGE('',*,*,#16600,.T.);
#16812 = ORIENTED_EDGE('',*,*,#16664,.F.);
#16813 = CYLINDRICAL_SURFACE('',#16814,0.16);
#16814 = AXIS2_PLACEMENT_3D('',#16815,#16816,#16817);
#16815 = CARTESIAN_POINT('',(2.83349882348,0.42,0.84));
#16816 = DIRECTION('',(0.,1.,0.));
#16817 = DIRECTION('',(0.,0.,1.));
#16818 = ADVANCED_FACE('',(#16819),#16830,.F.);
#16819 = FACE_BOUND('',#16820,.F.);
#16820 = EDGE_LOOP('',(#16821,#16827,#16828,#16829));
#16821 = ORIENTED_EDGE('',*,*,#16822,.F.);
#16822 = EDGE_CURVE('',#16543,#16698,#16823,.T.);
#16823 = LINE('',#16824,#16825);
#16824 = CARTESIAN_POINT('',(3.404202630842,0.42,0.15));
#16825 = VECTOR('',#16826,1.);
#16826 = DIRECTION('',(0.,1.,0.));
#16827 = ORIENTED_EDGE('',*,*,#16542,.T.);
#16828 = ORIENTED_EDGE('',*,*,#16728,.T.);
#16829 = ORIENTED_EDGE('',*,*,#16705,.F.);
#16830 = CYLINDRICAL_SURFACE('',#16831,0.16);
#16831 = AXIS2_PLACEMENT_3D('',#16832,#16833,#16834);
#16832 = CARTESIAN_POINT('',(3.404202630842,0.42,0.31));
#16833 = DIRECTION('',(0.,1.,0.));
#16834 = DIRECTION('',(0.,0.,-1.));
#16835 = ADVANCED_FACE('',(#16836),#16847,.T.);
#16836 = FACE_BOUND('',#16837,.F.);
#16837 = EDGE_LOOP('',(#16838,#16839,#16840,#16841));
#16838 = ORIENTED_EDGE('',*,*,#16551,.F.);
#16839 = ORIENTED_EDGE('',*,*,#16822,.T.);
#16840 = ORIENTED_EDGE('',*,*,#16697,.T.);
#16841 = ORIENTED_EDGE('',*,*,#16842,.F.);
#16842 = EDGE_CURVE('',#16552,#16690,#16843,.T.);
#16843 = LINE('',#16844,#16845);
#16844 = CARTESIAN_POINT('',(3.9,0.42,0.15));
#16845 = VECTOR('',#16846,1.);
#16846 = DIRECTION('',(0.,1.,0.));
#16847 = PLANE('',#16848);
#16848 = AXIS2_PLACEMENT_3D('',#16849,#16850,#16851);
#16849 = CARTESIAN_POINT('',(3.269946689854,0.42,0.15));
#16850 = DIRECTION('',(0.,0.,1.));
#16851 = DIRECTION('',(1.,0.,0.));
#16852 = ADVANCED_FACE('',(#16853),#16864,.T.);
#16853 = FACE_BOUND('',#16854,.F.);
#16854 = EDGE_LOOP('',(#16855,#16856,#16857,#16858));
#16855 = ORIENTED_EDGE('',*,*,#16559,.F.);
#16856 = ORIENTED_EDGE('',*,*,#16842,.T.);
#16857 = ORIENTED_EDGE('',*,*,#16689,.T.);
#16858 = ORIENTED_EDGE('',*,*,#16859,.F.);
#16859 = EDGE_CURVE('',#16560,#16682,#16860,.T.);
#16860 = LINE('',#16861,#16862);
#16861 = CARTESIAN_POINT('',(3.9,0.42,0.));
#16862 = VECTOR('',#16863,1.);
#16863 = DIRECTION('',(0.,1.,0.));
#16864 = PLANE('',#16865);
#16865 = AXIS2_PLACEMENT_3D('',#16866,#16867,#16868);
#16866 = CARTESIAN_POINT('',(3.9,0.42,0.15));
#16867 = DIRECTION('',(1.,0.,0.));
#16868 = DIRECTION('',(0.,0.,-1.));
#16869 = ADVANCED_FACE('',(#16870),#16881,.T.);
#16870 = FACE_BOUND('',#16871,.F.);
#16871 = EDGE_LOOP('',(#16872,#16873,#16874,#16875));
#16872 = ORIENTED_EDGE('',*,*,#16567,.F.);
#16873 = ORIENTED_EDGE('',*,*,#16859,.T.);
#16874 = ORIENTED_EDGE('',*,*,#16681,.T.);
#16875 = ORIENTED_EDGE('',*,*,#16876,.F.);
#16876 = EDGE_CURVE('',#16568,#16673,#16877,.T.);
#16877 = LINE('',#16878,#16879);
#16878 = CARTESIAN_POINT('',(3.404202630842,0.42,0.));
#16879 = VECTOR('',#16880,1.);
#16880 = DIRECTION('',(0.,1.,0.));
#16881 = PLANE('',#16882);
#16882 = AXIS2_PLACEMENT_3D('',#16883,#16884,#16885);
#16883 = CARTESIAN_POINT('',(3.9,0.42,0.));
#16884 = DIRECTION('',(0.,0.,-1.));
#16885 = DIRECTION('',(-1.,0.,0.));
#16886 = ADVANCED_FACE('',(#16887),#16893,.T.);
#16887 = FACE_BOUND('',#16888,.T.);
#16888 = EDGE_LOOP('',(#16889,#16890,#16891,#16892));
#16889 = ORIENTED_EDGE('',*,*,#16672,.T.);
#16890 = ORIENTED_EDGE('',*,*,#16876,.F.);
#16891 = ORIENTED_EDGE('',*,*,#16575,.F.);
#16892 = ORIENTED_EDGE('',*,*,#16607,.T.);
#16893 = CYLINDRICAL_SURFACE('',#16894,0.31);
#16894 = AXIS2_PLACEMENT_3D('',#16895,#16896,#16897);
#16895 = CARTESIAN_POINT('',(3.404202630842,0.42,0.31));
#16896 = DIRECTION('',(0.,-1.,0.));
#16897 = DIRECTION('',(-0.984807753012,-0.,-0.173648177667));
#16898 = MANIFOLD_SOLID_BREP('',#16899);
#16899 = CLOSED_SHELL('',(#16900,#17008,#17039,#17138,#17160,#17177,
    #17194,#17211,#17228,#17240,#17257,#17274,#17291,#17308));
#16900 = ADVANCED_FACE('',(#16901),#17003,.F.);
#16901 = FACE_BOUND('',#16902,.F.);
#16902 = EDGE_LOOP('',(#16903,#16913,#16922,#16930,#16938,#16946,#16955,
    #16963,#16972,#16980,#16988,#16996));
#16903 = ORIENTED_EDGE('',*,*,#16904,.F.);
#16904 = EDGE_CURVE('',#16905,#16907,#16909,.T.);
#16905 = VERTEX_POINT('',#16906);
#16906 = CARTESIAN_POINT('',(2.991068063962,1.69,0.867783708427));
#16907 = VERTEX_POINT('',#16908);
#16908 = CARTESIAN_POINT('',(3.098912227408,1.69,0.256169064923));
#16909 = LINE('',#16910,#16911);
#16910 = CARTESIAN_POINT('',(2.991068063962,1.69,0.867783708427));
#16911 = VECTOR('',#16912,1.);
#16912 = DIRECTION('',(0.173648177667,0.,-0.984807753012));
#16913 = ORIENTED_EDGE('',*,*,#16914,.F.);
#16914 = EDGE_CURVE('',#16915,#16905,#16917,.T.);
#16915 = VERTEX_POINT('',#16916);
#16916 = CARTESIAN_POINT('',(2.83349882348,1.69,1.));
#16917 = CIRCLE('',#16918,0.16);
#16918 = AXIS2_PLACEMENT_3D('',#16919,#16920,#16921);
#16919 = CARTESIAN_POINT('',(2.83349882348,1.69,0.84));
#16920 = DIRECTION('',(0.,1.,0.));
#16921 = DIRECTION('',(0.,0.,1.));
#16922 = ORIENTED_EDGE('',*,*,#16923,.T.);
#16923 = EDGE_CURVE('',#16915,#16924,#16926,.T.);
#16924 = VERTEX_POINT('',#16925);
#16925 = CARTESIAN_POINT('',(2.65,1.69,1.));
#16926 = LINE('',#16927,#16928);
#16927 = CARTESIAN_POINT('',(2.83349882348,1.69,1.));
#16928 = VECTOR('',#16929,1.);
#16929 = DIRECTION('',(-1.,0.,0.));
#16930 = ORIENTED_EDGE('',*,*,#16931,.T.);
#16931 = EDGE_CURVE('',#16924,#16932,#16934,.T.);
#16932 = VERTEX_POINT('',#16933);
#16933 = CARTESIAN_POINT('',(2.65,1.69,1.15));
#16934 = LINE('',#16935,#16936);
#16935 = CARTESIAN_POINT('',(2.65,1.69,1.));
#16936 = VECTOR('',#16937,1.);
#16937 = DIRECTION('',(0.,0.,1.));
#16938 = ORIENTED_EDGE('',*,*,#16939,.T.);
#16939 = EDGE_CURVE('',#16932,#16940,#16942,.T.);
#16940 = VERTEX_POINT('',#16941);
#16941 = CARTESIAN_POINT('',(2.83349882348,1.69,1.15));
#16942 = LINE('',#16943,#16944);
#16943 = CARTESIAN_POINT('',(2.65,1.69,1.15));
#16944 = VECTOR('',#16945,1.);
#16945 = DIRECTION('',(1.,0.,0.));
#16946 = ORIENTED_EDGE('',*,*,#16947,.F.);
#16947 = EDGE_CURVE('',#16948,#16940,#16950,.T.);
#16948 = VERTEX_POINT('',#16949);
#16949 = CARTESIAN_POINT('',(3.138789226914,1.69,0.893830935077));
#16950 = CIRCLE('',#16951,0.31);
#16951 = AXIS2_PLACEMENT_3D('',#16952,#16953,#16954);
#16952 = CARTESIAN_POINT('',(2.83349882348,1.69,0.84));
#16953 = DIRECTION('',(0.,-1.,0.));
#16954 = DIRECTION('',(0.984807753012,0.,0.173648177667));
#16955 = ORIENTED_EDGE('',*,*,#16956,.F.);
#16956 = EDGE_CURVE('',#16957,#16948,#16959,.T.);
#16957 = VERTEX_POINT('',#16958);
#16958 = CARTESIAN_POINT('',(3.24663339036,1.69,0.282216291573));
#16959 = LINE('',#16960,#16961);
#16960 = CARTESIAN_POINT('',(3.24663339036,1.69,0.282216291573));
#16961 = VECTOR('',#16962,1.);
#16962 = DIRECTION('',(-0.173648177667,0.,0.984807753012));
#16963 = ORIENTED_EDGE('',*,*,#16964,.F.);
#16964 = EDGE_CURVE('',#16965,#16957,#16967,.T.);
#16965 = VERTEX_POINT('',#16966);
#16966 = CARTESIAN_POINT('',(3.404202630842,1.69,0.15));
#16967 = CIRCLE('',#16968,0.16);
#16968 = AXIS2_PLACEMENT_3D('',#16969,#16970,#16971);
#16969 = CARTESIAN_POINT('',(3.404202630842,1.69,0.31));
#16970 = DIRECTION('',(0.,1.,0.));
#16971 = DIRECTION('',(0.,0.,-1.));
#16972 = ORIENTED_EDGE('',*,*,#16973,.T.);
#16973 = EDGE_CURVE('',#16965,#16974,#16976,.T.);
#16974 = VERTEX_POINT('',#16975);
#16975 = CARTESIAN_POINT('',(3.9,1.69,0.15));
#16976 = LINE('',#16977,#16978);
#16977 = CARTESIAN_POINT('',(3.404202630842,1.69,0.15));
#16978 = VECTOR('',#16979,1.);
#16979 = DIRECTION('',(1.,0.,0.));
#16980 = ORIENTED_EDGE('',*,*,#16981,.T.);
#16981 = EDGE_CURVE('',#16974,#16982,#16984,.T.);
#16982 = VERTEX_POINT('',#16983);
#16983 = CARTESIAN_POINT('',(3.9,1.69,0.));
#16984 = LINE('',#16985,#16986);
#16985 = CARTESIAN_POINT('',(3.9,1.69,0.15));
#16986 = VECTOR('',#16987,1.);
#16987 = DIRECTION('',(0.,0.,-1.));
#16988 = ORIENTED_EDGE('',*,*,#16989,.T.);
#16989 = EDGE_CURVE('',#16982,#16990,#16992,.T.);
#16990 = VERTEX_POINT('',#16991);
#16991 = CARTESIAN_POINT('',(3.404202630842,1.69,0.));
#16992 = LINE('',#16993,#16994);
#16993 = CARTESIAN_POINT('',(3.9,1.69,0.));
#16994 = VECTOR('',#16995,1.);
#16995 = DIRECTION('',(-1.,0.,0.));
#16996 = ORIENTED_EDGE('',*,*,#16997,.F.);
#16997 = EDGE_CURVE('',#16907,#16990,#16998,.T.);
#16998 = CIRCLE('',#16999,0.31);
#16999 = AXIS2_PLACEMENT_3D('',#17000,#17001,#17002);
#17000 = CARTESIAN_POINT('',(3.404202630842,1.69,0.31));
#17001 = DIRECTION('',(0.,-1.,0.));
#17002 = DIRECTION('',(-0.984807753012,-0.,-0.173648177667));
#17003 = PLANE('',#17004);
#17004 = AXIS2_PLACEMENT_3D('',#17005,#17006,#17007);
#17005 = CARTESIAN_POINT('',(3.1,1.69,0.25));
#17006 = DIRECTION('',(0.,1.,0.));
#17007 = DIRECTION('',(-1.,0.,0.));
#17008 = ADVANCED_FACE('',(#17009),#17034,.T.);
#17009 = FACE_BOUND('',#17010,.F.);
#17010 = EDGE_LOOP('',(#17011,#17021,#17027,#17028));
#17011 = ORIENTED_EDGE('',*,*,#17012,.T.);
#17012 = EDGE_CURVE('',#17013,#17015,#17017,.T.);
#17013 = VERTEX_POINT('',#17014);
#17014 = CARTESIAN_POINT('',(3.098912227408,2.12,0.256169064923));
#17015 = VERTEX_POINT('',#17016);
#17016 = CARTESIAN_POINT('',(2.991068063962,2.12,0.867783708427));
#17017 = LINE('',#17018,#17019);
#17018 = CARTESIAN_POINT('',(3.098912227408,2.12,0.256169064923));
#17019 = VECTOR('',#17020,1.);
#17020 = DIRECTION('',(-0.173648177667,0.,0.984807753012));
#17021 = ORIENTED_EDGE('',*,*,#17022,.F.);
#17022 = EDGE_CURVE('',#16905,#17015,#17023,.T.);
#17023 = LINE('',#17024,#17025);
#17024 = CARTESIAN_POINT('',(2.991068063962,1.69,0.867783708427));
#17025 = VECTOR('',#17026,1.);
#17026 = DIRECTION('',(0.,1.,0.));
#17027 = ORIENTED_EDGE('',*,*,#16904,.T.);
#17028 = ORIENTED_EDGE('',*,*,#17029,.T.);
#17029 = EDGE_CURVE('',#16907,#17013,#17030,.T.);
#17030 = LINE('',#17031,#17032);
#17031 = CARTESIAN_POINT('',(3.098912227408,1.69,0.256169064923));
#17032 = VECTOR('',#17033,1.);
#17033 = DIRECTION('',(0.,1.,0.));
#17034 = PLANE('',#17035);
#17035 = AXIS2_PLACEMENT_3D('',#17036,#17037,#17038);
#17036 = CARTESIAN_POINT('',(3.144081745177,1.69,0.));
#17037 = DIRECTION('',(-0.984807753012,0.,-0.173648177667));
#17038 = DIRECTION('',(-0.173648177667,0.,0.984807753012));
#17039 = ADVANCED_FACE('',(#17040),#17133,.T.);
#17040 = FACE_BOUND('',#17041,.F.);
#17041 = EDGE_LOOP('',(#17042,#17052,#17061,#17069,#17077,#17085,#17092,
    #17093,#17102,#17110,#17118,#17126));
#17042 = ORIENTED_EDGE('',*,*,#17043,.F.);
#17043 = EDGE_CURVE('',#17044,#17046,#17048,.T.);
#17044 = VERTEX_POINT('',#17045);
#17045 = CARTESIAN_POINT('',(3.138789226914,2.12,0.893830935077));
#17046 = VERTEX_POINT('',#17047);
#17047 = CARTESIAN_POINT('',(3.24663339036,2.12,0.282216291573));
#17048 = LINE('',#17049,#17050);
#17049 = CARTESIAN_POINT('',(3.138789226914,2.12,0.893830935077));
#17050 = VECTOR('',#17051,1.);
#17051 = DIRECTION('',(0.173648177667,0.,-0.984807753012));
#17052 = ORIENTED_EDGE('',*,*,#17053,.T.);
#17053 = EDGE_CURVE('',#17044,#17054,#17056,.T.);
#17054 = VERTEX_POINT('',#17055);
#17055 = CARTESIAN_POINT('',(2.83349882348,2.12,1.15));
#17056 = CIRCLE('',#17057,0.31);
#17057 = AXIS2_PLACEMENT_3D('',#17058,#17059,#17060);
#17058 = CARTESIAN_POINT('',(2.83349882348,2.12,0.84));
#17059 = DIRECTION('',(0.,-1.,0.));
#17060 = DIRECTION('',(0.984807753012,0.,0.173648177667));
#17061 = ORIENTED_EDGE('',*,*,#17062,.F.);
#17062 = EDGE_CURVE('',#17063,#17054,#17065,.T.);
#17063 = VERTEX_POINT('',#17064);
#17064 = CARTESIAN_POINT('',(2.65,2.12,1.15));
#17065 = LINE('',#17066,#17067);
#17066 = CARTESIAN_POINT('',(2.65,2.12,1.15));
#17067 = VECTOR('',#17068,1.);
#17068 = DIRECTION('',(1.,0.,0.));
#17069 = ORIENTED_EDGE('',*,*,#17070,.F.);
#17070 = EDGE_CURVE('',#17071,#17063,#17073,.T.);
#17071 = VERTEX_POINT('',#17072);
#17072 = CARTESIAN_POINT('',(2.65,2.12,1.));
#17073 = LINE('',#17074,#17075);
#17074 = CARTESIAN_POINT('',(2.65,2.12,1.));
#17075 = VECTOR('',#17076,1.);
#17076 = DIRECTION('',(0.,0.,1.));
#17077 = ORIENTED_EDGE('',*,*,#17078,.F.);
#17078 = EDGE_CURVE('',#17079,#17071,#17081,.T.);
#17079 = VERTEX_POINT('',#17080);
#17080 = CARTESIAN_POINT('',(2.83349882348,2.12,1.));
#17081 = LINE('',#17082,#17083);
#17082 = CARTESIAN_POINT('',(2.83349882348,2.12,1.));
#17083 = VECTOR('',#17084,1.);
#17084 = DIRECTION('',(-1.,0.,0.));
#17085 = ORIENTED_EDGE('',*,*,#17086,.T.);
#17086 = EDGE_CURVE('',#17079,#17015,#17087,.T.);
#17087 = CIRCLE('',#17088,0.16);
#17088 = AXIS2_PLACEMENT_3D('',#17089,#17090,#17091);
#17089 = CARTESIAN_POINT('',(2.83349882348,2.12,0.84));
#17090 = DIRECTION('',(0.,1.,0.));
#17091 = DIRECTION('',(0.,0.,1.));
#17092 = ORIENTED_EDGE('',*,*,#17012,.F.);
#17093 = ORIENTED_EDGE('',*,*,#17094,.T.);
#17094 = EDGE_CURVE('',#17013,#17095,#17097,.T.);
#17095 = VERTEX_POINT('',#17096);
#17096 = CARTESIAN_POINT('',(3.404202630842,2.12,0.));
#17097 = CIRCLE('',#17098,0.31);
#17098 = AXIS2_PLACEMENT_3D('',#17099,#17100,#17101);
#17099 = CARTESIAN_POINT('',(3.404202630842,2.12,0.31));
#17100 = DIRECTION('',(0.,-1.,0.));
#17101 = DIRECTION('',(-0.984807753012,-0.,-0.173648177667));
#17102 = ORIENTED_EDGE('',*,*,#17103,.F.);
#17103 = EDGE_CURVE('',#17104,#17095,#17106,.T.);
#17104 = VERTEX_POINT('',#17105);
#17105 = CARTESIAN_POINT('',(3.9,2.12,0.));
#17106 = LINE('',#17107,#17108);
#17107 = CARTESIAN_POINT('',(3.9,2.12,0.));
#17108 = VECTOR('',#17109,1.);
#17109 = DIRECTION('',(-1.,0.,0.));
#17110 = ORIENTED_EDGE('',*,*,#17111,.F.);
#17111 = EDGE_CURVE('',#17112,#17104,#17114,.T.);
#17112 = VERTEX_POINT('',#17113);
#17113 = CARTESIAN_POINT('',(3.9,2.12,0.15));
#17114 = LINE('',#17115,#17116);
#17115 = CARTESIAN_POINT('',(3.9,2.12,0.15));
#17116 = VECTOR('',#17117,1.);
#17117 = DIRECTION('',(0.,0.,-1.));
#17118 = ORIENTED_EDGE('',*,*,#17119,.F.);
#17119 = EDGE_CURVE('',#17120,#17112,#17122,.T.);
#17120 = VERTEX_POINT('',#17121);
#17121 = CARTESIAN_POINT('',(3.404202630842,2.12,0.15));
#17122 = LINE('',#17123,#17124);
#17123 = CARTESIAN_POINT('',(3.404202630842,2.12,0.15));
#17124 = VECTOR('',#17125,1.);
#17125 = DIRECTION('',(1.,0.,0.));
#17126 = ORIENTED_EDGE('',*,*,#17127,.T.);
#17127 = EDGE_CURVE('',#17120,#17046,#17128,.T.);
#17128 = CIRCLE('',#17129,0.16);
#17129 = AXIS2_PLACEMENT_3D('',#17130,#17131,#17132);
#17130 = CARTESIAN_POINT('',(3.404202630842,2.12,0.31));
#17131 = DIRECTION('',(0.,1.,0.));
#17132 = DIRECTION('',(0.,0.,-1.));
#17133 = PLANE('',#17134);
#17134 = AXIS2_PLACEMENT_3D('',#17135,#17136,#17137);
#17135 = CARTESIAN_POINT('',(3.1,2.12,0.25));
#17136 = DIRECTION('',(0.,1.,0.));
#17137 = DIRECTION('',(-1.,0.,0.));
#17138 = ADVANCED_FACE('',(#17139),#17155,.T.);
#17139 = FACE_BOUND('',#17140,.F.);
#17140 = EDGE_LOOP('',(#17141,#17142,#17148,#17149));
#17141 = ORIENTED_EDGE('',*,*,#16956,.T.);
#17142 = ORIENTED_EDGE('',*,*,#17143,.T.);
#17143 = EDGE_CURVE('',#16948,#17044,#17144,.T.);
#17144 = LINE('',#17145,#17146);
#17145 = CARTESIAN_POINT('',(3.138789226914,1.69,0.893830935077));
#17146 = VECTOR('',#17147,1.);
#17147 = DIRECTION('',(0.,1.,0.));
#17148 = ORIENTED_EDGE('',*,*,#17043,.T.);
#17149 = ORIENTED_EDGE('',*,*,#17150,.F.);
#17150 = EDGE_CURVE('',#16957,#17046,#17151,.T.);
#17151 = LINE('',#17152,#17153);
#17152 = CARTESIAN_POINT('',(3.24663339036,1.69,0.282216291573));
#17153 = VECTOR('',#17154,1.);
#17154 = DIRECTION('',(0.,1.,0.));
#17155 = PLANE('',#17156);
#17156 = AXIS2_PLACEMENT_3D('',#17157,#17158,#17159);
#17157 = CARTESIAN_POINT('',(3.247721162952,1.69,0.27604722665));
#17158 = DIRECTION('',(0.984807753012,0.,0.173648177667));
#17159 = DIRECTION('',(0.173648177667,0.,-0.984807753012));
#17160 = ADVANCED_FACE('',(#17161),#17172,.T.);
#17161 = FACE_BOUND('',#17162,.T.);
#17162 = EDGE_LOOP('',(#17163,#17164,#17170,#17171));
#17163 = ORIENTED_EDGE('',*,*,#17053,.T.);
#17164 = ORIENTED_EDGE('',*,*,#17165,.F.);
#17165 = EDGE_CURVE('',#16940,#17054,#17166,.T.);
#17166 = LINE('',#17167,#17168);
#17167 = CARTESIAN_POINT('',(2.83349882348,1.69,1.15));
#17168 = VECTOR('',#17169,1.);
#17169 = DIRECTION('',(0.,1.,0.));
#17170 = ORIENTED_EDGE('',*,*,#16947,.F.);
#17171 = ORIENTED_EDGE('',*,*,#17143,.T.);
#17172 = CYLINDRICAL_SURFACE('',#17173,0.31);
#17173 = AXIS2_PLACEMENT_3D('',#17174,#17175,#17176);
#17174 = CARTESIAN_POINT('',(2.83349882348,1.69,0.84));
#17175 = DIRECTION('',(0.,-1.,0.));
#17176 = DIRECTION('',(0.984807753012,0.,0.173648177667));
#17177 = ADVANCED_FACE('',(#17178),#17189,.T.);
#17178 = FACE_BOUND('',#17179,.F.);
#17179 = EDGE_LOOP('',(#17180,#17181,#17187,#17188));
#17180 = ORIENTED_EDGE('',*,*,#16939,.F.);
#17181 = ORIENTED_EDGE('',*,*,#17182,.T.);
#17182 = EDGE_CURVE('',#16932,#17063,#17183,.T.);
#17183 = LINE('',#17184,#17185);
#17184 = CARTESIAN_POINT('',(2.65,1.69,1.15));
#17185 = VECTOR('',#17186,1.);
#17186 = DIRECTION('',(0.,1.,0.));
#17187 = ORIENTED_EDGE('',*,*,#17062,.T.);
#17188 = ORIENTED_EDGE('',*,*,#17165,.F.);
#17189 = PLANE('',#17190);
#17190 = AXIS2_PLACEMENT_3D('',#17191,#17192,#17193);
#17191 = CARTESIAN_POINT('',(2.65,1.69,1.15));
#17192 = DIRECTION('',(0.,0.,1.));
#17193 = DIRECTION('',(1.,0.,0.));
#17194 = ADVANCED_FACE('',(#17195),#17206,.T.);
#17195 = FACE_BOUND('',#17196,.F.);
#17196 = EDGE_LOOP('',(#17197,#17198,#17204,#17205));
#17197 = ORIENTED_EDGE('',*,*,#16931,.F.);
#17198 = ORIENTED_EDGE('',*,*,#17199,.T.);
#17199 = EDGE_CURVE('',#16924,#17071,#17200,.T.);
#17200 = LINE('',#17201,#17202);
#17201 = CARTESIAN_POINT('',(2.65,1.69,1.));
#17202 = VECTOR('',#17203,1.);
#17203 = DIRECTION('',(0.,1.,0.));
#17204 = ORIENTED_EDGE('',*,*,#17070,.T.);
#17205 = ORIENTED_EDGE('',*,*,#17182,.F.);
#17206 = PLANE('',#17207);
#17207 = AXIS2_PLACEMENT_3D('',#17208,#17209,#17210);
#17208 = CARTESIAN_POINT('',(2.65,1.69,1.));
#17209 = DIRECTION('',(-1.,0.,0.));
#17210 = DIRECTION('',(0.,0.,1.));
#17211 = ADVANCED_FACE('',(#17212),#17223,.T.);
#17212 = FACE_BOUND('',#17213,.F.);
#17213 = EDGE_LOOP('',(#17214,#17215,#17221,#17222));
#17214 = ORIENTED_EDGE('',*,*,#16923,.F.);
#17215 = ORIENTED_EDGE('',*,*,#17216,.T.);
#17216 = EDGE_CURVE('',#16915,#17079,#17217,.T.);
#17217 = LINE('',#17218,#17219);
#17218 = CARTESIAN_POINT('',(2.83349882348,1.69,1.));
#17219 = VECTOR('',#17220,1.);
#17220 = DIRECTION('',(0.,1.,0.));
#17221 = ORIENTED_EDGE('',*,*,#17078,.T.);
#17222 = ORIENTED_EDGE('',*,*,#17199,.F.);
#17223 = PLANE('',#17224);
#17224 = AXIS2_PLACEMENT_3D('',#17225,#17226,#17227);
#17225 = CARTESIAN_POINT('',(2.967754764469,1.69,1.));
#17226 = DIRECTION('',(0.,0.,-1.));
#17227 = DIRECTION('',(-1.,0.,0.));
#17228 = ADVANCED_FACE('',(#17229),#17235,.F.);
#17229 = FACE_BOUND('',#17230,.F.);
#17230 = EDGE_LOOP('',(#17231,#17232,#17233,#17234));
#17231 = ORIENTED_EDGE('',*,*,#17216,.F.);
#17232 = ORIENTED_EDGE('',*,*,#16914,.T.);
#17233 = ORIENTED_EDGE('',*,*,#17022,.T.);
#17234 = ORIENTED_EDGE('',*,*,#17086,.F.);
#17235 = CYLINDRICAL_SURFACE('',#17236,0.16);
#17236 = AXIS2_PLACEMENT_3D('',#17237,#17238,#17239);
#17237 = CARTESIAN_POINT('',(2.83349882348,1.69,0.84));
#17238 = DIRECTION('',(0.,1.,0.));
#17239 = DIRECTION('',(0.,0.,1.));
#17240 = ADVANCED_FACE('',(#17241),#17252,.F.);
#17241 = FACE_BOUND('',#17242,.F.);
#17242 = EDGE_LOOP('',(#17243,#17249,#17250,#17251));
#17243 = ORIENTED_EDGE('',*,*,#17244,.F.);
#17244 = EDGE_CURVE('',#16965,#17120,#17245,.T.);
#17245 = LINE('',#17246,#17247);
#17246 = CARTESIAN_POINT('',(3.404202630842,1.69,0.15));
#17247 = VECTOR('',#17248,1.);
#17248 = DIRECTION('',(0.,1.,0.));
#17249 = ORIENTED_EDGE('',*,*,#16964,.T.);
#17250 = ORIENTED_EDGE('',*,*,#17150,.T.);
#17251 = ORIENTED_EDGE('',*,*,#17127,.F.);
#17252 = CYLINDRICAL_SURFACE('',#17253,0.16);
#17253 = AXIS2_PLACEMENT_3D('',#17254,#17255,#17256);
#17254 = CARTESIAN_POINT('',(3.404202630842,1.69,0.31));
#17255 = DIRECTION('',(0.,1.,0.));
#17256 = DIRECTION('',(0.,0.,-1.));
#17257 = ADVANCED_FACE('',(#17258),#17269,.T.);
#17258 = FACE_BOUND('',#17259,.F.);
#17259 = EDGE_LOOP('',(#17260,#17261,#17262,#17263));
#17260 = ORIENTED_EDGE('',*,*,#16973,.F.);
#17261 = ORIENTED_EDGE('',*,*,#17244,.T.);
#17262 = ORIENTED_EDGE('',*,*,#17119,.T.);
#17263 = ORIENTED_EDGE('',*,*,#17264,.F.);
#17264 = EDGE_CURVE('',#16974,#17112,#17265,.T.);
#17265 = LINE('',#17266,#17267);
#17266 = CARTESIAN_POINT('',(3.9,1.69,0.15));
#17267 = VECTOR('',#17268,1.);
#17268 = DIRECTION('',(0.,1.,0.));
#17269 = PLANE('',#17270);
#17270 = AXIS2_PLACEMENT_3D('',#17271,#17272,#17273);
#17271 = CARTESIAN_POINT('',(3.269946689854,1.69,0.15));
#17272 = DIRECTION('',(0.,0.,1.));
#17273 = DIRECTION('',(1.,0.,0.));
#17274 = ADVANCED_FACE('',(#17275),#17286,.T.);
#17275 = FACE_BOUND('',#17276,.F.);
#17276 = EDGE_LOOP('',(#17277,#17278,#17279,#17280));
#17277 = ORIENTED_EDGE('',*,*,#16981,.F.);
#17278 = ORIENTED_EDGE('',*,*,#17264,.T.);
#17279 = ORIENTED_EDGE('',*,*,#17111,.T.);
#17280 = ORIENTED_EDGE('',*,*,#17281,.F.);
#17281 = EDGE_CURVE('',#16982,#17104,#17282,.T.);
#17282 = LINE('',#17283,#17284);
#17283 = CARTESIAN_POINT('',(3.9,1.69,0.));
#17284 = VECTOR('',#17285,1.);
#17285 = DIRECTION('',(0.,1.,0.));
#17286 = PLANE('',#17287);
#17287 = AXIS2_PLACEMENT_3D('',#17288,#17289,#17290);
#17288 = CARTESIAN_POINT('',(3.9,1.69,0.15));
#17289 = DIRECTION('',(1.,0.,0.));
#17290 = DIRECTION('',(0.,0.,-1.));
#17291 = ADVANCED_FACE('',(#17292),#17303,.T.);
#17292 = FACE_BOUND('',#17293,.F.);
#17293 = EDGE_LOOP('',(#17294,#17295,#17296,#17297));
#17294 = ORIENTED_EDGE('',*,*,#16989,.F.);
#17295 = ORIENTED_EDGE('',*,*,#17281,.T.);
#17296 = ORIENTED_EDGE('',*,*,#17103,.T.);
#17297 = ORIENTED_EDGE('',*,*,#17298,.F.);
#17298 = EDGE_CURVE('',#16990,#17095,#17299,.T.);
#17299 = LINE('',#17300,#17301);
#17300 = CARTESIAN_POINT('',(3.404202630842,1.69,0.));
#17301 = VECTOR('',#17302,1.);
#17302 = DIRECTION('',(0.,1.,0.));
#17303 = PLANE('',#17304);
#17304 = AXIS2_PLACEMENT_3D('',#17305,#17306,#17307);
#17305 = CARTESIAN_POINT('',(3.9,1.69,0.));
#17306 = DIRECTION('',(0.,0.,-1.));
#17307 = DIRECTION('',(-1.,0.,0.));
#17308 = ADVANCED_FACE('',(#17309),#17315,.T.);
#17309 = FACE_BOUND('',#17310,.T.);
#17310 = EDGE_LOOP('',(#17311,#17312,#17313,#17314));
#17311 = ORIENTED_EDGE('',*,*,#17094,.T.);
#17312 = ORIENTED_EDGE('',*,*,#17298,.F.);
#17313 = ORIENTED_EDGE('',*,*,#16997,.F.);
#17314 = ORIENTED_EDGE('',*,*,#17029,.T.);
#17315 = CYLINDRICAL_SURFACE('',#17316,0.31);
#17316 = AXIS2_PLACEMENT_3D('',#17317,#17318,#17319);
#17317 = CARTESIAN_POINT('',(3.404202630842,1.69,0.31));
#17318 = DIRECTION('',(0.,-1.,0.));
#17319 = DIRECTION('',(-0.984807753012,-0.,-0.173648177667));
#17320 = MANIFOLD_SOLID_BREP('',#17321);
#17321 = CLOSED_SHELL('',(#17322,#17430,#17461,#17560,#17582,#17599,
    #17616,#17633,#17650,#17662,#17679,#17696,#17713,#17730));
#17322 = ADVANCED_FACE('',(#17323),#17425,.F.);
#17323 = FACE_BOUND('',#17324,.F.);
#17324 = EDGE_LOOP('',(#17325,#17335,#17344,#17352,#17360,#17368,#17377,
    #17385,#17394,#17402,#17410,#17418));
#17325 = ORIENTED_EDGE('',*,*,#17326,.F.);
#17326 = EDGE_CURVE('',#17327,#17329,#17331,.T.);
#17327 = VERTEX_POINT('',#17328);
#17328 = CARTESIAN_POINT('',(2.991068063962,2.96,0.867783708427));
#17329 = VERTEX_POINT('',#17330);
#17330 = CARTESIAN_POINT('',(3.098912227408,2.96,0.256169064923));
#17331 = LINE('',#17332,#17333);
#17332 = CARTESIAN_POINT('',(2.991068063962,2.96,0.867783708427));
#17333 = VECTOR('',#17334,1.);
#17334 = DIRECTION('',(0.173648177667,0.,-0.984807753012));
#17335 = ORIENTED_EDGE('',*,*,#17336,.F.);
#17336 = EDGE_CURVE('',#17337,#17327,#17339,.T.);
#17337 = VERTEX_POINT('',#17338);
#17338 = CARTESIAN_POINT('',(2.83349882348,2.96,1.));
#17339 = CIRCLE('',#17340,0.16);
#17340 = AXIS2_PLACEMENT_3D('',#17341,#17342,#17343);
#17341 = CARTESIAN_POINT('',(2.83349882348,2.96,0.84));
#17342 = DIRECTION('',(0.,1.,0.));
#17343 = DIRECTION('',(0.,0.,1.));
#17344 = ORIENTED_EDGE('',*,*,#17345,.T.);
#17345 = EDGE_CURVE('',#17337,#17346,#17348,.T.);
#17346 = VERTEX_POINT('',#17347);
#17347 = CARTESIAN_POINT('',(2.65,2.96,1.));
#17348 = LINE('',#17349,#17350);
#17349 = CARTESIAN_POINT('',(2.83349882348,2.96,1.));
#17350 = VECTOR('',#17351,1.);
#17351 = DIRECTION('',(-1.,0.,0.));
#17352 = ORIENTED_EDGE('',*,*,#17353,.T.);
#17353 = EDGE_CURVE('',#17346,#17354,#17356,.T.);
#17354 = VERTEX_POINT('',#17355);
#17355 = CARTESIAN_POINT('',(2.65,2.96,1.15));
#17356 = LINE('',#17357,#17358);
#17357 = CARTESIAN_POINT('',(2.65,2.96,1.));
#17358 = VECTOR('',#17359,1.);
#17359 = DIRECTION('',(0.,0.,1.));
#17360 = ORIENTED_EDGE('',*,*,#17361,.T.);
#17361 = EDGE_CURVE('',#17354,#17362,#17364,.T.);
#17362 = VERTEX_POINT('',#17363);
#17363 = CARTESIAN_POINT('',(2.83349882348,2.96,1.15));
#17364 = LINE('',#17365,#17366);
#17365 = CARTESIAN_POINT('',(2.65,2.96,1.15));
#17366 = VECTOR('',#17367,1.);
#17367 = DIRECTION('',(1.,0.,0.));
#17368 = ORIENTED_EDGE('',*,*,#17369,.F.);
#17369 = EDGE_CURVE('',#17370,#17362,#17372,.T.);
#17370 = VERTEX_POINT('',#17371);
#17371 = CARTESIAN_POINT('',(3.138789226914,2.96,0.893830935077));
#17372 = CIRCLE('',#17373,0.31);
#17373 = AXIS2_PLACEMENT_3D('',#17374,#17375,#17376);
#17374 = CARTESIAN_POINT('',(2.83349882348,2.96,0.84));
#17375 = DIRECTION('',(0.,-1.,0.));
#17376 = DIRECTION('',(0.984807753012,0.,0.173648177667));
#17377 = ORIENTED_EDGE('',*,*,#17378,.F.);
#17378 = EDGE_CURVE('',#17379,#17370,#17381,.T.);
#17379 = VERTEX_POINT('',#17380);
#17380 = CARTESIAN_POINT('',(3.24663339036,2.96,0.282216291573));
#17381 = LINE('',#17382,#17383);
#17382 = CARTESIAN_POINT('',(3.24663339036,2.96,0.282216291573));
#17383 = VECTOR('',#17384,1.);
#17384 = DIRECTION('',(-0.173648177667,0.,0.984807753012));
#17385 = ORIENTED_EDGE('',*,*,#17386,.F.);
#17386 = EDGE_CURVE('',#17387,#17379,#17389,.T.);
#17387 = VERTEX_POINT('',#17388);
#17388 = CARTESIAN_POINT('',(3.404202630842,2.96,0.15));
#17389 = CIRCLE('',#17390,0.16);
#17390 = AXIS2_PLACEMENT_3D('',#17391,#17392,#17393);
#17391 = CARTESIAN_POINT('',(3.404202630842,2.96,0.31));
#17392 = DIRECTION('',(0.,1.,0.));
#17393 = DIRECTION('',(0.,0.,-1.));
#17394 = ORIENTED_EDGE('',*,*,#17395,.T.);
#17395 = EDGE_CURVE('',#17387,#17396,#17398,.T.);
#17396 = VERTEX_POINT('',#17397);
#17397 = CARTESIAN_POINT('',(3.9,2.96,0.15));
#17398 = LINE('',#17399,#17400);
#17399 = CARTESIAN_POINT('',(3.404202630842,2.96,0.15));
#17400 = VECTOR('',#17401,1.);
#17401 = DIRECTION('',(1.,0.,0.));
#17402 = ORIENTED_EDGE('',*,*,#17403,.T.);
#17403 = EDGE_CURVE('',#17396,#17404,#17406,.T.);
#17404 = VERTEX_POINT('',#17405);
#17405 = CARTESIAN_POINT('',(3.9,2.96,0.));
#17406 = LINE('',#17407,#17408);
#17407 = CARTESIAN_POINT('',(3.9,2.96,0.15));
#17408 = VECTOR('',#17409,1.);
#17409 = DIRECTION('',(0.,0.,-1.));
#17410 = ORIENTED_EDGE('',*,*,#17411,.T.);
#17411 = EDGE_CURVE('',#17404,#17412,#17414,.T.);
#17412 = VERTEX_POINT('',#17413);
#17413 = CARTESIAN_POINT('',(3.404202630842,2.96,0.));
#17414 = LINE('',#17415,#17416);
#17415 = CARTESIAN_POINT('',(3.9,2.96,0.));
#17416 = VECTOR('',#17417,1.);
#17417 = DIRECTION('',(-1.,0.,0.));
#17418 = ORIENTED_EDGE('',*,*,#17419,.F.);
#17419 = EDGE_CURVE('',#17329,#17412,#17420,.T.);
#17420 = CIRCLE('',#17421,0.31);
#17421 = AXIS2_PLACEMENT_3D('',#17422,#17423,#17424);
#17422 = CARTESIAN_POINT('',(3.404202630842,2.96,0.31));
#17423 = DIRECTION('',(0.,-1.,0.));
#17424 = DIRECTION('',(-0.984807753012,-0.,-0.173648177667));
#17425 = PLANE('',#17426);
#17426 = AXIS2_PLACEMENT_3D('',#17427,#17428,#17429);
#17427 = CARTESIAN_POINT('',(3.1,2.96,0.25));
#17428 = DIRECTION('',(0.,1.,0.));
#17429 = DIRECTION('',(-1.,0.,0.));
#17430 = ADVANCED_FACE('',(#17431),#17456,.T.);
#17431 = FACE_BOUND('',#17432,.F.);
#17432 = EDGE_LOOP('',(#17433,#17443,#17449,#17450));
#17433 = ORIENTED_EDGE('',*,*,#17434,.T.);
#17434 = EDGE_CURVE('',#17435,#17437,#17439,.T.);
#17435 = VERTEX_POINT('',#17436);
#17436 = CARTESIAN_POINT('',(3.098912227408,3.39,0.256169064923));
#17437 = VERTEX_POINT('',#17438);
#17438 = CARTESIAN_POINT('',(2.991068063962,3.39,0.867783708427));
#17439 = LINE('',#17440,#17441);
#17440 = CARTESIAN_POINT('',(3.098912227408,3.39,0.256169064923));
#17441 = VECTOR('',#17442,1.);
#17442 = DIRECTION('',(-0.173648177667,0.,0.984807753012));
#17443 = ORIENTED_EDGE('',*,*,#17444,.F.);
#17444 = EDGE_CURVE('',#17327,#17437,#17445,.T.);
#17445 = LINE('',#17446,#17447);
#17446 = CARTESIAN_POINT('',(2.991068063962,2.96,0.867783708427));
#17447 = VECTOR('',#17448,1.);
#17448 = DIRECTION('',(0.,1.,0.));
#17449 = ORIENTED_EDGE('',*,*,#17326,.T.);
#17450 = ORIENTED_EDGE('',*,*,#17451,.T.);
#17451 = EDGE_CURVE('',#17329,#17435,#17452,.T.);
#17452 = LINE('',#17453,#17454);
#17453 = CARTESIAN_POINT('',(3.098912227408,2.96,0.256169064923));
#17454 = VECTOR('',#17455,1.);
#17455 = DIRECTION('',(0.,1.,0.));
#17456 = PLANE('',#17457);
#17457 = AXIS2_PLACEMENT_3D('',#17458,#17459,#17460);
#17458 = CARTESIAN_POINT('',(3.144081745177,2.96,0.));
#17459 = DIRECTION('',(-0.984807753012,0.,-0.173648177667));
#17460 = DIRECTION('',(-0.173648177667,0.,0.984807753012));
#17461 = ADVANCED_FACE('',(#17462),#17555,.T.);
#17462 = FACE_BOUND('',#17463,.F.);
#17463 = EDGE_LOOP('',(#17464,#17474,#17483,#17491,#17499,#17507,#17514,
    #17515,#17524,#17532,#17540,#17548));
#17464 = ORIENTED_EDGE('',*,*,#17465,.F.);
#17465 = EDGE_CURVE('',#17466,#17468,#17470,.T.);
#17466 = VERTEX_POINT('',#17467);
#17467 = CARTESIAN_POINT('',(3.138789226914,3.39,0.893830935077));
#17468 = VERTEX_POINT('',#17469);
#17469 = CARTESIAN_POINT('',(3.24663339036,3.39,0.282216291573));
#17470 = LINE('',#17471,#17472);
#17471 = CARTESIAN_POINT('',(3.138789226914,3.39,0.893830935077));
#17472 = VECTOR('',#17473,1.);
#17473 = DIRECTION('',(0.173648177667,0.,-0.984807753012));
#17474 = ORIENTED_EDGE('',*,*,#17475,.T.);
#17475 = EDGE_CURVE('',#17466,#17476,#17478,.T.);
#17476 = VERTEX_POINT('',#17477);
#17477 = CARTESIAN_POINT('',(2.83349882348,3.39,1.15));
#17478 = CIRCLE('',#17479,0.31);
#17479 = AXIS2_PLACEMENT_3D('',#17480,#17481,#17482);
#17480 = CARTESIAN_POINT('',(2.83349882348,3.39,0.84));
#17481 = DIRECTION('',(0.,-1.,0.));
#17482 = DIRECTION('',(0.984807753012,0.,0.173648177667));
#17483 = ORIENTED_EDGE('',*,*,#17484,.F.);
#17484 = EDGE_CURVE('',#17485,#17476,#17487,.T.);
#17485 = VERTEX_POINT('',#17486);
#17486 = CARTESIAN_POINT('',(2.65,3.39,1.15));
#17487 = LINE('',#17488,#17489);
#17488 = CARTESIAN_POINT('',(2.65,3.39,1.15));
#17489 = VECTOR('',#17490,1.);
#17490 = DIRECTION('',(1.,0.,0.));
#17491 = ORIENTED_EDGE('',*,*,#17492,.F.);
#17492 = EDGE_CURVE('',#17493,#17485,#17495,.T.);
#17493 = VERTEX_POINT('',#17494);
#17494 = CARTESIAN_POINT('',(2.65,3.39,1.));
#17495 = LINE('',#17496,#17497);
#17496 = CARTESIAN_POINT('',(2.65,3.39,1.));
#17497 = VECTOR('',#17498,1.);
#17498 = DIRECTION('',(0.,0.,1.));
#17499 = ORIENTED_EDGE('',*,*,#17500,.F.);
#17500 = EDGE_CURVE('',#17501,#17493,#17503,.T.);
#17501 = VERTEX_POINT('',#17502);
#17502 = CARTESIAN_POINT('',(2.83349882348,3.39,1.));
#17503 = LINE('',#17504,#17505);
#17504 = CARTESIAN_POINT('',(2.83349882348,3.39,1.));
#17505 = VECTOR('',#17506,1.);
#17506 = DIRECTION('',(-1.,0.,0.));
#17507 = ORIENTED_EDGE('',*,*,#17508,.T.);
#17508 = EDGE_CURVE('',#17501,#17437,#17509,.T.);
#17509 = CIRCLE('',#17510,0.16);
#17510 = AXIS2_PLACEMENT_3D('',#17511,#17512,#17513);
#17511 = CARTESIAN_POINT('',(2.83349882348,3.39,0.84));
#17512 = DIRECTION('',(0.,1.,0.));
#17513 = DIRECTION('',(0.,0.,1.));
#17514 = ORIENTED_EDGE('',*,*,#17434,.F.);
#17515 = ORIENTED_EDGE('',*,*,#17516,.T.);
#17516 = EDGE_CURVE('',#17435,#17517,#17519,.T.);
#17517 = VERTEX_POINT('',#17518);
#17518 = CARTESIAN_POINT('',(3.404202630842,3.39,0.));
#17519 = CIRCLE('',#17520,0.31);
#17520 = AXIS2_PLACEMENT_3D('',#17521,#17522,#17523);
#17521 = CARTESIAN_POINT('',(3.404202630842,3.39,0.31));
#17522 = DIRECTION('',(0.,-1.,0.));
#17523 = DIRECTION('',(-0.984807753012,-0.,-0.173648177667));
#17524 = ORIENTED_EDGE('',*,*,#17525,.F.);
#17525 = EDGE_CURVE('',#17526,#17517,#17528,.T.);
#17526 = VERTEX_POINT('',#17527);
#17527 = CARTESIAN_POINT('',(3.9,3.39,0.));
#17528 = LINE('',#17529,#17530);
#17529 = CARTESIAN_POINT('',(3.9,3.39,0.));
#17530 = VECTOR('',#17531,1.);
#17531 = DIRECTION('',(-1.,0.,0.));
#17532 = ORIENTED_EDGE('',*,*,#17533,.F.);
#17533 = EDGE_CURVE('',#17534,#17526,#17536,.T.);
#17534 = VERTEX_POINT('',#17535);
#17535 = CARTESIAN_POINT('',(3.9,3.39,0.15));
#17536 = LINE('',#17537,#17538);
#17537 = CARTESIAN_POINT('',(3.9,3.39,0.15));
#17538 = VECTOR('',#17539,1.);
#17539 = DIRECTION('',(0.,0.,-1.));
#17540 = ORIENTED_EDGE('',*,*,#17541,.F.);
#17541 = EDGE_CURVE('',#17542,#17534,#17544,.T.);
#17542 = VERTEX_POINT('',#17543);
#17543 = CARTESIAN_POINT('',(3.404202630842,3.39,0.15));
#17544 = LINE('',#17545,#17546);
#17545 = CARTESIAN_POINT('',(3.404202630842,3.39,0.15));
#17546 = VECTOR('',#17547,1.);
#17547 = DIRECTION('',(1.,0.,0.));
#17548 = ORIENTED_EDGE('',*,*,#17549,.T.);
#17549 = EDGE_CURVE('',#17542,#17468,#17550,.T.);
#17550 = CIRCLE('',#17551,0.16);
#17551 = AXIS2_PLACEMENT_3D('',#17552,#17553,#17554);
#17552 = CARTESIAN_POINT('',(3.404202630842,3.39,0.31));
#17553 = DIRECTION('',(0.,1.,0.));
#17554 = DIRECTION('',(0.,0.,-1.));
#17555 = PLANE('',#17556);
#17556 = AXIS2_PLACEMENT_3D('',#17557,#17558,#17559);
#17557 = CARTESIAN_POINT('',(3.1,3.39,0.25));
#17558 = DIRECTION('',(0.,1.,0.));
#17559 = DIRECTION('',(-1.,0.,0.));
#17560 = ADVANCED_FACE('',(#17561),#17577,.T.);
#17561 = FACE_BOUND('',#17562,.F.);
#17562 = EDGE_LOOP('',(#17563,#17564,#17570,#17571));
#17563 = ORIENTED_EDGE('',*,*,#17378,.T.);
#17564 = ORIENTED_EDGE('',*,*,#17565,.T.);
#17565 = EDGE_CURVE('',#17370,#17466,#17566,.T.);
#17566 = LINE('',#17567,#17568);
#17567 = CARTESIAN_POINT('',(3.138789226914,2.96,0.893830935077));
#17568 = VECTOR('',#17569,1.);
#17569 = DIRECTION('',(0.,1.,0.));
#17570 = ORIENTED_EDGE('',*,*,#17465,.T.);
#17571 = ORIENTED_EDGE('',*,*,#17572,.F.);
#17572 = EDGE_CURVE('',#17379,#17468,#17573,.T.);
#17573 = LINE('',#17574,#17575);
#17574 = CARTESIAN_POINT('',(3.24663339036,2.96,0.282216291573));
#17575 = VECTOR('',#17576,1.);
#17576 = DIRECTION('',(0.,1.,0.));
#17577 = PLANE('',#17578);
#17578 = AXIS2_PLACEMENT_3D('',#17579,#17580,#17581);
#17579 = CARTESIAN_POINT('',(3.247721162952,2.96,0.27604722665));
#17580 = DIRECTION('',(0.984807753012,0.,0.173648177667));
#17581 = DIRECTION('',(0.173648177667,0.,-0.984807753012));
#17582 = ADVANCED_FACE('',(#17583),#17594,.T.);
#17583 = FACE_BOUND('',#17584,.T.);
#17584 = EDGE_LOOP('',(#17585,#17586,#17592,#17593));
#17585 = ORIENTED_EDGE('',*,*,#17475,.T.);
#17586 = ORIENTED_EDGE('',*,*,#17587,.F.);
#17587 = EDGE_CURVE('',#17362,#17476,#17588,.T.);
#17588 = LINE('',#17589,#17590);
#17589 = CARTESIAN_POINT('',(2.83349882348,2.96,1.15));
#17590 = VECTOR('',#17591,1.);
#17591 = DIRECTION('',(0.,1.,0.));
#17592 = ORIENTED_EDGE('',*,*,#17369,.F.);
#17593 = ORIENTED_EDGE('',*,*,#17565,.T.);
#17594 = CYLINDRICAL_SURFACE('',#17595,0.31);
#17595 = AXIS2_PLACEMENT_3D('',#17596,#17597,#17598);
#17596 = CARTESIAN_POINT('',(2.83349882348,2.96,0.84));
#17597 = DIRECTION('',(0.,-1.,0.));
#17598 = DIRECTION('',(0.984807753012,0.,0.173648177667));
#17599 = ADVANCED_FACE('',(#17600),#17611,.T.);
#17600 = FACE_BOUND('',#17601,.F.);
#17601 = EDGE_LOOP('',(#17602,#17603,#17609,#17610));
#17602 = ORIENTED_EDGE('',*,*,#17361,.F.);
#17603 = ORIENTED_EDGE('',*,*,#17604,.T.);
#17604 = EDGE_CURVE('',#17354,#17485,#17605,.T.);
#17605 = LINE('',#17606,#17607);
#17606 = CARTESIAN_POINT('',(2.65,2.96,1.15));
#17607 = VECTOR('',#17608,1.);
#17608 = DIRECTION('',(0.,1.,0.));
#17609 = ORIENTED_EDGE('',*,*,#17484,.T.);
#17610 = ORIENTED_EDGE('',*,*,#17587,.F.);
#17611 = PLANE('',#17612);
#17612 = AXIS2_PLACEMENT_3D('',#17613,#17614,#17615);
#17613 = CARTESIAN_POINT('',(2.65,2.96,1.15));
#17614 = DIRECTION('',(0.,0.,1.));
#17615 = DIRECTION('',(1.,0.,0.));
#17616 = ADVANCED_FACE('',(#17617),#17628,.T.);
#17617 = FACE_BOUND('',#17618,.F.);
#17618 = EDGE_LOOP('',(#17619,#17620,#17626,#17627));
#17619 = ORIENTED_EDGE('',*,*,#17353,.F.);
#17620 = ORIENTED_EDGE('',*,*,#17621,.T.);
#17621 = EDGE_CURVE('',#17346,#17493,#17622,.T.);
#17622 = LINE('',#17623,#17624);
#17623 = CARTESIAN_POINT('',(2.65,2.96,1.));
#17624 = VECTOR('',#17625,1.);
#17625 = DIRECTION('',(0.,1.,0.));
#17626 = ORIENTED_EDGE('',*,*,#17492,.T.);
#17627 = ORIENTED_EDGE('',*,*,#17604,.F.);
#17628 = PLANE('',#17629);
#17629 = AXIS2_PLACEMENT_3D('',#17630,#17631,#17632);
#17630 = CARTESIAN_POINT('',(2.65,2.96,1.));
#17631 = DIRECTION('',(-1.,0.,0.));
#17632 = DIRECTION('',(0.,0.,1.));
#17633 = ADVANCED_FACE('',(#17634),#17645,.T.);
#17634 = FACE_BOUND('',#17635,.F.);
#17635 = EDGE_LOOP('',(#17636,#17637,#17643,#17644));
#17636 = ORIENTED_EDGE('',*,*,#17345,.F.);
#17637 = ORIENTED_EDGE('',*,*,#17638,.T.);
#17638 = EDGE_CURVE('',#17337,#17501,#17639,.T.);
#17639 = LINE('',#17640,#17641);
#17640 = CARTESIAN_POINT('',(2.83349882348,2.96,1.));
#17641 = VECTOR('',#17642,1.);
#17642 = DIRECTION('',(0.,1.,0.));
#17643 = ORIENTED_EDGE('',*,*,#17500,.T.);
#17644 = ORIENTED_EDGE('',*,*,#17621,.F.);
#17645 = PLANE('',#17646);
#17646 = AXIS2_PLACEMENT_3D('',#17647,#17648,#17649);
#17647 = CARTESIAN_POINT('',(2.967754764469,2.96,1.));
#17648 = DIRECTION('',(0.,0.,-1.));
#17649 = DIRECTION('',(-1.,0.,0.));
#17650 = ADVANCED_FACE('',(#17651),#17657,.F.);
#17651 = FACE_BOUND('',#17652,.F.);
#17652 = EDGE_LOOP('',(#17653,#17654,#17655,#17656));
#17653 = ORIENTED_EDGE('',*,*,#17638,.F.);
#17654 = ORIENTED_EDGE('',*,*,#17336,.T.);
#17655 = ORIENTED_EDGE('',*,*,#17444,.T.);
#17656 = ORIENTED_EDGE('',*,*,#17508,.F.);
#17657 = CYLINDRICAL_SURFACE('',#17658,0.16);
#17658 = AXIS2_PLACEMENT_3D('',#17659,#17660,#17661);
#17659 = CARTESIAN_POINT('',(2.83349882348,2.96,0.84));
#17660 = DIRECTION('',(0.,1.,0.));
#17661 = DIRECTION('',(0.,0.,1.));
#17662 = ADVANCED_FACE('',(#17663),#17674,.F.);
#17663 = FACE_BOUND('',#17664,.F.);
#17664 = EDGE_LOOP('',(#17665,#17671,#17672,#17673));
#17665 = ORIENTED_EDGE('',*,*,#17666,.F.);
#17666 = EDGE_CURVE('',#17387,#17542,#17667,.T.);
#17667 = LINE('',#17668,#17669);
#17668 = CARTESIAN_POINT('',(3.404202630842,2.96,0.15));
#17669 = VECTOR('',#17670,1.);
#17670 = DIRECTION('',(0.,1.,0.));
#17671 = ORIENTED_EDGE('',*,*,#17386,.T.);
#17672 = ORIENTED_EDGE('',*,*,#17572,.T.);
#17673 = ORIENTED_EDGE('',*,*,#17549,.F.);
#17674 = CYLINDRICAL_SURFACE('',#17675,0.16);
#17675 = AXIS2_PLACEMENT_3D('',#17676,#17677,#17678);
#17676 = CARTESIAN_POINT('',(3.404202630842,2.96,0.31));
#17677 = DIRECTION('',(0.,1.,0.));
#17678 = DIRECTION('',(0.,0.,-1.));
#17679 = ADVANCED_FACE('',(#17680),#17691,.T.);
#17680 = FACE_BOUND('',#17681,.F.);
#17681 = EDGE_LOOP('',(#17682,#17683,#17684,#17685));
#17682 = ORIENTED_EDGE('',*,*,#17395,.F.);
#17683 = ORIENTED_EDGE('',*,*,#17666,.T.);
#17684 = ORIENTED_EDGE('',*,*,#17541,.T.);
#17685 = ORIENTED_EDGE('',*,*,#17686,.F.);
#17686 = EDGE_CURVE('',#17396,#17534,#17687,.T.);
#17687 = LINE('',#17688,#17689);
#17688 = CARTESIAN_POINT('',(3.9,2.96,0.15));
#17689 = VECTOR('',#17690,1.);
#17690 = DIRECTION('',(0.,1.,0.));
#17691 = PLANE('',#17692);
#17692 = AXIS2_PLACEMENT_3D('',#17693,#17694,#17695);
#17693 = CARTESIAN_POINT('',(3.269946689854,2.96,0.15));
#17694 = DIRECTION('',(0.,0.,1.));
#17695 = DIRECTION('',(1.,0.,0.));
#17696 = ADVANCED_FACE('',(#17697),#17708,.T.);
#17697 = FACE_BOUND('',#17698,.F.);
#17698 = EDGE_LOOP('',(#17699,#17700,#17701,#17702));
#17699 = ORIENTED_EDGE('',*,*,#17403,.F.);
#17700 = ORIENTED_EDGE('',*,*,#17686,.T.);
#17701 = ORIENTED_EDGE('',*,*,#17533,.T.);
#17702 = ORIENTED_EDGE('',*,*,#17703,.F.);
#17703 = EDGE_CURVE('',#17404,#17526,#17704,.T.);
#17704 = LINE('',#17705,#17706);
#17705 = CARTESIAN_POINT('',(3.9,2.96,0.));
#17706 = VECTOR('',#17707,1.);
#17707 = DIRECTION('',(0.,1.,0.));
#17708 = PLANE('',#17709);
#17709 = AXIS2_PLACEMENT_3D('',#17710,#17711,#17712);
#17710 = CARTESIAN_POINT('',(3.9,2.96,0.15));
#17711 = DIRECTION('',(1.,0.,0.));
#17712 = DIRECTION('',(0.,0.,-1.));
#17713 = ADVANCED_FACE('',(#17714),#17725,.T.);
#17714 = FACE_BOUND('',#17715,.F.);
#17715 = EDGE_LOOP('',(#17716,#17717,#17718,#17719));
#17716 = ORIENTED_EDGE('',*,*,#17411,.F.);
#17717 = ORIENTED_EDGE('',*,*,#17703,.T.);
#17718 = ORIENTED_EDGE('',*,*,#17525,.T.);
#17719 = ORIENTED_EDGE('',*,*,#17720,.F.);
#17720 = EDGE_CURVE('',#17412,#17517,#17721,.T.);
#17721 = LINE('',#17722,#17723);
#17722 = CARTESIAN_POINT('',(3.404202630842,2.96,0.));
#17723 = VECTOR('',#17724,1.);
#17724 = DIRECTION('',(0.,1.,0.));
#17725 = PLANE('',#17726);
#17726 = AXIS2_PLACEMENT_3D('',#17727,#17728,#17729);
#17727 = CARTESIAN_POINT('',(3.9,2.96,0.));
#17728 = DIRECTION('',(0.,0.,-1.));
#17729 = DIRECTION('',(-1.,0.,0.));
#17730 = ADVANCED_FACE('',(#17731),#17737,.T.);
#17731 = FACE_BOUND('',#17732,.T.);
#17732 = EDGE_LOOP('',(#17733,#17734,#17735,#17736));
#17733 = ORIENTED_EDGE('',*,*,#17516,.T.);
#17734 = ORIENTED_EDGE('',*,*,#17720,.F.);
#17735 = ORIENTED_EDGE('',*,*,#17419,.F.);
#17736 = ORIENTED_EDGE('',*,*,#17451,.T.);
#17737 = CYLINDRICAL_SURFACE('',#17738,0.31);
#17738 = AXIS2_PLACEMENT_3D('',#17739,#17740,#17741);
#17739 = CARTESIAN_POINT('',(3.404202630842,2.96,0.31));
#17740 = DIRECTION('',(0.,-1.,0.));
#17741 = DIRECTION('',(-0.984807753012,-0.,-0.173648177667));
#17742 = MANIFOLD_SOLID_BREP('',#17743);
#17743 = CLOSED_SHELL('',(#17744,#17852,#17883,#17982,#18004,#18021,
    #18038,#18055,#18072,#18084,#18101,#18118,#18135,#18152));
#17744 = ADVANCED_FACE('',(#17745),#17847,.F.);
#17745 = FACE_BOUND('',#17746,.F.);
#17746 = EDGE_LOOP('',(#17747,#17757,#17766,#17774,#17782,#17790,#17799,
    #17807,#17816,#17824,#17832,#17840));
#17747 = ORIENTED_EDGE('',*,*,#17748,.F.);
#17748 = EDGE_CURVE('',#17749,#17751,#17753,.T.);
#17749 = VERTEX_POINT('',#17750);
#17750 = CARTESIAN_POINT('',(2.991068063962,4.23,0.867783708427));
#17751 = VERTEX_POINT('',#17752);
#17752 = CARTESIAN_POINT('',(3.098912227408,4.23,0.256169064923));
#17753 = LINE('',#17754,#17755);
#17754 = CARTESIAN_POINT('',(2.991068063962,4.23,0.867783708427));
#17755 = VECTOR('',#17756,1.);
#17756 = DIRECTION('',(0.173648177667,0.,-0.984807753012));
#17757 = ORIENTED_EDGE('',*,*,#17758,.F.);
#17758 = EDGE_CURVE('',#17759,#17749,#17761,.T.);
#17759 = VERTEX_POINT('',#17760);
#17760 = CARTESIAN_POINT('',(2.83349882348,4.23,1.));
#17761 = CIRCLE('',#17762,0.16);
#17762 = AXIS2_PLACEMENT_3D('',#17763,#17764,#17765);
#17763 = CARTESIAN_POINT('',(2.83349882348,4.23,0.84));
#17764 = DIRECTION('',(0.,1.,0.));
#17765 = DIRECTION('',(0.,0.,1.));
#17766 = ORIENTED_EDGE('',*,*,#17767,.T.);
#17767 = EDGE_CURVE('',#17759,#17768,#17770,.T.);
#17768 = VERTEX_POINT('',#17769);
#17769 = CARTESIAN_POINT('',(2.65,4.23,1.));
#17770 = LINE('',#17771,#17772);
#17771 = CARTESIAN_POINT('',(2.83349882348,4.23,1.));
#17772 = VECTOR('',#17773,1.);
#17773 = DIRECTION('',(-1.,0.,0.));
#17774 = ORIENTED_EDGE('',*,*,#17775,.T.);
#17775 = EDGE_CURVE('',#17768,#17776,#17778,.T.);
#17776 = VERTEX_POINT('',#17777);
#17777 = CARTESIAN_POINT('',(2.65,4.23,1.15));
#17778 = LINE('',#17779,#17780);
#17779 = CARTESIAN_POINT('',(2.65,4.23,1.));
#17780 = VECTOR('',#17781,1.);
#17781 = DIRECTION('',(0.,0.,1.));
#17782 = ORIENTED_EDGE('',*,*,#17783,.T.);
#17783 = EDGE_CURVE('',#17776,#17784,#17786,.T.);
#17784 = VERTEX_POINT('',#17785);
#17785 = CARTESIAN_POINT('',(2.83349882348,4.23,1.15));
#17786 = LINE('',#17787,#17788);
#17787 = CARTESIAN_POINT('',(2.65,4.23,1.15));
#17788 = VECTOR('',#17789,1.);
#17789 = DIRECTION('',(1.,0.,0.));
#17790 = ORIENTED_EDGE('',*,*,#17791,.F.);
#17791 = EDGE_CURVE('',#17792,#17784,#17794,.T.);
#17792 = VERTEX_POINT('',#17793);
#17793 = CARTESIAN_POINT('',(3.138789226914,4.23,0.893830935077));
#17794 = CIRCLE('',#17795,0.31);
#17795 = AXIS2_PLACEMENT_3D('',#17796,#17797,#17798);
#17796 = CARTESIAN_POINT('',(2.83349882348,4.23,0.84));
#17797 = DIRECTION('',(0.,-1.,0.));
#17798 = DIRECTION('',(0.984807753012,0.,0.173648177667));
#17799 = ORIENTED_EDGE('',*,*,#17800,.F.);
#17800 = EDGE_CURVE('',#17801,#17792,#17803,.T.);
#17801 = VERTEX_POINT('',#17802);
#17802 = CARTESIAN_POINT('',(3.24663339036,4.23,0.282216291573));
#17803 = LINE('',#17804,#17805);
#17804 = CARTESIAN_POINT('',(3.24663339036,4.23,0.282216291573));
#17805 = VECTOR('',#17806,1.);
#17806 = DIRECTION('',(-0.173648177667,0.,0.984807753012));
#17807 = ORIENTED_EDGE('',*,*,#17808,.F.);
#17808 = EDGE_CURVE('',#17809,#17801,#17811,.T.);
#17809 = VERTEX_POINT('',#17810);
#17810 = CARTESIAN_POINT('',(3.404202630842,4.23,0.15));
#17811 = CIRCLE('',#17812,0.16);
#17812 = AXIS2_PLACEMENT_3D('',#17813,#17814,#17815);
#17813 = CARTESIAN_POINT('',(3.404202630842,4.23,0.31));
#17814 = DIRECTION('',(0.,1.,0.));
#17815 = DIRECTION('',(0.,0.,-1.));
#17816 = ORIENTED_EDGE('',*,*,#17817,.T.);
#17817 = EDGE_CURVE('',#17809,#17818,#17820,.T.);
#17818 = VERTEX_POINT('',#17819);
#17819 = CARTESIAN_POINT('',(3.9,4.23,0.15));
#17820 = LINE('',#17821,#17822);
#17821 = CARTESIAN_POINT('',(3.404202630842,4.23,0.15));
#17822 = VECTOR('',#17823,1.);
#17823 = DIRECTION('',(1.,0.,0.));
#17824 = ORIENTED_EDGE('',*,*,#17825,.T.);
#17825 = EDGE_CURVE('',#17818,#17826,#17828,.T.);
#17826 = VERTEX_POINT('',#17827);
#17827 = CARTESIAN_POINT('',(3.9,4.23,0.));
#17828 = LINE('',#17829,#17830);
#17829 = CARTESIAN_POINT('',(3.9,4.23,0.15));
#17830 = VECTOR('',#17831,1.);
#17831 = DIRECTION('',(0.,0.,-1.));
#17832 = ORIENTED_EDGE('',*,*,#17833,.T.);
#17833 = EDGE_CURVE('',#17826,#17834,#17836,.T.);
#17834 = VERTEX_POINT('',#17835);
#17835 = CARTESIAN_POINT('',(3.404202630842,4.23,0.));
#17836 = LINE('',#17837,#17838);
#17837 = CARTESIAN_POINT('',(3.9,4.23,0.));
#17838 = VECTOR('',#17839,1.);
#17839 = DIRECTION('',(-1.,0.,0.));
#17840 = ORIENTED_EDGE('',*,*,#17841,.F.);
#17841 = EDGE_CURVE('',#17751,#17834,#17842,.T.);
#17842 = CIRCLE('',#17843,0.31);
#17843 = AXIS2_PLACEMENT_3D('',#17844,#17845,#17846);
#17844 = CARTESIAN_POINT('',(3.404202630842,4.23,0.31));
#17845 = DIRECTION('',(0.,-1.,0.));
#17846 = DIRECTION('',(-0.984807753012,-0.,-0.173648177667));
#17847 = PLANE('',#17848);
#17848 = AXIS2_PLACEMENT_3D('',#17849,#17850,#17851);
#17849 = CARTESIAN_POINT('',(3.1,4.23,0.25));
#17850 = DIRECTION('',(0.,1.,0.));
#17851 = DIRECTION('',(-1.,0.,0.));
#17852 = ADVANCED_FACE('',(#17853),#17878,.T.);
#17853 = FACE_BOUND('',#17854,.F.);
#17854 = EDGE_LOOP('',(#17855,#17865,#17871,#17872));
#17855 = ORIENTED_EDGE('',*,*,#17856,.T.);
#17856 = EDGE_CURVE('',#17857,#17859,#17861,.T.);
#17857 = VERTEX_POINT('',#17858);
#17858 = CARTESIAN_POINT('',(3.098912227408,4.66,0.256169064923));
#17859 = VERTEX_POINT('',#17860);
#17860 = CARTESIAN_POINT('',(2.991068063962,4.66,0.867783708427));
#17861 = LINE('',#17862,#17863);
#17862 = CARTESIAN_POINT('',(3.098912227408,4.66,0.256169064923));
#17863 = VECTOR('',#17864,1.);
#17864 = DIRECTION('',(-0.173648177667,0.,0.984807753012));
#17865 = ORIENTED_EDGE('',*,*,#17866,.F.);
#17866 = EDGE_CURVE('',#17749,#17859,#17867,.T.);
#17867 = LINE('',#17868,#17869);
#17868 = CARTESIAN_POINT('',(2.991068063962,4.23,0.867783708427));
#17869 = VECTOR('',#17870,1.);
#17870 = DIRECTION('',(0.,1.,0.));
#17871 = ORIENTED_EDGE('',*,*,#17748,.T.);
#17872 = ORIENTED_EDGE('',*,*,#17873,.T.);
#17873 = EDGE_CURVE('',#17751,#17857,#17874,.T.);
#17874 = LINE('',#17875,#17876);
#17875 = CARTESIAN_POINT('',(3.098912227408,4.23,0.256169064923));
#17876 = VECTOR('',#17877,1.);
#17877 = DIRECTION('',(0.,1.,0.));
#17878 = PLANE('',#17879);
#17879 = AXIS2_PLACEMENT_3D('',#17880,#17881,#17882);
#17880 = CARTESIAN_POINT('',(3.144081745177,4.23,0.));
#17881 = DIRECTION('',(-0.984807753012,0.,-0.173648177667));
#17882 = DIRECTION('',(-0.173648177667,0.,0.984807753012));
#17883 = ADVANCED_FACE('',(#17884),#17977,.T.);
#17884 = FACE_BOUND('',#17885,.F.);
#17885 = EDGE_LOOP('',(#17886,#17896,#17905,#17913,#17921,#17929,#17936,
    #17937,#17946,#17954,#17962,#17970));
#17886 = ORIENTED_EDGE('',*,*,#17887,.F.);
#17887 = EDGE_CURVE('',#17888,#17890,#17892,.T.);
#17888 = VERTEX_POINT('',#17889);
#17889 = CARTESIAN_POINT('',(3.138789226914,4.66,0.893830935077));
#17890 = VERTEX_POINT('',#17891);
#17891 = CARTESIAN_POINT('',(3.24663339036,4.66,0.282216291573));
#17892 = LINE('',#17893,#17894);
#17893 = CARTESIAN_POINT('',(3.138789226914,4.66,0.893830935077));
#17894 = VECTOR('',#17895,1.);
#17895 = DIRECTION('',(0.173648177667,0.,-0.984807753012));
#17896 = ORIENTED_EDGE('',*,*,#17897,.T.);
#17897 = EDGE_CURVE('',#17888,#17898,#17900,.T.);
#17898 = VERTEX_POINT('',#17899);
#17899 = CARTESIAN_POINT('',(2.83349882348,4.66,1.15));
#17900 = CIRCLE('',#17901,0.31);
#17901 = AXIS2_PLACEMENT_3D('',#17902,#17903,#17904);
#17902 = CARTESIAN_POINT('',(2.83349882348,4.66,0.84));
#17903 = DIRECTION('',(0.,-1.,0.));
#17904 = DIRECTION('',(0.984807753012,0.,0.173648177667));
#17905 = ORIENTED_EDGE('',*,*,#17906,.F.);
#17906 = EDGE_CURVE('',#17907,#17898,#17909,.T.);
#17907 = VERTEX_POINT('',#17908);
#17908 = CARTESIAN_POINT('',(2.65,4.66,1.15));
#17909 = LINE('',#17910,#17911);
#17910 = CARTESIAN_POINT('',(2.65,4.66,1.15));
#17911 = VECTOR('',#17912,1.);
#17912 = DIRECTION('',(1.,0.,0.));
#17913 = ORIENTED_EDGE('',*,*,#17914,.F.);
#17914 = EDGE_CURVE('',#17915,#17907,#17917,.T.);
#17915 = VERTEX_POINT('',#17916);
#17916 = CARTESIAN_POINT('',(2.65,4.66,1.));
#17917 = LINE('',#17918,#17919);
#17918 = CARTESIAN_POINT('',(2.65,4.66,1.));
#17919 = VECTOR('',#17920,1.);
#17920 = DIRECTION('',(0.,0.,1.));
#17921 = ORIENTED_EDGE('',*,*,#17922,.F.);
#17922 = EDGE_CURVE('',#17923,#17915,#17925,.T.);
#17923 = VERTEX_POINT('',#17924);
#17924 = CARTESIAN_POINT('',(2.83349882348,4.66,1.));
#17925 = LINE('',#17926,#17927);
#17926 = CARTESIAN_POINT('',(2.83349882348,4.66,1.));
#17927 = VECTOR('',#17928,1.);
#17928 = DIRECTION('',(-1.,0.,0.));
#17929 = ORIENTED_EDGE('',*,*,#17930,.T.);
#17930 = EDGE_CURVE('',#17923,#17859,#17931,.T.);
#17931 = CIRCLE('',#17932,0.16);
#17932 = AXIS2_PLACEMENT_3D('',#17933,#17934,#17935);
#17933 = CARTESIAN_POINT('',(2.83349882348,4.66,0.84));
#17934 = DIRECTION('',(0.,1.,0.));
#17935 = DIRECTION('',(0.,0.,1.));
#17936 = ORIENTED_EDGE('',*,*,#17856,.F.);
#17937 = ORIENTED_EDGE('',*,*,#17938,.T.);
#17938 = EDGE_CURVE('',#17857,#17939,#17941,.T.);
#17939 = VERTEX_POINT('',#17940);
#17940 = CARTESIAN_POINT('',(3.404202630842,4.66,0.));
#17941 = CIRCLE('',#17942,0.31);
#17942 = AXIS2_PLACEMENT_3D('',#17943,#17944,#17945);
#17943 = CARTESIAN_POINT('',(3.404202630842,4.66,0.31));
#17944 = DIRECTION('',(0.,-1.,0.));
#17945 = DIRECTION('',(-0.984807753012,-0.,-0.173648177667));
#17946 = ORIENTED_EDGE('',*,*,#17947,.F.);
#17947 = EDGE_CURVE('',#17948,#17939,#17950,.T.);
#17948 = VERTEX_POINT('',#17949);
#17949 = CARTESIAN_POINT('',(3.9,4.66,0.));
#17950 = LINE('',#17951,#17952);
#17951 = CARTESIAN_POINT('',(3.9,4.66,0.));
#17952 = VECTOR('',#17953,1.);
#17953 = DIRECTION('',(-1.,0.,0.));
#17954 = ORIENTED_EDGE('',*,*,#17955,.F.);
#17955 = EDGE_CURVE('',#17956,#17948,#17958,.T.);
#17956 = VERTEX_POINT('',#17957);
#17957 = CARTESIAN_POINT('',(3.9,4.66,0.15));
#17958 = LINE('',#17959,#17960);
#17959 = CARTESIAN_POINT('',(3.9,4.66,0.15));
#17960 = VECTOR('',#17961,1.);
#17961 = DIRECTION('',(0.,0.,-1.));
#17962 = ORIENTED_EDGE('',*,*,#17963,.F.);
#17963 = EDGE_CURVE('',#17964,#17956,#17966,.T.);
#17964 = VERTEX_POINT('',#17965);
#17965 = CARTESIAN_POINT('',(3.404202630842,4.66,0.15));
#17966 = LINE('',#17967,#17968);
#17967 = CARTESIAN_POINT('',(3.404202630842,4.66,0.15));
#17968 = VECTOR('',#17969,1.);
#17969 = DIRECTION('',(1.,0.,0.));
#17970 = ORIENTED_EDGE('',*,*,#17971,.T.);
#17971 = EDGE_CURVE('',#17964,#17890,#17972,.T.);
#17972 = CIRCLE('',#17973,0.16);
#17973 = AXIS2_PLACEMENT_3D('',#17974,#17975,#17976);
#17974 = CARTESIAN_POINT('',(3.404202630842,4.66,0.31));
#17975 = DIRECTION('',(0.,1.,0.));
#17976 = DIRECTION('',(0.,0.,-1.));
#17977 = PLANE('',#17978);
#17978 = AXIS2_PLACEMENT_3D('',#17979,#17980,#17981);
#17979 = CARTESIAN_POINT('',(3.1,4.66,0.25));
#17980 = DIRECTION('',(0.,1.,0.));
#17981 = DIRECTION('',(-1.,0.,0.));
#17982 = ADVANCED_FACE('',(#17983),#17999,.T.);
#17983 = FACE_BOUND('',#17984,.F.);
#17984 = EDGE_LOOP('',(#17985,#17986,#17992,#17993));
#17985 = ORIENTED_EDGE('',*,*,#17800,.T.);
#17986 = ORIENTED_EDGE('',*,*,#17987,.T.);
#17987 = EDGE_CURVE('',#17792,#17888,#17988,.T.);
#17988 = LINE('',#17989,#17990);
#17989 = CARTESIAN_POINT('',(3.138789226914,4.23,0.893830935077));
#17990 = VECTOR('',#17991,1.);
#17991 = DIRECTION('',(0.,1.,0.));
#17992 = ORIENTED_EDGE('',*,*,#17887,.T.);
#17993 = ORIENTED_EDGE('',*,*,#17994,.F.);
#17994 = EDGE_CURVE('',#17801,#17890,#17995,.T.);
#17995 = LINE('',#17996,#17997);
#17996 = CARTESIAN_POINT('',(3.24663339036,4.23,0.282216291573));
#17997 = VECTOR('',#17998,1.);
#17998 = DIRECTION('',(0.,1.,0.));
#17999 = PLANE('',#18000);
#18000 = AXIS2_PLACEMENT_3D('',#18001,#18002,#18003);
#18001 = CARTESIAN_POINT('',(3.247721162952,4.23,0.27604722665));
#18002 = DIRECTION('',(0.984807753012,0.,0.173648177667));
#18003 = DIRECTION('',(0.173648177667,0.,-0.984807753012));
#18004 = ADVANCED_FACE('',(#18005),#18016,.T.);
#18005 = FACE_BOUND('',#18006,.T.);
#18006 = EDGE_LOOP('',(#18007,#18008,#18014,#18015));
#18007 = ORIENTED_EDGE('',*,*,#17897,.T.);
#18008 = ORIENTED_EDGE('',*,*,#18009,.F.);
#18009 = EDGE_CURVE('',#17784,#17898,#18010,.T.);
#18010 = LINE('',#18011,#18012);
#18011 = CARTESIAN_POINT('',(2.83349882348,4.23,1.15));
#18012 = VECTOR('',#18013,1.);
#18013 = DIRECTION('',(0.,1.,0.));
#18014 = ORIENTED_EDGE('',*,*,#17791,.F.);
#18015 = ORIENTED_EDGE('',*,*,#17987,.T.);
#18016 = CYLINDRICAL_SURFACE('',#18017,0.31);
#18017 = AXIS2_PLACEMENT_3D('',#18018,#18019,#18020);
#18018 = CARTESIAN_POINT('',(2.83349882348,4.23,0.84));
#18019 = DIRECTION('',(0.,-1.,0.));
#18020 = DIRECTION('',(0.984807753012,0.,0.173648177667));
#18021 = ADVANCED_FACE('',(#18022),#18033,.T.);
#18022 = FACE_BOUND('',#18023,.F.);
#18023 = EDGE_LOOP('',(#18024,#18025,#18031,#18032));
#18024 = ORIENTED_EDGE('',*,*,#17783,.F.);
#18025 = ORIENTED_EDGE('',*,*,#18026,.T.);
#18026 = EDGE_CURVE('',#17776,#17907,#18027,.T.);
#18027 = LINE('',#18028,#18029);
#18028 = CARTESIAN_POINT('',(2.65,4.23,1.15));
#18029 = VECTOR('',#18030,1.);
#18030 = DIRECTION('',(0.,1.,0.));
#18031 = ORIENTED_EDGE('',*,*,#17906,.T.);
#18032 = ORIENTED_EDGE('',*,*,#18009,.F.);
#18033 = PLANE('',#18034);
#18034 = AXIS2_PLACEMENT_3D('',#18035,#18036,#18037);
#18035 = CARTESIAN_POINT('',(2.65,4.23,1.15));
#18036 = DIRECTION('',(0.,0.,1.));
#18037 = DIRECTION('',(1.,0.,0.));
#18038 = ADVANCED_FACE('',(#18039),#18050,.T.);
#18039 = FACE_BOUND('',#18040,.F.);
#18040 = EDGE_LOOP('',(#18041,#18042,#18048,#18049));
#18041 = ORIENTED_EDGE('',*,*,#17775,.F.);
#18042 = ORIENTED_EDGE('',*,*,#18043,.T.);
#18043 = EDGE_CURVE('',#17768,#17915,#18044,.T.);
#18044 = LINE('',#18045,#18046);
#18045 = CARTESIAN_POINT('',(2.65,4.23,1.));
#18046 = VECTOR('',#18047,1.);
#18047 = DIRECTION('',(0.,1.,0.));
#18048 = ORIENTED_EDGE('',*,*,#17914,.T.);
#18049 = ORIENTED_EDGE('',*,*,#18026,.F.);
#18050 = PLANE('',#18051);
#18051 = AXIS2_PLACEMENT_3D('',#18052,#18053,#18054);
#18052 = CARTESIAN_POINT('',(2.65,4.23,1.));
#18053 = DIRECTION('',(-1.,0.,0.));
#18054 = DIRECTION('',(0.,0.,1.));
#18055 = ADVANCED_FACE('',(#18056),#18067,.T.);
#18056 = FACE_BOUND('',#18057,.F.);
#18057 = EDGE_LOOP('',(#18058,#18059,#18065,#18066));
#18058 = ORIENTED_EDGE('',*,*,#17767,.F.);
#18059 = ORIENTED_EDGE('',*,*,#18060,.T.);
#18060 = EDGE_CURVE('',#17759,#17923,#18061,.T.);
#18061 = LINE('',#18062,#18063);
#18062 = CARTESIAN_POINT('',(2.83349882348,4.23,1.));
#18063 = VECTOR('',#18064,1.);
#18064 = DIRECTION('',(0.,1.,0.));
#18065 = ORIENTED_EDGE('',*,*,#17922,.T.);
#18066 = ORIENTED_EDGE('',*,*,#18043,.F.);
#18067 = PLANE('',#18068);
#18068 = AXIS2_PLACEMENT_3D('',#18069,#18070,#18071);
#18069 = CARTESIAN_POINT('',(2.967754764469,4.23,1.));
#18070 = DIRECTION('',(0.,0.,-1.));
#18071 = DIRECTION('',(-1.,0.,0.));
#18072 = ADVANCED_FACE('',(#18073),#18079,.F.);
#18073 = FACE_BOUND('',#18074,.F.);
#18074 = EDGE_LOOP('',(#18075,#18076,#18077,#18078));
#18075 = ORIENTED_EDGE('',*,*,#18060,.F.);
#18076 = ORIENTED_EDGE('',*,*,#17758,.T.);
#18077 = ORIENTED_EDGE('',*,*,#17866,.T.);
#18078 = ORIENTED_EDGE('',*,*,#17930,.F.);
#18079 = CYLINDRICAL_SURFACE('',#18080,0.16);
#18080 = AXIS2_PLACEMENT_3D('',#18081,#18082,#18083);
#18081 = CARTESIAN_POINT('',(2.83349882348,4.23,0.84));
#18082 = DIRECTION('',(0.,1.,0.));
#18083 = DIRECTION('',(0.,0.,1.));
#18084 = ADVANCED_FACE('',(#18085),#18096,.F.);
#18085 = FACE_BOUND('',#18086,.F.);
#18086 = EDGE_LOOP('',(#18087,#18093,#18094,#18095));
#18087 = ORIENTED_EDGE('',*,*,#18088,.F.);
#18088 = EDGE_CURVE('',#17809,#17964,#18089,.T.);
#18089 = LINE('',#18090,#18091);
#18090 = CARTESIAN_POINT('',(3.404202630842,4.23,0.15));
#18091 = VECTOR('',#18092,1.);
#18092 = DIRECTION('',(0.,1.,0.));
#18093 = ORIENTED_EDGE('',*,*,#17808,.T.);
#18094 = ORIENTED_EDGE('',*,*,#17994,.T.);
#18095 = ORIENTED_EDGE('',*,*,#17971,.F.);
#18096 = CYLINDRICAL_SURFACE('',#18097,0.16);
#18097 = AXIS2_PLACEMENT_3D('',#18098,#18099,#18100);
#18098 = CARTESIAN_POINT('',(3.404202630842,4.23,0.31));
#18099 = DIRECTION('',(0.,1.,0.));
#18100 = DIRECTION('',(0.,0.,-1.));
#18101 = ADVANCED_FACE('',(#18102),#18113,.T.);
#18102 = FACE_BOUND('',#18103,.F.);
#18103 = EDGE_LOOP('',(#18104,#18105,#18106,#18107));
#18104 = ORIENTED_EDGE('',*,*,#17817,.F.);
#18105 = ORIENTED_EDGE('',*,*,#18088,.T.);
#18106 = ORIENTED_EDGE('',*,*,#17963,.T.);
#18107 = ORIENTED_EDGE('',*,*,#18108,.F.);
#18108 = EDGE_CURVE('',#17818,#17956,#18109,.T.);
#18109 = LINE('',#18110,#18111);
#18110 = CARTESIAN_POINT('',(3.9,4.23,0.15));
#18111 = VECTOR('',#18112,1.);
#18112 = DIRECTION('',(0.,1.,0.));
#18113 = PLANE('',#18114);
#18114 = AXIS2_PLACEMENT_3D('',#18115,#18116,#18117);
#18115 = CARTESIAN_POINT('',(3.269946689854,4.23,0.15));
#18116 = DIRECTION('',(0.,0.,1.));
#18117 = DIRECTION('',(1.,0.,0.));
#18118 = ADVANCED_FACE('',(#18119),#18130,.T.);
#18119 = FACE_BOUND('',#18120,.F.);
#18120 = EDGE_LOOP('',(#18121,#18122,#18123,#18124));
#18121 = ORIENTED_EDGE('',*,*,#17825,.F.);
#18122 = ORIENTED_EDGE('',*,*,#18108,.T.);
#18123 = ORIENTED_EDGE('',*,*,#17955,.T.);
#18124 = ORIENTED_EDGE('',*,*,#18125,.F.);
#18125 = EDGE_CURVE('',#17826,#17948,#18126,.T.);
#18126 = LINE('',#18127,#18128);
#18127 = CARTESIAN_POINT('',(3.9,4.23,0.));
#18128 = VECTOR('',#18129,1.);
#18129 = DIRECTION('',(0.,1.,0.));
#18130 = PLANE('',#18131);
#18131 = AXIS2_PLACEMENT_3D('',#18132,#18133,#18134);
#18132 = CARTESIAN_POINT('',(3.9,4.23,0.15));
#18133 = DIRECTION('',(1.,0.,0.));
#18134 = DIRECTION('',(0.,0.,-1.));
#18135 = ADVANCED_FACE('',(#18136),#18147,.T.);
#18136 = FACE_BOUND('',#18137,.F.);
#18137 = EDGE_LOOP('',(#18138,#18139,#18140,#18141));
#18138 = ORIENTED_EDGE('',*,*,#17833,.F.);
#18139 = ORIENTED_EDGE('',*,*,#18125,.T.);
#18140 = ORIENTED_EDGE('',*,*,#17947,.T.);
#18141 = ORIENTED_EDGE('',*,*,#18142,.F.);
#18142 = EDGE_CURVE('',#17834,#17939,#18143,.T.);
#18143 = LINE('',#18144,#18145);
#18144 = CARTESIAN_POINT('',(3.404202630842,4.23,0.));
#18145 = VECTOR('',#18146,1.);
#18146 = DIRECTION('',(0.,1.,0.));
#18147 = PLANE('',#18148);
#18148 = AXIS2_PLACEMENT_3D('',#18149,#18150,#18151);
#18149 = CARTESIAN_POINT('',(3.9,4.23,0.));
#18150 = DIRECTION('',(0.,0.,-1.));
#18151 = DIRECTION('',(-1.,0.,0.));
#18152 = ADVANCED_FACE('',(#18153),#18159,.T.);
#18153 = FACE_BOUND('',#18154,.T.);
#18154 = EDGE_LOOP('',(#18155,#18156,#18157,#18158));
#18155 = ORIENTED_EDGE('',*,*,#17938,.T.);
#18156 = ORIENTED_EDGE('',*,*,#18142,.F.);
#18157 = ORIENTED_EDGE('',*,*,#17841,.F.);
#18158 = ORIENTED_EDGE('',*,*,#17873,.T.);
#18159 = CYLINDRICAL_SURFACE('',#18160,0.31);
#18160 = AXIS2_PLACEMENT_3D('',#18161,#18162,#18163);
#18161 = CARTESIAN_POINT('',(3.404202630842,4.23,0.31));
#18162 = DIRECTION('',(0.,-1.,0.));
#18163 = DIRECTION('',(-0.984807753012,-0.,-0.173648177667));
#18164 = ( GEOMETRIC_REPRESENTATION_CONTEXT(3) 
GLOBAL_UNCERTAINTY_ASSIGNED_CONTEXT((#18168)) 
GLOBAL_UNIT_ASSIGNED_CONTEXT((#18165,#18166,#18167)) 
REPRESENTATION_CONTEXT('Context #1',
  '3D Context with UNIT and UNCERTAINTY') );
#18165 = ( LENGTH_UNIT() NAMED_UNIT(*) SI_UNIT(.MILLI.,.METRE.) );
#18166 = ( NAMED_UNIT(*) PLANE_ANGLE_UNIT() SI_UNIT($,.RADIAN.) );
#18167 = ( NAMED_UNIT(*) SI_UNIT($,.STERADIAN.) SOLID_ANGLE_UNIT() );
#18168 = UNCERTAINTY_MEASURE_WITH_UNIT(LENGTH_MEASURE(2.E-06),#18165,
  'distance_accuracy_value','confusion accuracy');
#18169 = CONTEXT_DEPENDENT_SHAPE_REPRESENTATION(#18170,#18172);
#18170 = ( REPRESENTATION_RELATIONSHIP('','',#9737,#9714) 
REPRESENTATION_RELATIONSHIP_WITH_TRANSFORMATION(#18171) 
SHAPE_REPRESENTATION_RELATIONSHIP() );
#18171 = ITEM_DEFINED_TRANSFORMATION('','',#11,#9715);
#18172 = PRODUCT_DEFINITION_SHAPE('Placement','Placement of an item',
  #18173);
#18173 = NEXT_ASSEMBLY_USAGE_OCCURRENCE('7','=>[0:1:1:7]','',#9709,#9732
  ,$);
#18174 = PRODUCT_RELATED_PRODUCT_CATEGORY('part',$,(#9734));
#18175 = CONTEXT_DEPENDENT_SHAPE_REPRESENTATION(#18176,#18178);
#18176 = ( REPRESENTATION_RELATIONSHIP('','',#88,#10) 
REPRESENTATION_RELATIONSHIP_WITH_TRANSFORMATION(#18177) 
SHAPE_REPRESENTATION_RELATIONSHIP() );
#18177 = ITEM_DEFINED_TRANSFORMATION('','',#11,#35);
#18178 = PRODUCT_DEFINITION_SHAPE('Placement','Placement of an item',
  #18179);
#18179 = NEXT_ASSEMBLY_USAGE_OCCURRENCE('9','J5','',#5,#83,$);
#18180 = CONTEXT_DEPENDENT_SHAPE_REPRESENTATION(#18181,#18183);
#18181 = ( REPRESENTATION_RELATIONSHIP('','',#88,#10) 
REPRESENTATION_RELATIONSHIP_WITH_TRANSFORMATION(#18182) 
SHAPE_REPRESENTATION_RELATIONSHIP() );
#18182 = ITEM_DEFINED_TRANSFORMATION('','',#11,#39);
#18183 = PRODUCT_DEFINITION_SHAPE('Placement','Placement of an item',
  #18184);
#18184 = NEXT_ASSEMBLY_USAGE_OCCURRENCE('10','J1','',#5,#83,$);
#18185 = SHAPE_DEFINITION_REPRESENTATION(#18186,#18192);
#18186 = PRODUCT_DEFINITION_SHAPE('','',#18187);
#18187 = PRODUCT_DEFINITION('design','',#18188,#18191);
#18188 = PRODUCT_DEFINITION_FORMATION('','',#18189);
#18189 = PRODUCT('K104K20X7RK53H5G','K104K20X7RK53H5G','',(#18190));
#18190 = PRODUCT_CONTEXT('',#2,'mechanical');
#18191 = PRODUCT_DEFINITION_CONTEXT('part definition',#2,'design');
#18192 = SHAPE_REPRESENTATION('',(#11,#18193),#18197);
#18193 = AXIS2_PLACEMENT_3D('',#18194,#18195,#18196);
#18194 = CARTESIAN_POINT('',(0.,0.,0.));
#18195 = DIRECTION('',(0.,0.,1.));
#18196 = DIRECTION('',(1.,0.,-0.));
#18197 = ( GEOMETRIC_REPRESENTATION_CONTEXT(3) 
GLOBAL_UNCERTAINTY_ASSIGNED_CONTEXT((#18201)) 
GLOBAL_UNIT_ASSIGNED_CONTEXT((#18198,#18199,#18200)) 
REPRESENTATION_CONTEXT('Context #1',
  '3D Context with UNIT and UNCERTAINTY') );
#18198 = ( LENGTH_UNIT() NAMED_UNIT(*) SI_UNIT(.MILLI.,.METRE.) );
#18199 = ( NAMED_UNIT(*) PLANE_ANGLE_UNIT() SI_UNIT($,.RADIAN.) );
#18200 = ( NAMED_UNIT(*) SI_UNIT($,.STERADIAN.) SOLID_ANGLE_UNIT() );
#18201 = UNCERTAINTY_MEASURE_WITH_UNIT(LENGTH_MEASURE(1.E-07),#18198,
  'distance_accuracy_value','confusion accuracy');
#18202 = CONTEXT_DEPENDENT_SHAPE_REPRESENTATION(#18203,#18205);
#18203 = ( REPRESENTATION_RELATIONSHIP('','',#18192,#10) 
REPRESENTATION_RELATIONSHIP_WITH_TRANSFORMATION(#18204) 
SHAPE_REPRESENTATION_RELATIONSHIP() );
#18204 = ITEM_DEFINED_TRANSFORMATION('','',#11,#43);
#18205 = PRODUCT_DEFINITION_SHAPE('Placement','Placement of an item',
  #18206);
#18206 = NEXT_ASSEMBLY_USAGE_OCCURRENCE('12','C1','',#5,#18187,$);
#18207 = PRODUCT_RELATED_PRODUCT_CATEGORY('part',$,(#18189));
#18208 = SHAPE_DEFINITION_REPRESENTATION(#18209,#18215);
#18209 = PRODUCT_DEFINITION_SHAPE('','',#18210);
#18210 = PRODUCT_DEFINITION('design','',#18211,#18214);
#18211 = PRODUCT_DEFINITION_FORMATION('','',#18212);
#18212 = PRODUCT('ASSEMBLY','ASSEMBLY','',(#18213));
#18213 = PRODUCT_CONTEXT('',#2,'mechanical');
#18214 = PRODUCT_DEFINITION_CONTEXT('part definition',#2,'design');
#18215 = SHAPE_REPRESENTATION('',(#11,#18216,#18366,#18419),#18472);
#18216 = MANIFOLD_SOLID_BREP('',#18217);
#18217 = CLOSED_SHELL('',(#18218,#18258,#18289,#18320,#18342,#18354));
#18218 = ADVANCED_FACE('',(#18219),#18253,.F.);
#18219 = FACE_BOUND('',#18220,.F.);
#18220 = EDGE_LOOP('',(#18221,#18231,#18239,#18247));
#18221 = ORIENTED_EDGE('',*,*,#18222,.T.);
#18222 = EDGE_CURVE('',#18223,#18225,#18227,.T.);
#18223 = VERTEX_POINT('',#18224);
#18224 = CARTESIAN_POINT('',(0.15,-1.275,0.1));
#18225 = VERTEX_POINT('',#18226);
#18226 = CARTESIAN_POINT('',(0.15,-1.275,7.8));
#18227 = LINE('',#18228,#18229);
#18228 = CARTESIAN_POINT('',(0.15,-1.275,0.1));
#18229 = VECTOR('',#18230,1.);
#18230 = DIRECTION('',(0.,0.,1.));
#18231 = ORIENTED_EDGE('',*,*,#18232,.T.);
#18232 = EDGE_CURVE('',#18225,#18233,#18235,.T.);
#18233 = VERTEX_POINT('',#18234);
#18234 = CARTESIAN_POINT('',(4.85,-1.275,7.8));
#18235 = LINE('',#18236,#18237);
#18236 = CARTESIAN_POINT('',(0.15,-1.275,7.8));
#18237 = VECTOR('',#18238,1.);
#18238 = DIRECTION('',(1.,0.,0.));
#18239 = ORIENTED_EDGE('',*,*,#18240,.F.);
#18240 = EDGE_CURVE('',#18241,#18233,#18243,.T.);
#18241 = VERTEX_POINT('',#18242);
#18242 = CARTESIAN_POINT('',(4.85,-1.275,0.1));
#18243 = LINE('',#18244,#18245);
#18244 = CARTESIAN_POINT('',(4.85,-1.275,0.1));
#18245 = VECTOR('',#18246,1.);
#18246 = DIRECTION('',(0.,0.,1.));
#18247 = ORIENTED_EDGE('',*,*,#18248,.F.);
#18248 = EDGE_CURVE('',#18223,#18241,#18249,.T.);
#18249 = LINE('',#18250,#18251);
#18250 = CARTESIAN_POINT('',(0.15,-1.275,0.1));
#18251 = VECTOR('',#18252,1.);
#18252 = DIRECTION('',(1.,0.,0.));
#18253 = PLANE('',#18254);
#18254 = AXIS2_PLACEMENT_3D('',#18255,#18256,#18257);
#18255 = CARTESIAN_POINT('',(0.15,-1.275,0.1));
#18256 = DIRECTION('',(0.,1.,0.));
#18257 = DIRECTION('',(1.,0.,0.));
#18258 = ADVANCED_FACE('',(#18259),#18284,.F.);
#18259 = FACE_BOUND('',#18260,.F.);
#18260 = EDGE_LOOP('',(#18261,#18262,#18270,#18278));
#18261 = ORIENTED_EDGE('',*,*,#18240,.T.);
#18262 = ORIENTED_EDGE('',*,*,#18263,.T.);
#18263 = EDGE_CURVE('',#18233,#18264,#18266,.T.);
#18264 = VERTEX_POINT('',#18265);
#18265 = CARTESIAN_POINT('',(4.85,1.275,7.8));
#18266 = LINE('',#18267,#18268);
#18267 = CARTESIAN_POINT('',(4.85,-1.275,7.8));
#18268 = VECTOR('',#18269,1.);
#18269 = DIRECTION('',(0.,1.,0.));
#18270 = ORIENTED_EDGE('',*,*,#18271,.F.);
#18271 = EDGE_CURVE('',#18272,#18264,#18274,.T.);
#18272 = VERTEX_POINT('',#18273);
#18273 = CARTESIAN_POINT('',(4.85,1.275,0.1));
#18274 = LINE('',#18275,#18276);
#18275 = CARTESIAN_POINT('',(4.85,1.275,0.1));
#18276 = VECTOR('',#18277,1.);
#18277 = DIRECTION('',(0.,0.,1.));
#18278 = ORIENTED_EDGE('',*,*,#18279,.F.);
#18279 = EDGE_CURVE('',#18241,#18272,#18280,.T.);
#18280 = LINE('',#18281,#18282);
#18281 = CARTESIAN_POINT('',(4.85,-1.275,0.1));
#18282 = VECTOR('',#18283,1.);
#18283 = DIRECTION('',(0.,1.,0.));
#18284 = PLANE('',#18285);
#18285 = AXIS2_PLACEMENT_3D('',#18286,#18287,#18288);
#18286 = CARTESIAN_POINT('',(4.85,-1.275,0.1));
#18287 = DIRECTION('',(-1.,0.,0.));
#18288 = DIRECTION('',(0.,1.,0.));
#18289 = ADVANCED_FACE('',(#18290),#18315,.F.);
#18290 = FACE_BOUND('',#18291,.F.);
#18291 = EDGE_LOOP('',(#18292,#18293,#18301,#18309));
#18292 = ORIENTED_EDGE('',*,*,#18271,.T.);
#18293 = ORIENTED_EDGE('',*,*,#18294,.T.);
#18294 = EDGE_CURVE('',#18264,#18295,#18297,.T.);
#18295 = VERTEX_POINT('',#18296);
#18296 = CARTESIAN_POINT('',(0.15,1.275,7.8));
#18297 = LINE('',#18298,#18299);
#18298 = CARTESIAN_POINT('',(4.85,1.275,7.8));
#18299 = VECTOR('',#18300,1.);
#18300 = DIRECTION('',(-1.,0.,0.));
#18301 = ORIENTED_EDGE('',*,*,#18302,.F.);
#18302 = EDGE_CURVE('',#18303,#18295,#18305,.T.);
#18303 = VERTEX_POINT('',#18304);
#18304 = CARTESIAN_POINT('',(0.15,1.275,0.1));
#18305 = LINE('',#18306,#18307);
#18306 = CARTESIAN_POINT('',(0.15,1.275,0.1));
#18307 = VECTOR('',#18308,1.);
#18308 = DIRECTION('',(0.,0.,1.));
#18309 = ORIENTED_EDGE('',*,*,#18310,.F.);
#18310 = EDGE_CURVE('',#18272,#18303,#18311,.T.);
#18311 = LINE('',#18312,#18313);
#18312 = CARTESIAN_POINT('',(4.85,1.275,0.1));
#18313 = VECTOR('',#18314,1.);
#18314 = DIRECTION('',(-1.,0.,0.));
#18315 = PLANE('',#18316);
#18316 = AXIS2_PLACEMENT_3D('',#18317,#18318,#18319);
#18317 = CARTESIAN_POINT('',(4.85,1.275,0.1));
#18318 = DIRECTION('',(0.,-1.,0.));
#18319 = DIRECTION('',(-1.,0.,0.));
#18320 = ADVANCED_FACE('',(#18321),#18337,.F.);
#18321 = FACE_BOUND('',#18322,.F.);
#18322 = EDGE_LOOP('',(#18323,#18324,#18330,#18331));
#18323 = ORIENTED_EDGE('',*,*,#18302,.T.);
#18324 = ORIENTED_EDGE('',*,*,#18325,.T.);
#18325 = EDGE_CURVE('',#18295,#18225,#18326,.T.);
#18326 = LINE('',#18327,#18328);
#18327 = CARTESIAN_POINT('',(0.15,1.275,7.8));
#18328 = VECTOR('',#18329,1.);
#18329 = DIRECTION('',(0.,-1.,0.));
#18330 = ORIENTED_EDGE('',*,*,#18222,.F.);
#18331 = ORIENTED_EDGE('',*,*,#18332,.F.);
#18332 = EDGE_CURVE('',#18303,#18223,#18333,.T.);
#18333 = LINE('',#18334,#18335);
#18334 = CARTESIAN_POINT('',(0.15,1.275,0.1));
#18335 = VECTOR('',#18336,1.);
#18336 = DIRECTION('',(0.,-1.,0.));
#18337 = PLANE('',#18338);
#18338 = AXIS2_PLACEMENT_3D('',#18339,#18340,#18341);
#18339 = CARTESIAN_POINT('',(0.15,1.275,0.1));
#18340 = DIRECTION('',(1.,0.,0.));
#18341 = DIRECTION('',(0.,-1.,0.));
#18342 = ADVANCED_FACE('',(#18343),#18349,.F.);
#18343 = FACE_BOUND('',#18344,.F.);
#18344 = EDGE_LOOP('',(#18345,#18346,#18347,#18348));
#18345 = ORIENTED_EDGE('',*,*,#18248,.T.);
#18346 = ORIENTED_EDGE('',*,*,#18279,.T.);
#18347 = ORIENTED_EDGE('',*,*,#18310,.T.);
#18348 = ORIENTED_EDGE('',*,*,#18332,.T.);
#18349 = PLANE('',#18350);
#18350 = AXIS2_PLACEMENT_3D('',#18351,#18352,#18353);
#18351 = CARTESIAN_POINT('',(2.5,-6.125368411725E-17,1.E-01));
#18352 = DIRECTION('',(-3.25557050027E-33,2.882748878467E-49,1.));
#18353 = DIRECTION('',(1.,0.,3.25557050027E-33));
#18354 = ADVANCED_FACE('',(#18355),#18361,.T.);
#18355 = FACE_BOUND('',#18356,.T.);
#18356 = EDGE_LOOP('',(#18357,#18358,#18359,#18360));
#18357 = ORIENTED_EDGE('',*,*,#18232,.T.);
#18358 = ORIENTED_EDGE('',*,*,#18263,.T.);
#18359 = ORIENTED_EDGE('',*,*,#18294,.T.);
#18360 = ORIENTED_EDGE('',*,*,#18325,.T.);
#18361 = PLANE('',#18362);
#18362 = AXIS2_PLACEMENT_3D('',#18363,#18364,#18365);
#18363 = CARTESIAN_POINT('',(2.5,-6.125368411725E-17,7.8));
#18364 = DIRECTION('',(-3.25557050027E-33,2.882748878467E-49,1.));
#18365 = DIRECTION('',(1.,0.,3.25557050027E-33));
#18366 = MANIFOLD_SOLID_BREP('',#18367);
#18367 = CLOSED_SHELL('',(#18368,#18401,#18410));
#18368 = ADVANCED_FACE('',(#18369),#18396,.T.);
#18369 = FACE_BOUND('',#18370,.T.);
#18370 = EDGE_LOOP('',(#18371,#18380,#18388,#18395));
#18371 = ORIENTED_EDGE('',*,*,#18372,.F.);
#18372 = EDGE_CURVE('',#18373,#18373,#18375,.T.);
#18373 = VERTEX_POINT('',#18374);
#18374 = CARTESIAN_POINT('',(0.3,-7.347880794884E-17,0.1));
#18375 = CIRCLE('',#18376,0.3);
#18376 = AXIS2_PLACEMENT_3D('',#18377,#18378,#18379);
#18377 = CARTESIAN_POINT('',(0.,0.,0.1));
#18378 = DIRECTION('',(0.,0.,1.));
#18379 = DIRECTION('',(1.,0.,0.));
#18380 = ORIENTED_EDGE('',*,*,#18381,.F.);
#18381 = EDGE_CURVE('',#18382,#18373,#18384,.T.);
#18382 = VERTEX_POINT('',#18383);
#18383 = CARTESIAN_POINT('',(0.3,-7.347880794884E-17,-5.));
#18384 = LINE('',#18385,#18386);
#18385 = CARTESIAN_POINT('',(0.3,-7.347880794884E-17,-5.));
#18386 = VECTOR('',#18387,1.);
#18387 = DIRECTION('',(0.,0.,1.));
#18388 = ORIENTED_EDGE('',*,*,#18389,.T.);
#18389 = EDGE_CURVE('',#18382,#18382,#18390,.T.);
#18390 = CIRCLE('',#18391,0.3);
#18391 = AXIS2_PLACEMENT_3D('',#18392,#18393,#18394);
#18392 = CARTESIAN_POINT('',(0.,0.,-5.));
#18393 = DIRECTION('',(0.,0.,1.));
#18394 = DIRECTION('',(1.,0.,0.));
#18395 = ORIENTED_EDGE('',*,*,#18381,.T.);
#18396 = CYLINDRICAL_SURFACE('',#18397,0.3);
#18397 = AXIS2_PLACEMENT_3D('',#18398,#18399,#18400);
#18398 = CARTESIAN_POINT('',(0.,0.,-5.));
#18399 = DIRECTION('',(0.,0.,1.));
#18400 = DIRECTION('',(1.,0.,0.));
#18401 = ADVANCED_FACE('',(#18402),#18405,.T.);
#18402 = FACE_BOUND('',#18403,.T.);
#18403 = EDGE_LOOP('',(#18404));
#18404 = ORIENTED_EDGE('',*,*,#18372,.T.);
#18405 = PLANE('',#18406);
#18406 = AXIS2_PLACEMENT_3D('',#18407,#18408,#18409);
#18407 = CARTESIAN_POINT('',(0.,0.,0.1));
#18408 = DIRECTION('',(0.,0.,1.));
#18409 = DIRECTION('',(1.,0.,0.));
#18410 = ADVANCED_FACE('',(#18411),#18414,.F.);
#18411 = FACE_BOUND('',#18412,.T.);
#18412 = EDGE_LOOP('',(#18413));
#18413 = ORIENTED_EDGE('',*,*,#18389,.F.);
#18414 = PLANE('',#18415);
#18415 = AXIS2_PLACEMENT_3D('',#18416,#18417,#18418);
#18416 = CARTESIAN_POINT('',(0.,0.,-5.));
#18417 = DIRECTION('',(0.,0.,1.));
#18418 = DIRECTION('',(1.,0.,0.));
#18419 = MANIFOLD_SOLID_BREP('',#18420);
#18420 = CLOSED_SHELL('',(#18421,#18454,#18463));
#18421 = ADVANCED_FACE('',(#18422),#18449,.T.);
#18422 = FACE_BOUND('',#18423,.T.);
#18423 = EDGE_LOOP('',(#18424,#18433,#18441,#18448));
#18424 = ORIENTED_EDGE('',*,*,#18425,.F.);
#18425 = EDGE_CURVE('',#18426,#18426,#18428,.T.);
#18426 = VERTEX_POINT('',#18427);
#18427 = CARTESIAN_POINT('',(5.3,-7.347880794884E-17,0.1));
#18428 = CIRCLE('',#18429,0.3);
#18429 = AXIS2_PLACEMENT_3D('',#18430,#18431,#18432);
#18430 = CARTESIAN_POINT('',(5.,0.,0.1));
#18431 = DIRECTION('',(0.,0.,1.));
#18432 = DIRECTION('',(1.,0.,0.));
#18433 = ORIENTED_EDGE('',*,*,#18434,.F.);
#18434 = EDGE_CURVE('',#18435,#18426,#18437,.T.);
#18435 = VERTEX_POINT('',#18436);
#18436 = CARTESIAN_POINT('',(5.3,-7.347880794884E-17,-5.));
#18437 = LINE('',#18438,#18439);
#18438 = CARTESIAN_POINT('',(5.3,-7.347880794884E-17,-5.));
#18439 = VECTOR('',#18440,1.);
#18440 = DIRECTION('',(0.,0.,1.));
#18441 = ORIENTED_EDGE('',*,*,#18442,.T.);
#18442 = EDGE_CURVE('',#18435,#18435,#18443,.T.);
#18443 = CIRCLE('',#18444,0.3);
#18444 = AXIS2_PLACEMENT_3D('',#18445,#18446,#18447);
#18445 = CARTESIAN_POINT('',(5.,0.,-5.));
#18446 = DIRECTION('',(0.,0.,1.));
#18447 = DIRECTION('',(1.,0.,0.));
#18448 = ORIENTED_EDGE('',*,*,#18434,.T.);
#18449 = CYLINDRICAL_SURFACE('',#18450,0.3);
#18450 = AXIS2_PLACEMENT_3D('',#18451,#18452,#18453);
#18451 = CARTESIAN_POINT('',(5.,0.,-5.));
#18452 = DIRECTION('',(0.,0.,1.));
#18453 = DIRECTION('',(1.,0.,0.));
#18454 = ADVANCED_FACE('',(#18455),#18458,.T.);
#18455 = FACE_BOUND('',#18456,.T.);
#18456 = EDGE_LOOP('',(#18457));
#18457 = ORIENTED_EDGE('',*,*,#18425,.T.);
#18458 = PLANE('',#18459);
#18459 = AXIS2_PLACEMENT_3D('',#18460,#18461,#18462);
#18460 = CARTESIAN_POINT('',(5.,0.,0.1));
#18461 = DIRECTION('',(0.,0.,1.));
#18462 = DIRECTION('',(1.,0.,0.));
#18463 = ADVANCED_FACE('',(#18464),#18467,.F.);
#18464 = FACE_BOUND('',#18465,.T.);
#18465 = EDGE_LOOP('',(#18466));
#18466 = ORIENTED_EDGE('',*,*,#18442,.F.);
#18467 = PLANE('',#18468);
#18468 = AXIS2_PLACEMENT_3D('',#18469,#18470,#18471);
#18469 = CARTESIAN_POINT('',(5.,0.,-5.));
#18470 = DIRECTION('',(0.,0.,1.));
#18471 = DIRECTION('',(1.,0.,0.));
#18472 = ( GEOMETRIC_REPRESENTATION_CONTEXT(3) 
GLOBAL_UNCERTAINTY_ASSIGNED_CONTEXT((#18476)) 
GLOBAL_UNIT_ASSIGNED_CONTEXT((#18473,#18474,#18475)) 
REPRESENTATION_CONTEXT('Context #1',
  '3D Context with UNIT and UNCERTAINTY') );
#18473 = ( LENGTH_UNIT() NAMED_UNIT(*) SI_UNIT(.MILLI.,.METRE.) );
#18474 = ( NAMED_UNIT(*) PLANE_ANGLE_UNIT() SI_UNIT($,.RADIAN.) );
#18475 = ( NAMED_UNIT(*) SI_UNIT($,.STERADIAN.) SOLID_ANGLE_UNIT() );
#18476 = UNCERTAINTY_MEASURE_WITH_UNIT(LENGTH_MEASURE(1.E-07),#18473,
  'distance_accuracy_value','confusion accuracy');
#18477 = CONTEXT_DEPENDENT_SHAPE_REPRESENTATION(#18478,#18480);
#18478 = ( REPRESENTATION_RELATIONSHIP('','',#18215,#18192) 
REPRESENTATION_RELATIONSHIP_WITH_TRANSFORMATION(#18479) 
SHAPE_REPRESENTATION_RELATIONSHIP() );
#18479 = ITEM_DEFINED_TRANSFORMATION('','',#11,#18193);
#18480 = PRODUCT_DEFINITION_SHAPE('Placement','Placement of an item',
  #18481);
#18481 = NEXT_ASSEMBLY_USAGE_OCCURRENCE('11','=>[0:1:1:9]','',#18187,
  #18210,$);
#18482 = PRODUCT_RELATED_PRODUCT_CATEGORY('part',$,(#18212));
#18483 = CONTEXT_DEPENDENT_SHAPE_REPRESENTATION(#18484,#18486);
#18484 = ( REPRESENTATION_RELATIONSHIP('','',#88,#10) 
REPRESENTATION_RELATIONSHIP_WITH_TRANSFORMATION(#18485) 
SHAPE_REPRESENTATION_RELATIONSHIP() );
#18485 = ITEM_DEFINED_TRANSFORMATION('','',#11,#47);
#18486 = PRODUCT_DEFINITION_SHAPE('Placement','Placement of an item',
  #18487);
#18487 = NEXT_ASSEMBLY_USAGE_OCCURRENCE('13','J7','',#5,#83,$);
#18488 = CONTEXT_DEPENDENT_SHAPE_REPRESENTATION(#18489,#18491);
#18489 = ( REPRESENTATION_RELATIONSHIP('','',#88,#10) 
REPRESENTATION_RELATIONSHIP_WITH_TRANSFORMATION(#18490) 
SHAPE_REPRESENTATION_RELATIONSHIP() );
#18490 = ITEM_DEFINED_TRANSFORMATION('','',#11,#51);
#18491 = PRODUCT_DEFINITION_SHAPE('Placement','Placement of an item',
  #18492);
#18492 = NEXT_ASSEMBLY_USAGE_OCCURRENCE('14','J8','',#5,#83,$);
#18493 = CONTEXT_DEPENDENT_SHAPE_REPRESENTATION(#18494,#18496);
#18494 = ( REPRESENTATION_RELATIONSHIP('','',#88,#10) 
REPRESENTATION_RELATIONSHIP_WITH_TRANSFORMATION(#18495) 
SHAPE_REPRESENTATION_RELATIONSHIP() );
#18495 = ITEM_DEFINED_TRANSFORMATION('','',#11,#55);
#18496 = PRODUCT_DEFINITION_SHAPE('Placement','Placement of an item',
  #18497);
#18497 = NEXT_ASSEMBLY_USAGE_OCCURRENCE('15','J9','',#5,#83,$);
#18498 = CONTEXT_DEPENDENT_SHAPE_REPRESENTATION(#18499,#18501);
#18499 = ( REPRESENTATION_RELATIONSHIP('','',#88,#10) 
REPRESENTATION_RELATIONSHIP_WITH_TRANSFORMATION(#18500) 
SHAPE_REPRESENTATION_RELATIONSHIP() );
#18500 = ITEM_DEFINED_TRANSFORMATION('','',#11,#59);
#18501 = PRODUCT_DEFINITION_SHAPE('Placement','Placement of an item',
  #18502);
#18502 = NEXT_ASSEMBLY_USAGE_OCCURRENCE('16','J6','',#5,#83,$);
#18503 = CONTEXT_DEPENDENT_SHAPE_REPRESENTATION(#18504,#18506);
#18504 = ( REPRESENTATION_RELATIONSHIP('','',#6135,#10) 
REPRESENTATION_RELATIONSHIP_WITH_TRANSFORMATION(#18505) 
SHAPE_REPRESENTATION_RELATIONSHIP() );
#18505 = ITEM_DEFINED_TRANSFORMATION('','',#11,#63);
#18506 = PRODUCT_DEFINITION_SHAPE('Placement','Placement of an item',
  #18507);
#18507 = NEXT_ASSEMBLY_USAGE_OCCURRENCE('17','K3','',#5,#6130,$);
#18508 = CONTEXT_DEPENDENT_SHAPE_REPRESENTATION(#18509,#18511);
#18509 = ( REPRESENTATION_RELATIONSHIP('','',#88,#10) 
REPRESENTATION_RELATIONSHIP_WITH_TRANSFORMATION(#18510) 
SHAPE_REPRESENTATION_RELATIONSHIP() );
#18510 = ITEM_DEFINED_TRANSFORMATION('','',#11,#67);
#18511 = PRODUCT_DEFINITION_SHAPE('Placement','Placement of an item',
  #18512);
#18512 = NEXT_ASSEMBLY_USAGE_OCCURRENCE('18','J3','',#5,#83,$);
#18513 = SHAPE_DEFINITION_REPRESENTATION(#18514,#18520);
#18514 = PRODUCT_DEFINITION_SHAPE('','',#18515);
#18515 = PRODUCT_DEFINITION('design','',#18516,#18519);
#18516 = PRODUCT_DEFINITION_FORMATION('','',#18517);
#18517 = PRODUCT('_autosave-Relay OUT Signal switch board_PCB',
  '_autosave-Relay OUT Signal switch board_PCB','',(#18518));
#18518 = PRODUCT_CONTEXT('',#2,'mechanical');
#18519 = PRODUCT_DEFINITION_CONTEXT('part definition',#2,'design');
#18520 = ADVANCED_BREP_SHAPE_REPRESENTATION('',(#11,#18521),#20309);
#18521 = MANIFOLD_SOLID_BREP('',#18522);
#18522 = CLOSED_SHELL('',(#18523,#18563,#18594,#18625,#19104,#19583,
    #19595,#19612,#19629,#19646,#19663,#19680,#19697,#19714,#19731,
    #19748,#19765,#19782,#19799,#19816,#19833,#19850,#19867,#19884,
    #19901,#19918,#19935,#19952,#19969,#19986,#20003,#20020,#20037,
    #20054,#20071,#20088,#20105,#20122,#20139,#20156,#20173,#20190,
    #20207,#20224,#20241,#20258,#20275,#20292));
#18523 = ADVANCED_FACE('',(#18524),#18558,.T.);
#18524 = FACE_BOUND('',#18525,.T.);
#18525 = EDGE_LOOP('',(#18526,#18536,#18544,#18552));
#18526 = ORIENTED_EDGE('',*,*,#18527,.T.);
#18527 = EDGE_CURVE('',#18528,#18530,#18532,.T.);
#18528 = VERTEX_POINT('',#18529);
#18529 = CARTESIAN_POINT('',(159.525,-93.175,0.));
#18530 = VERTEX_POINT('',#18531);
#18531 = CARTESIAN_POINT('',(159.525,-93.175,1.6));
#18532 = LINE('',#18533,#18534);
#18533 = CARTESIAN_POINT('',(159.525,-93.175,0.));
#18534 = VECTOR('',#18535,1.);
#18535 = DIRECTION('',(0.,0.,1.));
#18536 = ORIENTED_EDGE('',*,*,#18537,.T.);
#18537 = EDGE_CURVE('',#18530,#18538,#18540,.T.);
#18538 = VERTEX_POINT('',#18539);
#18539 = CARTESIAN_POINT('',(104.525,-93.175,1.6));
#18540 = LINE('',#18541,#18542);
#18541 = CARTESIAN_POINT('',(159.525,-93.175,1.6));
#18542 = VECTOR('',#18543,1.);
#18543 = DIRECTION('',(-1.,0.,0.));
#18544 = ORIENTED_EDGE('',*,*,#18545,.F.);
#18545 = EDGE_CURVE('',#18546,#18538,#18548,.T.);
#18546 = VERTEX_POINT('',#18547);
#18547 = CARTESIAN_POINT('',(104.525,-93.175,0.));
#18548 = LINE('',#18549,#18550);
#18549 = CARTESIAN_POINT('',(104.525,-93.175,0.));
#18550 = VECTOR('',#18551,1.);
#18551 = DIRECTION('',(0.,0.,1.));
#18552 = ORIENTED_EDGE('',*,*,#18553,.F.);
#18553 = EDGE_CURVE('',#18528,#18546,#18554,.T.);
#18554 = LINE('',#18555,#18556);
#18555 = CARTESIAN_POINT('',(159.525,-93.175,0.));
#18556 = VECTOR('',#18557,1.);
#18557 = DIRECTION('',(-1.,0.,0.));
#18558 = PLANE('',#18559);
#18559 = AXIS2_PLACEMENT_3D('',#18560,#18561,#18562);
#18560 = CARTESIAN_POINT('',(159.525,-93.175,0.));
#18561 = DIRECTION('',(0.,-1.,0.));
#18562 = DIRECTION('',(-1.,0.,0.));
#18563 = ADVANCED_FACE('',(#18564),#18589,.T.);
#18564 = FACE_BOUND('',#18565,.T.);
#18565 = EDGE_LOOP('',(#18566,#18576,#18582,#18583));
#18566 = ORIENTED_EDGE('',*,*,#18567,.T.);
#18567 = EDGE_CURVE('',#18568,#18570,#18572,.T.);
#18568 = VERTEX_POINT('',#18569);
#18569 = CARTESIAN_POINT('',(159.525,-16.375,0.));
#18570 = VERTEX_POINT('',#18571);
#18571 = CARTESIAN_POINT('',(159.525,-16.375,1.6));
#18572 = LINE('',#18573,#18574);
#18573 = CARTESIAN_POINT('',(159.525,-16.375,0.));
#18574 = VECTOR('',#18575,1.);
#18575 = DIRECTION('',(0.,0.,1.));
#18576 = ORIENTED_EDGE('',*,*,#18577,.T.);
#18577 = EDGE_CURVE('',#18570,#18530,#18578,.T.);
#18578 = LINE('',#18579,#18580);
#18579 = CARTESIAN_POINT('',(159.525,-16.375,1.6));
#18580 = VECTOR('',#18581,1.);
#18581 = DIRECTION('',(0.,-1.,0.));
#18582 = ORIENTED_EDGE('',*,*,#18527,.F.);
#18583 = ORIENTED_EDGE('',*,*,#18584,.F.);
#18584 = EDGE_CURVE('',#18568,#18528,#18585,.T.);
#18585 = LINE('',#18586,#18587);
#18586 = CARTESIAN_POINT('',(159.525,-16.375,0.));
#18587 = VECTOR('',#18588,1.);
#18588 = DIRECTION('',(0.,-1.,0.));
#18589 = PLANE('',#18590);
#18590 = AXIS2_PLACEMENT_3D('',#18591,#18592,#18593);
#18591 = CARTESIAN_POINT('',(159.525,-16.375,0.));
#18592 = DIRECTION('',(1.,0.,-0.));
#18593 = DIRECTION('',(0.,-1.,0.));
#18594 = ADVANCED_FACE('',(#18595),#18620,.T.);
#18595 = FACE_BOUND('',#18596,.T.);
#18596 = EDGE_LOOP('',(#18597,#18598,#18606,#18614));
#18597 = ORIENTED_EDGE('',*,*,#18545,.T.);
#18598 = ORIENTED_EDGE('',*,*,#18599,.T.);
#18599 = EDGE_CURVE('',#18538,#18600,#18602,.T.);
#18600 = VERTEX_POINT('',#18601);
#18601 = CARTESIAN_POINT('',(104.525,-16.375,1.6));
#18602 = LINE('',#18603,#18604);
#18603 = CARTESIAN_POINT('',(104.525,-93.175,1.6));
#18604 = VECTOR('',#18605,1.);
#18605 = DIRECTION('',(0.,1.,0.));
#18606 = ORIENTED_EDGE('',*,*,#18607,.F.);
#18607 = EDGE_CURVE('',#18608,#18600,#18610,.T.);
#18608 = VERTEX_POINT('',#18609);
#18609 = CARTESIAN_POINT('',(104.525,-16.375,0.));
#18610 = LINE('',#18611,#18612);
#18611 = CARTESIAN_POINT('',(104.525,-16.375,0.));
#18612 = VECTOR('',#18613,1.);
#18613 = DIRECTION('',(0.,0.,1.));
#18614 = ORIENTED_EDGE('',*,*,#18615,.F.);
#18615 = EDGE_CURVE('',#18546,#18608,#18616,.T.);
#18616 = LINE('',#18617,#18618);
#18617 = CARTESIAN_POINT('',(104.525,-93.175,0.));
#18618 = VECTOR('',#18619,1.);
#18619 = DIRECTION('',(0.,1.,0.));
#18620 = PLANE('',#18621);
#18621 = AXIS2_PLACEMENT_3D('',#18622,#18623,#18624);
#18622 = CARTESIAN_POINT('',(104.525,-93.175,0.));
#18623 = DIRECTION('',(-1.,0.,0.));
#18624 = DIRECTION('',(0.,1.,0.));
#18625 = ADVANCED_FACE('',(#18626,#18637,#18648,#18659,#18670,#18681,
    #18692,#18703,#18714,#18725,#18736,#18747,#18758,#18769,#18780,
    #18791,#18802,#18813,#18824,#18835,#18846,#18857,#18868,#18879,
    #18890,#18901,#18912,#18923,#18934,#18945,#18956,#18967,#18978,
    #18989,#19000,#19011,#19022,#19033,#19044,#19055,#19066,#19077,
    #19088),#19099,.T.);
#18626 = FACE_BOUND('',#18627,.T.);
#18627 = EDGE_LOOP('',(#18628,#18629,#18630,#18636));
#18628 = ORIENTED_EDGE('',*,*,#18553,.T.);
#18629 = ORIENTED_EDGE('',*,*,#18615,.T.);
#18630 = ORIENTED_EDGE('',*,*,#18631,.T.);
#18631 = EDGE_CURVE('',#18608,#18568,#18632,.T.);
#18632 = LINE('',#18633,#18634);
#18633 = CARTESIAN_POINT('',(104.525,-16.375,0.));
#18634 = VECTOR('',#18635,1.);
#18635 = DIRECTION('',(1.,0.,0.));
#18636 = ORIENTED_EDGE('',*,*,#18584,.T.);
#18637 = FACE_BOUND('',#18638,.T.);
#18638 = EDGE_LOOP('',(#18639));
#18639 = ORIENTED_EDGE('',*,*,#18640,.F.);
#18640 = EDGE_CURVE('',#18641,#18641,#18643,.T.);
#18641 = VERTEX_POINT('',#18642);
#18642 = CARTESIAN_POINT('',(153.175,-90.9,0.));
#18643 = CIRCLE('',#18644,1.25);
#18644 = AXIS2_PLACEMENT_3D('',#18645,#18646,#18647);
#18645 = CARTESIAN_POINT('',(153.175,-89.65,0.));
#18646 = DIRECTION('',(-0.,0.,-1.));
#18647 = DIRECTION('',(-0.,-1.,0.));
#18648 = FACE_BOUND('',#18649,.T.);
#18649 = EDGE_LOOP('',(#18650));
#18650 = ORIENTED_EDGE('',*,*,#18651,.F.);
#18651 = EDGE_CURVE('',#18652,#18652,#18654,.T.);
#18652 = VERTEX_POINT('',#18653);
#18653 = CARTESIAN_POINT('',(148.375,-81.8,0.));
#18654 = CIRCLE('',#18655,0.55);
#18655 = AXIS2_PLACEMENT_3D('',#18656,#18657,#18658);
#18656 = CARTESIAN_POINT('',(148.375,-81.25,0.));
#18657 = DIRECTION('',(-0.,0.,-1.));
#18658 = DIRECTION('',(-0.,-1.,0.));
#18659 = FACE_BOUND('',#18660,.T.);
#18660 = EDGE_LOOP('',(#18661));
#18661 = ORIENTED_EDGE('',*,*,#18662,.F.);
#18662 = EDGE_CURVE('',#18663,#18663,#18665,.T.);
#18663 = VERTEX_POINT('',#18664);
#18664 = CARTESIAN_POINT('',(148.375,-79.26,0.));
#18665 = CIRCLE('',#18666,0.55);
#18666 = AXIS2_PLACEMENT_3D('',#18667,#18668,#18669);
#18667 = CARTESIAN_POINT('',(148.375,-78.71,0.));
#18668 = DIRECTION('',(-0.,0.,-1.));
#18669 = DIRECTION('',(-0.,-1.,0.));
#18670 = FACE_BOUND('',#18671,.T.);
#18671 = EDGE_LOOP('',(#18672));
#18672 = ORIENTED_EDGE('',*,*,#18673,.F.);
#18673 = EDGE_CURVE('',#18674,#18674,#18676,.T.);
#18674 = VERTEX_POINT('',#18675);
#18675 = CARTESIAN_POINT('',(148.375,-76.72,0.));
#18676 = CIRCLE('',#18677,0.55);
#18677 = AXIS2_PLACEMENT_3D('',#18678,#18679,#18680);
#18678 = CARTESIAN_POINT('',(148.375,-76.17,0.));
#18679 = DIRECTION('',(-0.,0.,-1.));
#18680 = DIRECTION('',(-0.,-1.,0.));
#18681 = FACE_BOUND('',#18682,.T.);
#18682 = EDGE_LOOP('',(#18683));
#18683 = ORIENTED_EDGE('',*,*,#18684,.F.);
#18684 = EDGE_CURVE('',#18685,#18685,#18687,.T.);
#18685 = VERTEX_POINT('',#18686);
#18686 = CARTESIAN_POINT('',(148.375,-74.18,0.));
#18687 = CIRCLE('',#18688,0.55);
#18688 = AXIS2_PLACEMENT_3D('',#18689,#18690,#18691);
#18689 = CARTESIAN_POINT('',(148.375,-73.63,0.));
#18690 = DIRECTION('',(-0.,0.,-1.));
#18691 = DIRECTION('',(-0.,-1.,0.));
#18692 = FACE_BOUND('',#18693,.T.);
#18693 = EDGE_LOOP('',(#18694));
#18694 = ORIENTED_EDGE('',*,*,#18695,.F.);
#18695 = EDGE_CURVE('',#18696,#18696,#18698,.T.);
#18696 = VERTEX_POINT('',#18697);
#18697 = CARTESIAN_POINT('',(148.375,-67.5833,0.));
#18698 = CIRCLE('',#18699,0.55);
#18699 = AXIS2_PLACEMENT_3D('',#18700,#18701,#18702);
#18700 = CARTESIAN_POINT('',(148.375,-67.0333,0.));
#18701 = DIRECTION('',(-0.,0.,-1.));
#18702 = DIRECTION('',(-0.,-1.,0.));
#18703 = FACE_BOUND('',#18704,.T.);
#18704 = EDGE_LOOP('',(#18705));
#18705 = ORIENTED_EDGE('',*,*,#18706,.F.);
#18706 = EDGE_CURVE('',#18707,#18707,#18709,.T.);
#18707 = VERTEX_POINT('',#18708);
#18708 = CARTESIAN_POINT('',(148.375,-65.0433,0.));
#18709 = CIRCLE('',#18710,0.55);
#18710 = AXIS2_PLACEMENT_3D('',#18711,#18712,#18713);
#18711 = CARTESIAN_POINT('',(148.375,-64.4933,0.));
#18712 = DIRECTION('',(-0.,0.,-1.));
#18713 = DIRECTION('',(-0.,-1.,0.));
#18714 = FACE_BOUND('',#18715,.T.);
#18715 = EDGE_LOOP('',(#18716));
#18716 = ORIENTED_EDGE('',*,*,#18717,.F.);
#18717 = EDGE_CURVE('',#18718,#18718,#18720,.T.);
#18718 = VERTEX_POINT('',#18719);
#18719 = CARTESIAN_POINT('',(148.375,-62.5033,0.));
#18720 = CIRCLE('',#18721,0.55);
#18721 = AXIS2_PLACEMENT_3D('',#18722,#18723,#18724);
#18722 = CARTESIAN_POINT('',(148.375,-61.9533,0.));
#18723 = DIRECTION('',(-0.,0.,-1.));
#18724 = DIRECTION('',(-0.,-1.,0.));
#18725 = FACE_BOUND('',#18726,.T.);
#18726 = EDGE_LOOP('',(#18727));
#18727 = ORIENTED_EDGE('',*,*,#18728,.F.);
#18728 = EDGE_CURVE('',#18729,#18729,#18731,.T.);
#18729 = VERTEX_POINT('',#18730);
#18730 = CARTESIAN_POINT('',(148.375,-59.9633,0.));
#18731 = CIRCLE('',#18732,0.55);
#18732 = AXIS2_PLACEMENT_3D('',#18733,#18734,#18735);
#18733 = CARTESIAN_POINT('',(148.375,-59.4133,0.));
#18734 = DIRECTION('',(-0.,0.,-1.));
#18735 = DIRECTION('',(-0.,-1.,0.));
#18736 = FACE_BOUND('',#18737,.T.);
#18737 = EDGE_LOOP('',(#18738));
#18738 = ORIENTED_EDGE('',*,*,#18739,.F.);
#18739 = EDGE_CURVE('',#18740,#18740,#18742,.T.);
#18740 = VERTEX_POINT('',#18741);
#18741 = CARTESIAN_POINT('',(108.65,-90.675,0.));
#18742 = CIRCLE('',#18743,1.25);
#18743 = AXIS2_PLACEMENT_3D('',#18744,#18745,#18746);
#18744 = CARTESIAN_POINT('',(108.65,-89.425,0.));
#18745 = DIRECTION('',(-0.,0.,-1.));
#18746 = DIRECTION('',(-0.,-1.,0.));
#18747 = FACE_BOUND('',#18748,.T.);
#18748 = EDGE_LOOP('',(#18749));
#18749 = ORIENTED_EDGE('',*,*,#18750,.F.);
#18750 = EDGE_CURVE('',#18751,#18751,#18753,.T.);
#18751 = VERTEX_POINT('',#18752);
#18752 = CARTESIAN_POINT('',(115.325,-81.885,0.));
#18753 = CIRCLE('',#18754,0.55);
#18754 = AXIS2_PLACEMENT_3D('',#18755,#18756,#18757);
#18755 = CARTESIAN_POINT('',(115.325,-81.335,0.));
#18756 = DIRECTION('',(-0.,0.,-1.));
#18757 = DIRECTION('',(-0.,-1.,0.));
#18758 = FACE_BOUND('',#18759,.T.);
#18759 = EDGE_LOOP('',(#18760));
#18760 = ORIENTED_EDGE('',*,*,#18761,.F.);
#18761 = EDGE_CURVE('',#18762,#18762,#18764,.T.);
#18762 = VERTEX_POINT('',#18763);
#18763 = CARTESIAN_POINT('',(115.325,-79.345,0.));
#18764 = CIRCLE('',#18765,0.55);
#18765 = AXIS2_PLACEMENT_3D('',#18766,#18767,#18768);
#18766 = CARTESIAN_POINT('',(115.325,-78.795,0.));
#18767 = DIRECTION('',(-0.,0.,-1.));
#18768 = DIRECTION('',(-0.,-1.,0.));
#18769 = FACE_BOUND('',#18770,.T.);
#18770 = EDGE_LOOP('',(#18771));
#18771 = ORIENTED_EDGE('',*,*,#18772,.F.);
#18772 = EDGE_CURVE('',#18773,#18773,#18775,.T.);
#18773 = VERTEX_POINT('',#18774);
#18774 = CARTESIAN_POINT('',(115.325,-76.805,0.));
#18775 = CIRCLE('',#18776,0.55);
#18776 = AXIS2_PLACEMENT_3D('',#18777,#18778,#18779);
#18777 = CARTESIAN_POINT('',(115.325,-76.255,0.));
#18778 = DIRECTION('',(-0.,0.,-1.));
#18779 = DIRECTION('',(-0.,-1.,0.));
#18780 = FACE_BOUND('',#18781,.T.);
#18781 = EDGE_LOOP('',(#18782));
#18782 = ORIENTED_EDGE('',*,*,#18783,.F.);
#18783 = EDGE_CURVE('',#18784,#18784,#18786,.T.);
#18784 = VERTEX_POINT('',#18785);
#18785 = CARTESIAN_POINT('',(115.325,-74.265,0.));
#18786 = CIRCLE('',#18787,0.55);
#18787 = AXIS2_PLACEMENT_3D('',#18788,#18789,#18790);
#18788 = CARTESIAN_POINT('',(115.325,-73.715,0.));
#18789 = DIRECTION('',(-0.,0.,-1.));
#18790 = DIRECTION('',(-0.,-1.,0.));
#18791 = FACE_BOUND('',#18792,.T.);
#18792 = EDGE_LOOP('',(#18793));
#18793 = ORIENTED_EDGE('',*,*,#18794,.F.);
#18794 = EDGE_CURVE('',#18795,#18795,#18797,.T.);
#18795 = VERTEX_POINT('',#18796);
#18796 = CARTESIAN_POINT('',(115.325,-67.6683,0.));
#18797 = CIRCLE('',#18798,0.55);
#18798 = AXIS2_PLACEMENT_3D('',#18799,#18800,#18801);
#18799 = CARTESIAN_POINT('',(115.325,-67.1183,0.));
#18800 = DIRECTION('',(-0.,0.,-1.));
#18801 = DIRECTION('',(-0.,-1.,0.));
#18802 = FACE_BOUND('',#18803,.T.);
#18803 = EDGE_LOOP('',(#18804));
#18804 = ORIENTED_EDGE('',*,*,#18805,.F.);
#18805 = EDGE_CURVE('',#18806,#18806,#18808,.T.);
#18806 = VERTEX_POINT('',#18807);
#18807 = CARTESIAN_POINT('',(115.325,-65.1283,0.));
#18808 = CIRCLE('',#18809,0.55);
#18809 = AXIS2_PLACEMENT_3D('',#18810,#18811,#18812);
#18810 = CARTESIAN_POINT('',(115.325,-64.5783,0.));
#18811 = DIRECTION('',(-0.,0.,-1.));
#18812 = DIRECTION('',(-0.,-1.,0.));
#18813 = FACE_BOUND('',#18814,.T.);
#18814 = EDGE_LOOP('',(#18815));
#18815 = ORIENTED_EDGE('',*,*,#18816,.F.);
#18816 = EDGE_CURVE('',#18817,#18817,#18819,.T.);
#18817 = VERTEX_POINT('',#18818);
#18818 = CARTESIAN_POINT('',(115.325,-62.5883,0.));
#18819 = CIRCLE('',#18820,0.55);
#18820 = AXIS2_PLACEMENT_3D('',#18821,#18822,#18823);
#18821 = CARTESIAN_POINT('',(115.325,-62.0383,0.));
#18822 = DIRECTION('',(-0.,0.,-1.));
#18823 = DIRECTION('',(-0.,-1.,0.));
#18824 = FACE_BOUND('',#18825,.T.);
#18825 = EDGE_LOOP('',(#18826));
#18826 = ORIENTED_EDGE('',*,*,#18827,.F.);
#18827 = EDGE_CURVE('',#18828,#18828,#18830,.T.);
#18828 = VERTEX_POINT('',#18829);
#18829 = CARTESIAN_POINT('',(115.325,-60.0483,0.));
#18830 = CIRCLE('',#18831,0.55);
#18831 = AXIS2_PLACEMENT_3D('',#18832,#18833,#18834);
#18832 = CARTESIAN_POINT('',(115.325,-59.4983,0.));
#18833 = DIRECTION('',(-0.,0.,-1.));
#18834 = DIRECTION('',(-0.,-1.,0.));
#18835 = FACE_BOUND('',#18836,.T.);
#18836 = EDGE_LOOP('',(#18837));
#18837 = ORIENTED_EDGE('',*,*,#18838,.F.);
#18838 = EDGE_CURVE('',#18839,#18839,#18841,.T.);
#18839 = VERTEX_POINT('',#18840);
#18840 = CARTESIAN_POINT('',(148.375,-53.3667,0.));
#18841 = CIRCLE('',#18842,0.55);
#18842 = AXIS2_PLACEMENT_3D('',#18843,#18844,#18845);
#18843 = CARTESIAN_POINT('',(148.375,-52.8167,0.));
#18844 = DIRECTION('',(-0.,0.,-1.));
#18845 = DIRECTION('',(-0.,-1.,0.));
#18846 = FACE_BOUND('',#18847,.T.);
#18847 = EDGE_LOOP('',(#18848));
#18848 = ORIENTED_EDGE('',*,*,#18849,.F.);
#18849 = EDGE_CURVE('',#18850,#18850,#18852,.T.);
#18850 = VERTEX_POINT('',#18851);
#18851 = CARTESIAN_POINT('',(148.375,-50.8267,0.));
#18852 = CIRCLE('',#18853,0.55);
#18853 = AXIS2_PLACEMENT_3D('',#18854,#18855,#18856);
#18854 = CARTESIAN_POINT('',(148.375,-50.2767,0.));
#18855 = DIRECTION('',(-0.,0.,-1.));
#18856 = DIRECTION('',(-0.,-1.,0.));
#18857 = FACE_BOUND('',#18858,.T.);
#18858 = EDGE_LOOP('',(#18859));
#18859 = ORIENTED_EDGE('',*,*,#18860,.F.);
#18860 = EDGE_CURVE('',#18861,#18861,#18863,.T.);
#18861 = VERTEX_POINT('',#18862);
#18862 = CARTESIAN_POINT('',(148.375,-48.2867,0.));
#18863 = CIRCLE('',#18864,0.55);
#18864 = AXIS2_PLACEMENT_3D('',#18865,#18866,#18867);
#18865 = CARTESIAN_POINT('',(148.375,-47.7367,0.));
#18866 = DIRECTION('',(-0.,0.,-1.));
#18867 = DIRECTION('',(-0.,-1.,0.));
#18868 = FACE_BOUND('',#18869,.T.);
#18869 = EDGE_LOOP('',(#18870));
#18870 = ORIENTED_EDGE('',*,*,#18871,.F.);
#18871 = EDGE_CURVE('',#18872,#18872,#18874,.T.);
#18872 = VERTEX_POINT('',#18873);
#18873 = CARTESIAN_POINT('',(148.375,-45.7467,0.));
#18874 = CIRCLE('',#18875,0.55);
#18875 = AXIS2_PLACEMENT_3D('',#18876,#18877,#18878);
#18876 = CARTESIAN_POINT('',(148.375,-45.1967,0.));
#18877 = DIRECTION('',(-0.,0.,-1.));
#18878 = DIRECTION('',(-0.,-1.,0.));
#18879 = FACE_BOUND('',#18880,.T.);
#18880 = EDGE_LOOP('',(#18881));
#18881 = ORIENTED_EDGE('',*,*,#18882,.F.);
#18882 = EDGE_CURVE('',#18883,#18883,#18885,.T.);
#18883 = VERTEX_POINT('',#18884);
#18884 = CARTESIAN_POINT('',(148.275,-36.9,0.));
#18885 = CIRCLE('',#18886,0.55);
#18886 = AXIS2_PLACEMENT_3D('',#18887,#18888,#18889);
#18887 = CARTESIAN_POINT('',(148.275,-36.35,0.));
#18888 = DIRECTION('',(-0.,0.,-1.));
#18889 = DIRECTION('',(5.1675835328E-14,-1.,-0.));
#18890 = FACE_BOUND('',#18891,.T.);
#18891 = EDGE_LOOP('',(#18892));
#18892 = ORIENTED_EDGE('',*,*,#18893,.F.);
#18893 = EDGE_CURVE('',#18894,#18894,#18896,.T.);
#18894 = VERTEX_POINT('',#18895);
#18895 = CARTESIAN_POINT('',(148.275,-34.36,0.));
#18896 = CIRCLE('',#18897,0.55);
#18897 = AXIS2_PLACEMENT_3D('',#18898,#18899,#18900);
#18898 = CARTESIAN_POINT('',(148.275,-33.81,0.));
#18899 = DIRECTION('',(-0.,0.,-1.));
#18900 = DIRECTION('',(5.1675835328E-14,-1.,-0.));
#18901 = FACE_BOUND('',#18902,.T.);
#18902 = EDGE_LOOP('',(#18903));
#18903 = ORIENTED_EDGE('',*,*,#18904,.F.);
#18904 = EDGE_CURVE('',#18905,#18905,#18907,.T.);
#18905 = VERTEX_POINT('',#18906);
#18906 = CARTESIAN_POINT('',(148.275,-31.82,0.));
#18907 = CIRCLE('',#18908,0.55);
#18908 = AXIS2_PLACEMENT_3D('',#18909,#18910,#18911);
#18909 = CARTESIAN_POINT('',(148.275,-31.27,0.));
#18910 = DIRECTION('',(-0.,0.,-1.));
#18911 = DIRECTION('',(5.1675835328E-14,-1.,-0.));
#18912 = FACE_BOUND('',#18913,.T.);
#18913 = EDGE_LOOP('',(#18914));
#18914 = ORIENTED_EDGE('',*,*,#18915,.F.);
#18915 = EDGE_CURVE('',#18916,#18916,#18918,.T.);
#18916 = VERTEX_POINT('',#18917);
#18917 = CARTESIAN_POINT('',(148.275,-29.28,0.));
#18918 = CIRCLE('',#18919,0.55);
#18919 = AXIS2_PLACEMENT_3D('',#18920,#18921,#18922);
#18920 = CARTESIAN_POINT('',(148.275,-28.73,0.));
#18921 = DIRECTION('',(-0.,0.,-1.));
#18922 = DIRECTION('',(5.1675835328E-14,-1.,-0.));
#18923 = FACE_BOUND('',#18924,.T.);
#18924 = EDGE_LOOP('',(#18925));
#18925 = ORIENTED_EDGE('',*,*,#18926,.F.);
#18926 = EDGE_CURVE('',#18927,#18927,#18929,.T.);
#18927 = VERTEX_POINT('',#18928);
#18928 = CARTESIAN_POINT('',(154.025,-21.05,0.));
#18929 = CIRCLE('',#18930,1.25);
#18930 = AXIS2_PLACEMENT_3D('',#18931,#18932,#18933);
#18931 = CARTESIAN_POINT('',(154.025,-19.8,0.));
#18932 = DIRECTION('',(-0.,0.,-1.));
#18933 = DIRECTION('',(-0.,-1.,0.));
#18934 = FACE_BOUND('',#18935,.T.);
#18935 = EDGE_LOOP('',(#18936));
#18936 = ORIENTED_EDGE('',*,*,#18937,.F.);
#18937 = EDGE_CURVE('',#18938,#18938,#18940,.T.);
#18938 = VERTEX_POINT('',#18939);
#18939 = CARTESIAN_POINT('',(140.362,-22.18,0.));
#18940 = CIRCLE('',#18941,0.4);
#18941 = AXIS2_PLACEMENT_3D('',#18942,#18943,#18944);
#18942 = CARTESIAN_POINT('',(140.362,-21.78,0.));
#18943 = DIRECTION('',(-0.,0.,-1.));
#18944 = DIRECTION('',(-0.,-1.,0.));
#18945 = FACE_BOUND('',#18946,.T.);
#18946 = EDGE_LOOP('',(#18947));
#18947 = ORIENTED_EDGE('',*,*,#18948,.F.);
#18948 = EDGE_CURVE('',#18949,#18949,#18951,.T.);
#18949 = VERTEX_POINT('',#18950);
#18950 = CARTESIAN_POINT('',(135.362,-22.18,0.));
#18951 = CIRCLE('',#18952,0.4);
#18952 = AXIS2_PLACEMENT_3D('',#18953,#18954,#18955);
#18953 = CARTESIAN_POINT('',(135.362,-21.78,0.));
#18954 = DIRECTION('',(-0.,0.,-1.));
#18955 = DIRECTION('',(-0.,-1.,0.));
#18956 = FACE_BOUND('',#18957,.T.);
#18957 = EDGE_LOOP('',(#18958));
#18958 = ORIENTED_EDGE('',*,*,#18959,.F.);
#18959 = EDGE_CURVE('',#18960,#18960,#18962,.T.);
#18960 = VERTEX_POINT('',#18961);
#18961 = CARTESIAN_POINT('',(115.325,-53.4517,0.));
#18962 = CIRCLE('',#18963,0.55);
#18963 = AXIS2_PLACEMENT_3D('',#18964,#18965,#18966);
#18964 = CARTESIAN_POINT('',(115.325,-52.9017,0.));
#18965 = DIRECTION('',(-0.,0.,-1.));
#18966 = DIRECTION('',(-0.,-1.,0.));
#18967 = FACE_BOUND('',#18968,.T.);
#18968 = EDGE_LOOP('',(#18969));
#18969 = ORIENTED_EDGE('',*,*,#18970,.F.);
#18970 = EDGE_CURVE('',#18971,#18971,#18973,.T.);
#18971 = VERTEX_POINT('',#18972);
#18972 = CARTESIAN_POINT('',(115.325,-50.9117,0.));
#18973 = CIRCLE('',#18974,0.55);
#18974 = AXIS2_PLACEMENT_3D('',#18975,#18976,#18977);
#18975 = CARTESIAN_POINT('',(115.325,-50.3617,0.));
#18976 = DIRECTION('',(-0.,0.,-1.));
#18977 = DIRECTION('',(-0.,-1.,0.));
#18978 = FACE_BOUND('',#18979,.T.);
#18979 = EDGE_LOOP('',(#18980));
#18980 = ORIENTED_EDGE('',*,*,#18981,.F.);
#18981 = EDGE_CURVE('',#18982,#18982,#18984,.T.);
#18982 = VERTEX_POINT('',#18983);
#18983 = CARTESIAN_POINT('',(115.325,-48.3717,0.));
#18984 = CIRCLE('',#18985,0.55);
#18985 = AXIS2_PLACEMENT_3D('',#18986,#18987,#18988);
#18986 = CARTESIAN_POINT('',(115.325,-47.8217,0.));
#18987 = DIRECTION('',(-0.,0.,-1.));
#18988 = DIRECTION('',(-0.,-1.,0.));
#18989 = FACE_BOUND('',#18990,.T.);
#18990 = EDGE_LOOP('',(#18991));
#18991 = ORIENTED_EDGE('',*,*,#18992,.F.);
#18992 = EDGE_CURVE('',#18993,#18993,#18995,.T.);
#18993 = VERTEX_POINT('',#18994);
#18994 = CARTESIAN_POINT('',(115.325,-45.8317,0.));
#18995 = CIRCLE('',#18996,0.55);
#18996 = AXIS2_PLACEMENT_3D('',#18997,#18998,#18999);
#18997 = CARTESIAN_POINT('',(115.325,-45.2817,0.));
#18998 = DIRECTION('',(-0.,0.,-1.));
#18999 = DIRECTION('',(-0.,-1.,0.));
#19000 = FACE_BOUND('',#19001,.T.);
#19001 = EDGE_LOOP('',(#19002));
#19002 = ORIENTED_EDGE('',*,*,#19003,.F.);
#19003 = EDGE_CURVE('',#19004,#19004,#19006,.T.);
#19004 = VERTEX_POINT('',#19005);
#19005 = CARTESIAN_POINT('',(115.325,-39.235,0.));
#19006 = CIRCLE('',#19007,0.55);
#19007 = AXIS2_PLACEMENT_3D('',#19008,#19009,#19010);
#19008 = CARTESIAN_POINT('',(115.325,-38.685,0.));
#19009 = DIRECTION('',(-0.,0.,-1.));
#19010 = DIRECTION('',(-0.,-1.,0.));
#19011 = FACE_BOUND('',#19012,.T.);
#19012 = EDGE_LOOP('',(#19013));
#19013 = ORIENTED_EDGE('',*,*,#19014,.F.);
#19014 = EDGE_CURVE('',#19015,#19015,#19017,.T.);
#19015 = VERTEX_POINT('',#19016);
#19016 = CARTESIAN_POINT('',(126.91,-24.175,0.));
#19017 = CIRCLE('',#19018,0.55);
#19018 = AXIS2_PLACEMENT_3D('',#19019,#19020,#19021);
#19019 = CARTESIAN_POINT('',(126.91,-23.625,0.));
#19020 = DIRECTION('',(-0.,0.,-1.));
#19021 = DIRECTION('',(-0.,-1.,0.));
#19022 = FACE_BOUND('',#19023,.T.);
#19023 = EDGE_LOOP('',(#19024));
#19024 = ORIENTED_EDGE('',*,*,#19025,.F.);
#19025 = EDGE_CURVE('',#19026,#19026,#19028,.T.);
#19026 = VERTEX_POINT('',#19027);
#19027 = CARTESIAN_POINT('',(124.37,-24.175,0.));
#19028 = CIRCLE('',#19029,0.55);
#19029 = AXIS2_PLACEMENT_3D('',#19030,#19031,#19032);
#19030 = CARTESIAN_POINT('',(124.37,-23.625,0.));
#19031 = DIRECTION('',(-0.,0.,-1.));
#19032 = DIRECTION('',(-0.,-1.,0.));
#19033 = FACE_BOUND('',#19034,.T.);
#19034 = EDGE_LOOP('',(#19035));
#19035 = ORIENTED_EDGE('',*,*,#19036,.F.);
#19036 = EDGE_CURVE('',#19037,#19037,#19039,.T.);
#19037 = VERTEX_POINT('',#19038);
#19038 = CARTESIAN_POINT('',(121.83,-24.175,0.));
#19039 = CIRCLE('',#19040,0.55);
#19040 = AXIS2_PLACEMENT_3D('',#19041,#19042,#19043);
#19041 = CARTESIAN_POINT('',(121.83,-23.625,0.));
#19042 = DIRECTION('',(-0.,0.,-1.));
#19043 = DIRECTION('',(-0.,-1.,0.));
#19044 = FACE_BOUND('',#19045,.T.);
#19045 = EDGE_LOOP('',(#19046));
#19046 = ORIENTED_EDGE('',*,*,#19047,.F.);
#19047 = EDGE_CURVE('',#19048,#19048,#19050,.T.);
#19048 = VERTEX_POINT('',#19049);
#19049 = CARTESIAN_POINT('',(115.325,-36.695,0.));
#19050 = CIRCLE('',#19051,0.55);
#19051 = AXIS2_PLACEMENT_3D('',#19052,#19053,#19054);
#19052 = CARTESIAN_POINT('',(115.325,-36.145,0.));
#19053 = DIRECTION('',(-0.,0.,-1.));
#19054 = DIRECTION('',(-0.,-1.,0.));
#19055 = FACE_BOUND('',#19056,.T.);
#19056 = EDGE_LOOP('',(#19057));
#19057 = ORIENTED_EDGE('',*,*,#19058,.F.);
#19058 = EDGE_CURVE('',#19059,#19059,#19061,.T.);
#19059 = VERTEX_POINT('',#19060);
#19060 = CARTESIAN_POINT('',(115.325,-34.155,0.));
#19061 = CIRCLE('',#19062,0.55);
#19062 = AXIS2_PLACEMENT_3D('',#19063,#19064,#19065);
#19063 = CARTESIAN_POINT('',(115.325,-33.605,0.));
#19064 = DIRECTION('',(-0.,0.,-1.));
#19065 = DIRECTION('',(-0.,-1.,0.));
#19066 = FACE_BOUND('',#19067,.T.);
#19067 = EDGE_LOOP('',(#19068));
#19068 = ORIENTED_EDGE('',*,*,#19069,.F.);
#19069 = EDGE_CURVE('',#19070,#19070,#19072,.T.);
#19070 = VERTEX_POINT('',#19071);
#19071 = CARTESIAN_POINT('',(115.325,-31.615,0.));
#19072 = CIRCLE('',#19073,0.55);
#19073 = AXIS2_PLACEMENT_3D('',#19074,#19075,#19076);
#19074 = CARTESIAN_POINT('',(115.325,-31.065,0.));
#19075 = DIRECTION('',(-0.,0.,-1.));
#19076 = DIRECTION('',(-0.,-1.,0.));
#19077 = FACE_BOUND('',#19078,.T.);
#19078 = EDGE_LOOP('',(#19079));
#19079 = ORIENTED_EDGE('',*,*,#19080,.F.);
#19080 = EDGE_CURVE('',#19081,#19081,#19083,.T.);
#19081 = VERTEX_POINT('',#19082);
#19082 = CARTESIAN_POINT('',(119.29,-24.175,0.));
#19083 = CIRCLE('',#19084,0.55);
#19084 = AXIS2_PLACEMENT_3D('',#19085,#19086,#19087);
#19085 = CARTESIAN_POINT('',(119.29,-23.625,0.));
#19086 = DIRECTION('',(-0.,0.,-1.));
#19087 = DIRECTION('',(2.5837917664E-14,-1.,-0.));
#19088 = FACE_BOUND('',#19089,.T.);
#19089 = EDGE_LOOP('',(#19090));
#19090 = ORIENTED_EDGE('',*,*,#19091,.F.);
#19091 = EDGE_CURVE('',#19092,#19092,#19094,.T.);
#19092 = VERTEX_POINT('',#19093);
#19093 = CARTESIAN_POINT('',(108.65,-21.05,0.));
#19094 = CIRCLE('',#19095,1.25);
#19095 = AXIS2_PLACEMENT_3D('',#19096,#19097,#19098);
#19096 = CARTESIAN_POINT('',(108.65,-19.8,0.));
#19097 = DIRECTION('',(-0.,0.,-1.));
#19098 = DIRECTION('',(-0.,-1.,0.));
#19099 = PLANE('',#19100);
#19100 = AXIS2_PLACEMENT_3D('',#19101,#19102,#19103);
#19101 = CARTESIAN_POINT('',(132.025,-54.775,0.));
#19102 = DIRECTION('',(-0.,-0.,-1.));
#19103 = DIRECTION('',(-1.,0.,0.));
#19104 = ADVANCED_FACE('',(#19105,#19116,#19127,#19138,#19149,#19160,
    #19171,#19182,#19193,#19204,#19215,#19226,#19237,#19248,#19259,
    #19270,#19281,#19292,#19303,#19314,#19325,#19336,#19347,#19358,
    #19369,#19380,#19391,#19402,#19413,#19424,#19435,#19446,#19457,
    #19468,#19479,#19490,#19501,#19512,#19523,#19534,#19545,#19556,
    #19567),#19578,.F.);
#19105 = FACE_BOUND('',#19106,.F.);
#19106 = EDGE_LOOP('',(#19107,#19108,#19109,#19115));
#19107 = ORIENTED_EDGE('',*,*,#18537,.T.);
#19108 = ORIENTED_EDGE('',*,*,#18599,.T.);
#19109 = ORIENTED_EDGE('',*,*,#19110,.T.);
#19110 = EDGE_CURVE('',#18600,#18570,#19111,.T.);
#19111 = LINE('',#19112,#19113);
#19112 = CARTESIAN_POINT('',(104.525,-16.375,1.6));
#19113 = VECTOR('',#19114,1.);
#19114 = DIRECTION('',(1.,0.,0.));
#19115 = ORIENTED_EDGE('',*,*,#18577,.T.);
#19116 = FACE_BOUND('',#19117,.F.);
#19117 = EDGE_LOOP('',(#19118));
#19118 = ORIENTED_EDGE('',*,*,#19119,.F.);
#19119 = EDGE_CURVE('',#19120,#19120,#19122,.T.);
#19120 = VERTEX_POINT('',#19121);
#19121 = CARTESIAN_POINT('',(153.175,-90.9,1.6));
#19122 = CIRCLE('',#19123,1.25);
#19123 = AXIS2_PLACEMENT_3D('',#19124,#19125,#19126);
#19124 = CARTESIAN_POINT('',(153.175,-89.65,1.6));
#19125 = DIRECTION('',(-0.,0.,-1.));
#19126 = DIRECTION('',(-0.,-1.,0.));
#19127 = FACE_BOUND('',#19128,.F.);
#19128 = EDGE_LOOP('',(#19129));
#19129 = ORIENTED_EDGE('',*,*,#19130,.F.);
#19130 = EDGE_CURVE('',#19131,#19131,#19133,.T.);
#19131 = VERTEX_POINT('',#19132);
#19132 = CARTESIAN_POINT('',(148.375,-81.8,1.6));
#19133 = CIRCLE('',#19134,0.55);
#19134 = AXIS2_PLACEMENT_3D('',#19135,#19136,#19137);
#19135 = CARTESIAN_POINT('',(148.375,-81.25,1.6));
#19136 = DIRECTION('',(-0.,0.,-1.));
#19137 = DIRECTION('',(-0.,-1.,0.));
#19138 = FACE_BOUND('',#19139,.F.);
#19139 = EDGE_LOOP('',(#19140));
#19140 = ORIENTED_EDGE('',*,*,#19141,.F.);
#19141 = EDGE_CURVE('',#19142,#19142,#19144,.T.);
#19142 = VERTEX_POINT('',#19143);
#19143 = CARTESIAN_POINT('',(148.375,-79.26,1.6));
#19144 = CIRCLE('',#19145,0.55);
#19145 = AXIS2_PLACEMENT_3D('',#19146,#19147,#19148);
#19146 = CARTESIAN_POINT('',(148.375,-78.71,1.6));
#19147 = DIRECTION('',(-0.,0.,-1.));
#19148 = DIRECTION('',(-0.,-1.,0.));
#19149 = FACE_BOUND('',#19150,.F.);
#19150 = EDGE_LOOP('',(#19151));
#19151 = ORIENTED_EDGE('',*,*,#19152,.F.);
#19152 = EDGE_CURVE('',#19153,#19153,#19155,.T.);
#19153 = VERTEX_POINT('',#19154);
#19154 = CARTESIAN_POINT('',(148.375,-76.72,1.6));
#19155 = CIRCLE('',#19156,0.55);
#19156 = AXIS2_PLACEMENT_3D('',#19157,#19158,#19159);
#19157 = CARTESIAN_POINT('',(148.375,-76.17,1.6));
#19158 = DIRECTION('',(-0.,0.,-1.));
#19159 = DIRECTION('',(-0.,-1.,0.));
#19160 = FACE_BOUND('',#19161,.F.);
#19161 = EDGE_LOOP('',(#19162));
#19162 = ORIENTED_EDGE('',*,*,#19163,.F.);
#19163 = EDGE_CURVE('',#19164,#19164,#19166,.T.);
#19164 = VERTEX_POINT('',#19165);
#19165 = CARTESIAN_POINT('',(148.375,-74.18,1.6));
#19166 = CIRCLE('',#19167,0.55);
#19167 = AXIS2_PLACEMENT_3D('',#19168,#19169,#19170);
#19168 = CARTESIAN_POINT('',(148.375,-73.63,1.6));
#19169 = DIRECTION('',(-0.,0.,-1.));
#19170 = DIRECTION('',(-0.,-1.,0.));
#19171 = FACE_BOUND('',#19172,.F.);
#19172 = EDGE_LOOP('',(#19173));
#19173 = ORIENTED_EDGE('',*,*,#19174,.F.);
#19174 = EDGE_CURVE('',#19175,#19175,#19177,.T.);
#19175 = VERTEX_POINT('',#19176);
#19176 = CARTESIAN_POINT('',(148.375,-67.5833,1.6));
#19177 = CIRCLE('',#19178,0.55);
#19178 = AXIS2_PLACEMENT_3D('',#19179,#19180,#19181);
#19179 = CARTESIAN_POINT('',(148.375,-67.0333,1.6));
#19180 = DIRECTION('',(-0.,0.,-1.));
#19181 = DIRECTION('',(-0.,-1.,0.));
#19182 = FACE_BOUND('',#19183,.F.);
#19183 = EDGE_LOOP('',(#19184));
#19184 = ORIENTED_EDGE('',*,*,#19185,.F.);
#19185 = EDGE_CURVE('',#19186,#19186,#19188,.T.);
#19186 = VERTEX_POINT('',#19187);
#19187 = CARTESIAN_POINT('',(148.375,-65.0433,1.6));
#19188 = CIRCLE('',#19189,0.55);
#19189 = AXIS2_PLACEMENT_3D('',#19190,#19191,#19192);
#19190 = CARTESIAN_POINT('',(148.375,-64.4933,1.6));
#19191 = DIRECTION('',(-0.,0.,-1.));
#19192 = DIRECTION('',(-0.,-1.,0.));
#19193 = FACE_BOUND('',#19194,.F.);
#19194 = EDGE_LOOP('',(#19195));
#19195 = ORIENTED_EDGE('',*,*,#19196,.F.);
#19196 = EDGE_CURVE('',#19197,#19197,#19199,.T.);
#19197 = VERTEX_POINT('',#19198);
#19198 = CARTESIAN_POINT('',(148.375,-62.5033,1.6));
#19199 = CIRCLE('',#19200,0.55);
#19200 = AXIS2_PLACEMENT_3D('',#19201,#19202,#19203);
#19201 = CARTESIAN_POINT('',(148.375,-61.9533,1.6));
#19202 = DIRECTION('',(-0.,0.,-1.));
#19203 = DIRECTION('',(-0.,-1.,0.));
#19204 = FACE_BOUND('',#19205,.F.);
#19205 = EDGE_LOOP('',(#19206));
#19206 = ORIENTED_EDGE('',*,*,#19207,.F.);
#19207 = EDGE_CURVE('',#19208,#19208,#19210,.T.);
#19208 = VERTEX_POINT('',#19209);
#19209 = CARTESIAN_POINT('',(148.375,-59.9633,1.6));
#19210 = CIRCLE('',#19211,0.55);
#19211 = AXIS2_PLACEMENT_3D('',#19212,#19213,#19214);
#19212 = CARTESIAN_POINT('',(148.375,-59.4133,1.6));
#19213 = DIRECTION('',(-0.,0.,-1.));
#19214 = DIRECTION('',(-0.,-1.,0.));
#19215 = FACE_BOUND('',#19216,.F.);
#19216 = EDGE_LOOP('',(#19217));
#19217 = ORIENTED_EDGE('',*,*,#19218,.F.);
#19218 = EDGE_CURVE('',#19219,#19219,#19221,.T.);
#19219 = VERTEX_POINT('',#19220);
#19220 = CARTESIAN_POINT('',(108.65,-90.675,1.6));
#19221 = CIRCLE('',#19222,1.25);
#19222 = AXIS2_PLACEMENT_3D('',#19223,#19224,#19225);
#19223 = CARTESIAN_POINT('',(108.65,-89.425,1.6));
#19224 = DIRECTION('',(-0.,0.,-1.));
#19225 = DIRECTION('',(-0.,-1.,0.));
#19226 = FACE_BOUND('',#19227,.F.);
#19227 = EDGE_LOOP('',(#19228));
#19228 = ORIENTED_EDGE('',*,*,#19229,.F.);
#19229 = EDGE_CURVE('',#19230,#19230,#19232,.T.);
#19230 = VERTEX_POINT('',#19231);
#19231 = CARTESIAN_POINT('',(115.325,-81.885,1.6));
#19232 = CIRCLE('',#19233,0.55);
#19233 = AXIS2_PLACEMENT_3D('',#19234,#19235,#19236);
#19234 = CARTESIAN_POINT('',(115.325,-81.335,1.6));
#19235 = DIRECTION('',(-0.,0.,-1.));
#19236 = DIRECTION('',(-0.,-1.,0.));
#19237 = FACE_BOUND('',#19238,.F.);
#19238 = EDGE_LOOP('',(#19239));
#19239 = ORIENTED_EDGE('',*,*,#19240,.F.);
#19240 = EDGE_CURVE('',#19241,#19241,#19243,.T.);
#19241 = VERTEX_POINT('',#19242);
#19242 = CARTESIAN_POINT('',(115.325,-79.345,1.6));
#19243 = CIRCLE('',#19244,0.55);
#19244 = AXIS2_PLACEMENT_3D('',#19245,#19246,#19247);
#19245 = CARTESIAN_POINT('',(115.325,-78.795,1.6));
#19246 = DIRECTION('',(-0.,0.,-1.));
#19247 = DIRECTION('',(-0.,-1.,0.));
#19248 = FACE_BOUND('',#19249,.F.);
#19249 = EDGE_LOOP('',(#19250));
#19250 = ORIENTED_EDGE('',*,*,#19251,.F.);
#19251 = EDGE_CURVE('',#19252,#19252,#19254,.T.);
#19252 = VERTEX_POINT('',#19253);
#19253 = CARTESIAN_POINT('',(115.325,-76.805,1.6));
#19254 = CIRCLE('',#19255,0.55);
#19255 = AXIS2_PLACEMENT_3D('',#19256,#19257,#19258);
#19256 = CARTESIAN_POINT('',(115.325,-76.255,1.6));
#19257 = DIRECTION('',(-0.,0.,-1.));
#19258 = DIRECTION('',(-0.,-1.,0.));
#19259 = FACE_BOUND('',#19260,.F.);
#19260 = EDGE_LOOP('',(#19261));
#19261 = ORIENTED_EDGE('',*,*,#19262,.F.);
#19262 = EDGE_CURVE('',#19263,#19263,#19265,.T.);
#19263 = VERTEX_POINT('',#19264);
#19264 = CARTESIAN_POINT('',(115.325,-74.265,1.6));
#19265 = CIRCLE('',#19266,0.55);
#19266 = AXIS2_PLACEMENT_3D('',#19267,#19268,#19269);
#19267 = CARTESIAN_POINT('',(115.325,-73.715,1.6));
#19268 = DIRECTION('',(-0.,0.,-1.));
#19269 = DIRECTION('',(-0.,-1.,0.));
#19270 = FACE_BOUND('',#19271,.F.);
#19271 = EDGE_LOOP('',(#19272));
#19272 = ORIENTED_EDGE('',*,*,#19273,.F.);
#19273 = EDGE_CURVE('',#19274,#19274,#19276,.T.);
#19274 = VERTEX_POINT('',#19275);
#19275 = CARTESIAN_POINT('',(115.325,-67.6683,1.6));
#19276 = CIRCLE('',#19277,0.55);
#19277 = AXIS2_PLACEMENT_3D('',#19278,#19279,#19280);
#19278 = CARTESIAN_POINT('',(115.325,-67.1183,1.6));
#19279 = DIRECTION('',(-0.,0.,-1.));
#19280 = DIRECTION('',(-0.,-1.,0.));
#19281 = FACE_BOUND('',#19282,.F.);
#19282 = EDGE_LOOP('',(#19283));
#19283 = ORIENTED_EDGE('',*,*,#19284,.F.);
#19284 = EDGE_CURVE('',#19285,#19285,#19287,.T.);
#19285 = VERTEX_POINT('',#19286);
#19286 = CARTESIAN_POINT('',(115.325,-65.1283,1.6));
#19287 = CIRCLE('',#19288,0.55);
#19288 = AXIS2_PLACEMENT_3D('',#19289,#19290,#19291);
#19289 = CARTESIAN_POINT('',(115.325,-64.5783,1.6));
#19290 = DIRECTION('',(-0.,0.,-1.));
#19291 = DIRECTION('',(-0.,-1.,0.));
#19292 = FACE_BOUND('',#19293,.F.);
#19293 = EDGE_LOOP('',(#19294));
#19294 = ORIENTED_EDGE('',*,*,#19295,.F.);
#19295 = EDGE_CURVE('',#19296,#19296,#19298,.T.);
#19296 = VERTEX_POINT('',#19297);
#19297 = CARTESIAN_POINT('',(115.325,-62.5883,1.6));
#19298 = CIRCLE('',#19299,0.55);
#19299 = AXIS2_PLACEMENT_3D('',#19300,#19301,#19302);
#19300 = CARTESIAN_POINT('',(115.325,-62.0383,1.6));
#19301 = DIRECTION('',(-0.,0.,-1.));
#19302 = DIRECTION('',(-0.,-1.,0.));
#19303 = FACE_BOUND('',#19304,.F.);
#19304 = EDGE_LOOP('',(#19305));
#19305 = ORIENTED_EDGE('',*,*,#19306,.F.);
#19306 = EDGE_CURVE('',#19307,#19307,#19309,.T.);
#19307 = VERTEX_POINT('',#19308);
#19308 = CARTESIAN_POINT('',(115.325,-60.0483,1.6));
#19309 = CIRCLE('',#19310,0.55);
#19310 = AXIS2_PLACEMENT_3D('',#19311,#19312,#19313);
#19311 = CARTESIAN_POINT('',(115.325,-59.4983,1.6));
#19312 = DIRECTION('',(-0.,0.,-1.));
#19313 = DIRECTION('',(-0.,-1.,0.));
#19314 = FACE_BOUND('',#19315,.F.);
#19315 = EDGE_LOOP('',(#19316));
#19316 = ORIENTED_EDGE('',*,*,#19317,.F.);
#19317 = EDGE_CURVE('',#19318,#19318,#19320,.T.);
#19318 = VERTEX_POINT('',#19319);
#19319 = CARTESIAN_POINT('',(148.375,-53.3667,1.6));
#19320 = CIRCLE('',#19321,0.55);
#19321 = AXIS2_PLACEMENT_3D('',#19322,#19323,#19324);
#19322 = CARTESIAN_POINT('',(148.375,-52.8167,1.6));
#19323 = DIRECTION('',(-0.,0.,-1.));
#19324 = DIRECTION('',(-0.,-1.,0.));
#19325 = FACE_BOUND('',#19326,.F.);
#19326 = EDGE_LOOP('',(#19327));
#19327 = ORIENTED_EDGE('',*,*,#19328,.F.);
#19328 = EDGE_CURVE('',#19329,#19329,#19331,.T.);
#19329 = VERTEX_POINT('',#19330);
#19330 = CARTESIAN_POINT('',(148.375,-50.8267,1.6));
#19331 = CIRCLE('',#19332,0.55);
#19332 = AXIS2_PLACEMENT_3D('',#19333,#19334,#19335);
#19333 = CARTESIAN_POINT('',(148.375,-50.2767,1.6));
#19334 = DIRECTION('',(-0.,0.,-1.));
#19335 = DIRECTION('',(-0.,-1.,0.));
#19336 = FACE_BOUND('',#19337,.F.);
#19337 = EDGE_LOOP('',(#19338));
#19338 = ORIENTED_EDGE('',*,*,#19339,.F.);
#19339 = EDGE_CURVE('',#19340,#19340,#19342,.T.);
#19340 = VERTEX_POINT('',#19341);
#19341 = CARTESIAN_POINT('',(148.375,-48.2867,1.6));
#19342 = CIRCLE('',#19343,0.55);
#19343 = AXIS2_PLACEMENT_3D('',#19344,#19345,#19346);
#19344 = CARTESIAN_POINT('',(148.375,-47.7367,1.6));
#19345 = DIRECTION('',(-0.,0.,-1.));
#19346 = DIRECTION('',(-0.,-1.,0.));
#19347 = FACE_BOUND('',#19348,.F.);
#19348 = EDGE_LOOP('',(#19349));
#19349 = ORIENTED_EDGE('',*,*,#19350,.F.);
#19350 = EDGE_CURVE('',#19351,#19351,#19353,.T.);
#19351 = VERTEX_POINT('',#19352);
#19352 = CARTESIAN_POINT('',(148.375,-45.7467,1.6));
#19353 = CIRCLE('',#19354,0.55);
#19354 = AXIS2_PLACEMENT_3D('',#19355,#19356,#19357);
#19355 = CARTESIAN_POINT('',(148.375,-45.1967,1.6));
#19356 = DIRECTION('',(-0.,0.,-1.));
#19357 = DIRECTION('',(-0.,-1.,0.));
#19358 = FACE_BOUND('',#19359,.F.);
#19359 = EDGE_LOOP('',(#19360));
#19360 = ORIENTED_EDGE('',*,*,#19361,.F.);
#19361 = EDGE_CURVE('',#19362,#19362,#19364,.T.);
#19362 = VERTEX_POINT('',#19363);
#19363 = CARTESIAN_POINT('',(148.275,-36.9,1.6));
#19364 = CIRCLE('',#19365,0.55);
#19365 = AXIS2_PLACEMENT_3D('',#19366,#19367,#19368);
#19366 = CARTESIAN_POINT('',(148.275,-36.35,1.6));
#19367 = DIRECTION('',(-0.,0.,-1.));
#19368 = DIRECTION('',(5.1675835328E-14,-1.,-0.));
#19369 = FACE_BOUND('',#19370,.F.);
#19370 = EDGE_LOOP('',(#19371));
#19371 = ORIENTED_EDGE('',*,*,#19372,.F.);
#19372 = EDGE_CURVE('',#19373,#19373,#19375,.T.);
#19373 = VERTEX_POINT('',#19374);
#19374 = CARTESIAN_POINT('',(148.275,-34.36,1.6));
#19375 = CIRCLE('',#19376,0.55);
#19376 = AXIS2_PLACEMENT_3D('',#19377,#19378,#19379);
#19377 = CARTESIAN_POINT('',(148.275,-33.81,1.6));
#19378 = DIRECTION('',(-0.,0.,-1.));
#19379 = DIRECTION('',(5.1675835328E-14,-1.,-0.));
#19380 = FACE_BOUND('',#19381,.F.);
#19381 = EDGE_LOOP('',(#19382));
#19382 = ORIENTED_EDGE('',*,*,#19383,.F.);
#19383 = EDGE_CURVE('',#19384,#19384,#19386,.T.);
#19384 = VERTEX_POINT('',#19385);
#19385 = CARTESIAN_POINT('',(148.275,-31.82,1.6));
#19386 = CIRCLE('',#19387,0.55);
#19387 = AXIS2_PLACEMENT_3D('',#19388,#19389,#19390);
#19388 = CARTESIAN_POINT('',(148.275,-31.27,1.6));
#19389 = DIRECTION('',(-0.,0.,-1.));
#19390 = DIRECTION('',(5.1675835328E-14,-1.,-0.));
#19391 = FACE_BOUND('',#19392,.F.);
#19392 = EDGE_LOOP('',(#19393));
#19393 = ORIENTED_EDGE('',*,*,#19394,.F.);
#19394 = EDGE_CURVE('',#19395,#19395,#19397,.T.);
#19395 = VERTEX_POINT('',#19396);
#19396 = CARTESIAN_POINT('',(148.275,-29.28,1.6));
#19397 = CIRCLE('',#19398,0.55);
#19398 = AXIS2_PLACEMENT_3D('',#19399,#19400,#19401);
#19399 = CARTESIAN_POINT('',(148.275,-28.73,1.6));
#19400 = DIRECTION('',(-0.,0.,-1.));
#19401 = DIRECTION('',(5.1675835328E-14,-1.,-0.));
#19402 = FACE_BOUND('',#19403,.F.);
#19403 = EDGE_LOOP('',(#19404));
#19404 = ORIENTED_EDGE('',*,*,#19405,.F.);
#19405 = EDGE_CURVE('',#19406,#19406,#19408,.T.);
#19406 = VERTEX_POINT('',#19407);
#19407 = CARTESIAN_POINT('',(154.025,-21.05,1.6));
#19408 = CIRCLE('',#19409,1.25);
#19409 = AXIS2_PLACEMENT_3D('',#19410,#19411,#19412);
#19410 = CARTESIAN_POINT('',(154.025,-19.8,1.6));
#19411 = DIRECTION('',(-0.,0.,-1.));
#19412 = DIRECTION('',(-0.,-1.,0.));
#19413 = FACE_BOUND('',#19414,.F.);
#19414 = EDGE_LOOP('',(#19415));
#19415 = ORIENTED_EDGE('',*,*,#19416,.F.);
#19416 = EDGE_CURVE('',#19417,#19417,#19419,.T.);
#19417 = VERTEX_POINT('',#19418);
#19418 = CARTESIAN_POINT('',(140.362,-22.18,1.6));
#19419 = CIRCLE('',#19420,0.4);
#19420 = AXIS2_PLACEMENT_3D('',#19421,#19422,#19423);
#19421 = CARTESIAN_POINT('',(140.362,-21.78,1.6));
#19422 = DIRECTION('',(-0.,0.,-1.));
#19423 = DIRECTION('',(-0.,-1.,0.));
#19424 = FACE_BOUND('',#19425,.F.);
#19425 = EDGE_LOOP('',(#19426));
#19426 = ORIENTED_EDGE('',*,*,#19427,.F.);
#19427 = EDGE_CURVE('',#19428,#19428,#19430,.T.);
#19428 = VERTEX_POINT('',#19429);
#19429 = CARTESIAN_POINT('',(135.362,-22.18,1.6));
#19430 = CIRCLE('',#19431,0.4);
#19431 = AXIS2_PLACEMENT_3D('',#19432,#19433,#19434);
#19432 = CARTESIAN_POINT('',(135.362,-21.78,1.6));
#19433 = DIRECTION('',(-0.,0.,-1.));
#19434 = DIRECTION('',(-0.,-1.,0.));
#19435 = FACE_BOUND('',#19436,.F.);
#19436 = EDGE_LOOP('',(#19437));
#19437 = ORIENTED_EDGE('',*,*,#19438,.F.);
#19438 = EDGE_CURVE('',#19439,#19439,#19441,.T.);
#19439 = VERTEX_POINT('',#19440);
#19440 = CARTESIAN_POINT('',(115.325,-53.4517,1.6));
#19441 = CIRCLE('',#19442,0.55);
#19442 = AXIS2_PLACEMENT_3D('',#19443,#19444,#19445);
#19443 = CARTESIAN_POINT('',(115.325,-52.9017,1.6));
#19444 = DIRECTION('',(-0.,0.,-1.));
#19445 = DIRECTION('',(-0.,-1.,0.));
#19446 = FACE_BOUND('',#19447,.F.);
#19447 = EDGE_LOOP('',(#19448));
#19448 = ORIENTED_EDGE('',*,*,#19449,.F.);
#19449 = EDGE_CURVE('',#19450,#19450,#19452,.T.);
#19450 = VERTEX_POINT('',#19451);
#19451 = CARTESIAN_POINT('',(115.325,-50.9117,1.6));
#19452 = CIRCLE('',#19453,0.55);
#19453 = AXIS2_PLACEMENT_3D('',#19454,#19455,#19456);
#19454 = CARTESIAN_POINT('',(115.325,-50.3617,1.6));
#19455 = DIRECTION('',(-0.,0.,-1.));
#19456 = DIRECTION('',(-0.,-1.,0.));
#19457 = FACE_BOUND('',#19458,.F.);
#19458 = EDGE_LOOP('',(#19459));
#19459 = ORIENTED_EDGE('',*,*,#19460,.F.);
#19460 = EDGE_CURVE('',#19461,#19461,#19463,.T.);
#19461 = VERTEX_POINT('',#19462);
#19462 = CARTESIAN_POINT('',(115.325,-48.3717,1.6));
#19463 = CIRCLE('',#19464,0.55);
#19464 = AXIS2_PLACEMENT_3D('',#19465,#19466,#19467);
#19465 = CARTESIAN_POINT('',(115.325,-47.8217,1.6));
#19466 = DIRECTION('',(-0.,0.,-1.));
#19467 = DIRECTION('',(-0.,-1.,0.));
#19468 = FACE_BOUND('',#19469,.F.);
#19469 = EDGE_LOOP('',(#19470));
#19470 = ORIENTED_EDGE('',*,*,#19471,.F.);
#19471 = EDGE_CURVE('',#19472,#19472,#19474,.T.);
#19472 = VERTEX_POINT('',#19473);
#19473 = CARTESIAN_POINT('',(115.325,-45.8317,1.6));
#19474 = CIRCLE('',#19475,0.55);
#19475 = AXIS2_PLACEMENT_3D('',#19476,#19477,#19478);
#19476 = CARTESIAN_POINT('',(115.325,-45.2817,1.6));
#19477 = DIRECTION('',(-0.,0.,-1.));
#19478 = DIRECTION('',(-0.,-1.,0.));
#19479 = FACE_BOUND('',#19480,.F.);
#19480 = EDGE_LOOP('',(#19481));
#19481 = ORIENTED_EDGE('',*,*,#19482,.F.);
#19482 = EDGE_CURVE('',#19483,#19483,#19485,.T.);
#19483 = VERTEX_POINT('',#19484);
#19484 = CARTESIAN_POINT('',(115.325,-39.235,1.6));
#19485 = CIRCLE('',#19486,0.55);
#19486 = AXIS2_PLACEMENT_3D('',#19487,#19488,#19489);
#19487 = CARTESIAN_POINT('',(115.325,-38.685,1.6));
#19488 = DIRECTION('',(-0.,0.,-1.));
#19489 = DIRECTION('',(-0.,-1.,0.));
#19490 = FACE_BOUND('',#19491,.F.);
#19491 = EDGE_LOOP('',(#19492));
#19492 = ORIENTED_EDGE('',*,*,#19493,.F.);
#19493 = EDGE_CURVE('',#19494,#19494,#19496,.T.);
#19494 = VERTEX_POINT('',#19495);
#19495 = CARTESIAN_POINT('',(126.91,-24.175,1.6));
#19496 = CIRCLE('',#19497,0.55);
#19497 = AXIS2_PLACEMENT_3D('',#19498,#19499,#19500);
#19498 = CARTESIAN_POINT('',(126.91,-23.625,1.6));
#19499 = DIRECTION('',(-0.,0.,-1.));
#19500 = DIRECTION('',(-0.,-1.,0.));
#19501 = FACE_BOUND('',#19502,.F.);
#19502 = EDGE_LOOP('',(#19503));
#19503 = ORIENTED_EDGE('',*,*,#19504,.F.);
#19504 = EDGE_CURVE('',#19505,#19505,#19507,.T.);
#19505 = VERTEX_POINT('',#19506);
#19506 = CARTESIAN_POINT('',(124.37,-24.175,1.6));
#19507 = CIRCLE('',#19508,0.55);
#19508 = AXIS2_PLACEMENT_3D('',#19509,#19510,#19511);
#19509 = CARTESIAN_POINT('',(124.37,-23.625,1.6));
#19510 = DIRECTION('',(-0.,0.,-1.));
#19511 = DIRECTION('',(-0.,-1.,0.));
#19512 = FACE_BOUND('',#19513,.F.);
#19513 = EDGE_LOOP('',(#19514));
#19514 = ORIENTED_EDGE('',*,*,#19515,.F.);
#19515 = EDGE_CURVE('',#19516,#19516,#19518,.T.);
#19516 = VERTEX_POINT('',#19517);
#19517 = CARTESIAN_POINT('',(121.83,-24.175,1.6));
#19518 = CIRCLE('',#19519,0.55);
#19519 = AXIS2_PLACEMENT_3D('',#19520,#19521,#19522);
#19520 = CARTESIAN_POINT('',(121.83,-23.625,1.6));
#19521 = DIRECTION('',(-0.,0.,-1.));
#19522 = DIRECTION('',(-0.,-1.,0.));
#19523 = FACE_BOUND('',#19524,.F.);
#19524 = EDGE_LOOP('',(#19525));
#19525 = ORIENTED_EDGE('',*,*,#19526,.F.);
#19526 = EDGE_CURVE('',#19527,#19527,#19529,.T.);
#19527 = VERTEX_POINT('',#19528);
#19528 = CARTESIAN_POINT('',(115.325,-36.695,1.6));
#19529 = CIRCLE('',#19530,0.55);
#19530 = AXIS2_PLACEMENT_3D('',#19531,#19532,#19533);
#19531 = CARTESIAN_POINT('',(115.325,-36.145,1.6));
#19532 = DIRECTION('',(-0.,0.,-1.));
#19533 = DIRECTION('',(-0.,-1.,0.));
#19534 = FACE_BOUND('',#19535,.F.);
#19535 = EDGE_LOOP('',(#19536));
#19536 = ORIENTED_EDGE('',*,*,#19537,.F.);
#19537 = EDGE_CURVE('',#19538,#19538,#19540,.T.);
#19538 = VERTEX_POINT('',#19539);
#19539 = CARTESIAN_POINT('',(115.325,-34.155,1.6));
#19540 = CIRCLE('',#19541,0.55);
#19541 = AXIS2_PLACEMENT_3D('',#19542,#19543,#19544);
#19542 = CARTESIAN_POINT('',(115.325,-33.605,1.6));
#19543 = DIRECTION('',(-0.,0.,-1.));
#19544 = DIRECTION('',(-0.,-1.,0.));
#19545 = FACE_BOUND('',#19546,.F.);
#19546 = EDGE_LOOP('',(#19547));
#19547 = ORIENTED_EDGE('',*,*,#19548,.F.);
#19548 = EDGE_CURVE('',#19549,#19549,#19551,.T.);
#19549 = VERTEX_POINT('',#19550);
#19550 = CARTESIAN_POINT('',(115.325,-31.615,1.6));
#19551 = CIRCLE('',#19552,0.55);
#19552 = AXIS2_PLACEMENT_3D('',#19553,#19554,#19555);
#19553 = CARTESIAN_POINT('',(115.325,-31.065,1.6));
#19554 = DIRECTION('',(-0.,0.,-1.));
#19555 = DIRECTION('',(-0.,-1.,0.));
#19556 = FACE_BOUND('',#19557,.F.);
#19557 = EDGE_LOOP('',(#19558));
#19558 = ORIENTED_EDGE('',*,*,#19559,.F.);
#19559 = EDGE_CURVE('',#19560,#19560,#19562,.T.);
#19560 = VERTEX_POINT('',#19561);
#19561 = CARTESIAN_POINT('',(119.29,-24.175,1.6));
#19562 = CIRCLE('',#19563,0.55);
#19563 = AXIS2_PLACEMENT_3D('',#19564,#19565,#19566);
#19564 = CARTESIAN_POINT('',(119.29,-23.625,1.6));
#19565 = DIRECTION('',(-0.,0.,-1.));
#19566 = DIRECTION('',(2.5837917664E-14,-1.,-0.));
#19567 = FACE_BOUND('',#19568,.F.);
#19568 = EDGE_LOOP('',(#19569));
#19569 = ORIENTED_EDGE('',*,*,#19570,.F.);
#19570 = EDGE_CURVE('',#19571,#19571,#19573,.T.);
#19571 = VERTEX_POINT('',#19572);
#19572 = CARTESIAN_POINT('',(108.65,-21.05,1.6));
#19573 = CIRCLE('',#19574,1.25);
#19574 = AXIS2_PLACEMENT_3D('',#19575,#19576,#19577);
#19575 = CARTESIAN_POINT('',(108.65,-19.8,1.6));
#19576 = DIRECTION('',(-0.,0.,-1.));
#19577 = DIRECTION('',(-0.,-1.,0.));
#19578 = PLANE('',#19579);
#19579 = AXIS2_PLACEMENT_3D('',#19580,#19581,#19582);
#19580 = CARTESIAN_POINT('',(132.025,-54.775,1.6));
#19581 = DIRECTION('',(-0.,-0.,-1.));
#19582 = DIRECTION('',(-1.,0.,0.));
#19583 = ADVANCED_FACE('',(#19584),#19590,.T.);
#19584 = FACE_BOUND('',#19585,.T.);
#19585 = EDGE_LOOP('',(#19586,#19587,#19588,#19589));
#19586 = ORIENTED_EDGE('',*,*,#18607,.T.);
#19587 = ORIENTED_EDGE('',*,*,#19110,.T.);
#19588 = ORIENTED_EDGE('',*,*,#18567,.F.);
#19589 = ORIENTED_EDGE('',*,*,#18631,.F.);
#19590 = PLANE('',#19591);
#19591 = AXIS2_PLACEMENT_3D('',#19592,#19593,#19594);
#19592 = CARTESIAN_POINT('',(104.525,-16.375,0.));
#19593 = DIRECTION('',(0.,1.,0.));
#19594 = DIRECTION('',(1.,0.,0.));
#19595 = ADVANCED_FACE('',(#19596),#19607,.F.);
#19596 = FACE_BOUND('',#19597,.T.);
#19597 = EDGE_LOOP('',(#19598,#19599,#19605,#19606));
#19598 = ORIENTED_EDGE('',*,*,#18640,.T.);
#19599 = ORIENTED_EDGE('',*,*,#19600,.T.);
#19600 = EDGE_CURVE('',#18641,#19120,#19601,.T.);
#19601 = LINE('',#19602,#19603);
#19602 = CARTESIAN_POINT('',(153.175,-90.9,-4.5E-02));
#19603 = VECTOR('',#19604,1.);
#19604 = DIRECTION('',(0.,0.,1.));
#19605 = ORIENTED_EDGE('',*,*,#19119,.F.);
#19606 = ORIENTED_EDGE('',*,*,#19600,.F.);
#19607 = CYLINDRICAL_SURFACE('',#19608,1.25);
#19608 = AXIS2_PLACEMENT_3D('',#19609,#19610,#19611);
#19609 = CARTESIAN_POINT('',(153.175,-89.65,-4.5E-02));
#19610 = DIRECTION('',(-0.,-0.,-1.));
#19611 = DIRECTION('',(-0.,-1.,0.));
#19612 = ADVANCED_FACE('',(#19613),#19624,.F.);
#19613 = FACE_BOUND('',#19614,.T.);
#19614 = EDGE_LOOP('',(#19615,#19616,#19622,#19623));
#19615 = ORIENTED_EDGE('',*,*,#18651,.T.);
#19616 = ORIENTED_EDGE('',*,*,#19617,.T.);
#19617 = EDGE_CURVE('',#18652,#19131,#19618,.T.);
#19618 = LINE('',#19619,#19620);
#19619 = CARTESIAN_POINT('',(148.375,-81.8,-4.5E-02));
#19620 = VECTOR('',#19621,1.);
#19621 = DIRECTION('',(0.,0.,1.));
#19622 = ORIENTED_EDGE('',*,*,#19130,.F.);
#19623 = ORIENTED_EDGE('',*,*,#19617,.F.);
#19624 = CYLINDRICAL_SURFACE('',#19625,0.55);
#19625 = AXIS2_PLACEMENT_3D('',#19626,#19627,#19628);
#19626 = CARTESIAN_POINT('',(148.375,-81.25,-4.5E-02));
#19627 = DIRECTION('',(-0.,-0.,-1.));
#19628 = DIRECTION('',(-0.,-1.,0.));
#19629 = ADVANCED_FACE('',(#19630),#19641,.F.);
#19630 = FACE_BOUND('',#19631,.T.);
#19631 = EDGE_LOOP('',(#19632,#19633,#19639,#19640));
#19632 = ORIENTED_EDGE('',*,*,#18662,.T.);
#19633 = ORIENTED_EDGE('',*,*,#19634,.T.);
#19634 = EDGE_CURVE('',#18663,#19142,#19635,.T.);
#19635 = LINE('',#19636,#19637);
#19636 = CARTESIAN_POINT('',(148.375,-79.26,-4.5E-02));
#19637 = VECTOR('',#19638,1.);
#19638 = DIRECTION('',(0.,0.,1.));
#19639 = ORIENTED_EDGE('',*,*,#19141,.F.);
#19640 = ORIENTED_EDGE('',*,*,#19634,.F.);
#19641 = CYLINDRICAL_SURFACE('',#19642,0.55);
#19642 = AXIS2_PLACEMENT_3D('',#19643,#19644,#19645);
#19643 = CARTESIAN_POINT('',(148.375,-78.71,-4.5E-02));
#19644 = DIRECTION('',(-0.,-0.,-1.));
#19645 = DIRECTION('',(-0.,-1.,0.));
#19646 = ADVANCED_FACE('',(#19647),#19658,.F.);
#19647 = FACE_BOUND('',#19648,.T.);
#19648 = EDGE_LOOP('',(#19649,#19650,#19656,#19657));
#19649 = ORIENTED_EDGE('',*,*,#18673,.T.);
#19650 = ORIENTED_EDGE('',*,*,#19651,.T.);
#19651 = EDGE_CURVE('',#18674,#19153,#19652,.T.);
#19652 = LINE('',#19653,#19654);
#19653 = CARTESIAN_POINT('',(148.375,-76.72,-4.5E-02));
#19654 = VECTOR('',#19655,1.);
#19655 = DIRECTION('',(0.,0.,1.));
#19656 = ORIENTED_EDGE('',*,*,#19152,.F.);
#19657 = ORIENTED_EDGE('',*,*,#19651,.F.);
#19658 = CYLINDRICAL_SURFACE('',#19659,0.55);
#19659 = AXIS2_PLACEMENT_3D('',#19660,#19661,#19662);
#19660 = CARTESIAN_POINT('',(148.375,-76.17,-4.5E-02));
#19661 = DIRECTION('',(-0.,-0.,-1.));
#19662 = DIRECTION('',(-0.,-1.,0.));
#19663 = ADVANCED_FACE('',(#19664),#19675,.F.);
#19664 = FACE_BOUND('',#19665,.T.);
#19665 = EDGE_LOOP('',(#19666,#19667,#19673,#19674));
#19666 = ORIENTED_EDGE('',*,*,#18684,.T.);
#19667 = ORIENTED_EDGE('',*,*,#19668,.T.);
#19668 = EDGE_CURVE('',#18685,#19164,#19669,.T.);
#19669 = LINE('',#19670,#19671);
#19670 = CARTESIAN_POINT('',(148.375,-74.18,-4.5E-02));
#19671 = VECTOR('',#19672,1.);
#19672 = DIRECTION('',(0.,0.,1.));
#19673 = ORIENTED_EDGE('',*,*,#19163,.F.);
#19674 = ORIENTED_EDGE('',*,*,#19668,.F.);
#19675 = CYLINDRICAL_SURFACE('',#19676,0.55);
#19676 = AXIS2_PLACEMENT_3D('',#19677,#19678,#19679);
#19677 = CARTESIAN_POINT('',(148.375,-73.63,-4.5E-02));
#19678 = DIRECTION('',(-0.,-0.,-1.));
#19679 = DIRECTION('',(-0.,-1.,0.));
#19680 = ADVANCED_FACE('',(#19681),#19692,.F.);
#19681 = FACE_BOUND('',#19682,.T.);
#19682 = EDGE_LOOP('',(#19683,#19684,#19690,#19691));
#19683 = ORIENTED_EDGE('',*,*,#18695,.T.);
#19684 = ORIENTED_EDGE('',*,*,#19685,.T.);
#19685 = EDGE_CURVE('',#18696,#19175,#19686,.T.);
#19686 = LINE('',#19687,#19688);
#19687 = CARTESIAN_POINT('',(148.375,-67.5833,-4.5E-02));
#19688 = VECTOR('',#19689,1.);
#19689 = DIRECTION('',(0.,0.,1.));
#19690 = ORIENTED_EDGE('',*,*,#19174,.F.);
#19691 = ORIENTED_EDGE('',*,*,#19685,.F.);
#19692 = CYLINDRICAL_SURFACE('',#19693,0.55);
#19693 = AXIS2_PLACEMENT_3D('',#19694,#19695,#19696);
#19694 = CARTESIAN_POINT('',(148.375,-67.0333,-4.5E-02));
#19695 = DIRECTION('',(-0.,-0.,-1.));
#19696 = DIRECTION('',(-0.,-1.,0.));
#19697 = ADVANCED_FACE('',(#19698),#19709,.F.);
#19698 = FACE_BOUND('',#19699,.T.);
#19699 = EDGE_LOOP('',(#19700,#19701,#19707,#19708));
#19700 = ORIENTED_EDGE('',*,*,#18706,.T.);
#19701 = ORIENTED_EDGE('',*,*,#19702,.T.);
#19702 = EDGE_CURVE('',#18707,#19186,#19703,.T.);
#19703 = LINE('',#19704,#19705);
#19704 = CARTESIAN_POINT('',(148.375,-65.0433,-4.5E-02));
#19705 = VECTOR('',#19706,1.);
#19706 = DIRECTION('',(0.,0.,1.));
#19707 = ORIENTED_EDGE('',*,*,#19185,.F.);
#19708 = ORIENTED_EDGE('',*,*,#19702,.F.);
#19709 = CYLINDRICAL_SURFACE('',#19710,0.55);
#19710 = AXIS2_PLACEMENT_3D('',#19711,#19712,#19713);
#19711 = CARTESIAN_POINT('',(148.375,-64.4933,-4.5E-02));
#19712 = DIRECTION('',(-0.,-0.,-1.));
#19713 = DIRECTION('',(-0.,-1.,0.));
#19714 = ADVANCED_FACE('',(#19715),#19726,.F.);
#19715 = FACE_BOUND('',#19716,.T.);
#19716 = EDGE_LOOP('',(#19717,#19718,#19724,#19725));
#19717 = ORIENTED_EDGE('',*,*,#18717,.T.);
#19718 = ORIENTED_EDGE('',*,*,#19719,.T.);
#19719 = EDGE_CURVE('',#18718,#19197,#19720,.T.);
#19720 = LINE('',#19721,#19722);
#19721 = CARTESIAN_POINT('',(148.375,-62.5033,-4.5E-02));
#19722 = VECTOR('',#19723,1.);
#19723 = DIRECTION('',(0.,0.,1.));
#19724 = ORIENTED_EDGE('',*,*,#19196,.F.);
#19725 = ORIENTED_EDGE('',*,*,#19719,.F.);
#19726 = CYLINDRICAL_SURFACE('',#19727,0.55);
#19727 = AXIS2_PLACEMENT_3D('',#19728,#19729,#19730);
#19728 = CARTESIAN_POINT('',(148.375,-61.9533,-4.5E-02));
#19729 = DIRECTION('',(-0.,-0.,-1.));
#19730 = DIRECTION('',(-0.,-1.,0.));
#19731 = ADVANCED_FACE('',(#19732),#19743,.F.);
#19732 = FACE_BOUND('',#19733,.T.);
#19733 = EDGE_LOOP('',(#19734,#19735,#19741,#19742));
#19734 = ORIENTED_EDGE('',*,*,#18728,.T.);
#19735 = ORIENTED_EDGE('',*,*,#19736,.T.);
#19736 = EDGE_CURVE('',#18729,#19208,#19737,.T.);
#19737 = LINE('',#19738,#19739);
#19738 = CARTESIAN_POINT('',(148.375,-59.9633,-4.5E-02));
#19739 = VECTOR('',#19740,1.);
#19740 = DIRECTION('',(0.,0.,1.));
#19741 = ORIENTED_EDGE('',*,*,#19207,.F.);
#19742 = ORIENTED_EDGE('',*,*,#19736,.F.);
#19743 = CYLINDRICAL_SURFACE('',#19744,0.55);
#19744 = AXIS2_PLACEMENT_3D('',#19745,#19746,#19747);
#19745 = CARTESIAN_POINT('',(148.375,-59.4133,-4.5E-02));
#19746 = DIRECTION('',(-0.,-0.,-1.));
#19747 = DIRECTION('',(-0.,-1.,0.));
#19748 = ADVANCED_FACE('',(#19749),#19760,.F.);
#19749 = FACE_BOUND('',#19750,.T.);
#19750 = EDGE_LOOP('',(#19751,#19752,#19758,#19759));
#19751 = ORIENTED_EDGE('',*,*,#18739,.T.);
#19752 = ORIENTED_EDGE('',*,*,#19753,.T.);
#19753 = EDGE_CURVE('',#18740,#19219,#19754,.T.);
#19754 = LINE('',#19755,#19756);
#19755 = CARTESIAN_POINT('',(108.65,-90.675,-4.5E-02));
#19756 = VECTOR('',#19757,1.);
#19757 = DIRECTION('',(0.,0.,1.));
#19758 = ORIENTED_EDGE('',*,*,#19218,.F.);
#19759 = ORIENTED_EDGE('',*,*,#19753,.F.);
#19760 = CYLINDRICAL_SURFACE('',#19761,1.25);
#19761 = AXIS2_PLACEMENT_3D('',#19762,#19763,#19764);
#19762 = CARTESIAN_POINT('',(108.65,-89.425,-4.5E-02));
#19763 = DIRECTION('',(-0.,-0.,-1.));
#19764 = DIRECTION('',(-0.,-1.,0.));
#19765 = ADVANCED_FACE('',(#19766),#19777,.F.);
#19766 = FACE_BOUND('',#19767,.T.);
#19767 = EDGE_LOOP('',(#19768,#19769,#19775,#19776));
#19768 = ORIENTED_EDGE('',*,*,#18750,.T.);
#19769 = ORIENTED_EDGE('',*,*,#19770,.T.);
#19770 = EDGE_CURVE('',#18751,#19230,#19771,.T.);
#19771 = LINE('',#19772,#19773);
#19772 = CARTESIAN_POINT('',(115.325,-81.885,-4.5E-02));
#19773 = VECTOR('',#19774,1.);
#19774 = DIRECTION('',(0.,0.,1.));
#19775 = ORIENTED_EDGE('',*,*,#19229,.F.);
#19776 = ORIENTED_EDGE('',*,*,#19770,.F.);
#19777 = CYLINDRICAL_SURFACE('',#19778,0.55);
#19778 = AXIS2_PLACEMENT_3D('',#19779,#19780,#19781);
#19779 = CARTESIAN_POINT('',(115.325,-81.335,-4.5E-02));
#19780 = DIRECTION('',(-0.,-0.,-1.));
#19781 = DIRECTION('',(-0.,-1.,0.));
#19782 = ADVANCED_FACE('',(#19783),#19794,.F.);
#19783 = FACE_BOUND('',#19784,.T.);
#19784 = EDGE_LOOP('',(#19785,#19786,#19792,#19793));
#19785 = ORIENTED_EDGE('',*,*,#18761,.T.);
#19786 = ORIENTED_EDGE('',*,*,#19787,.T.);
#19787 = EDGE_CURVE('',#18762,#19241,#19788,.T.);
#19788 = LINE('',#19789,#19790);
#19789 = CARTESIAN_POINT('',(115.325,-79.345,-4.5E-02));
#19790 = VECTOR('',#19791,1.);
#19791 = DIRECTION('',(0.,0.,1.));
#19792 = ORIENTED_EDGE('',*,*,#19240,.F.);
#19793 = ORIENTED_EDGE('',*,*,#19787,.F.);
#19794 = CYLINDRICAL_SURFACE('',#19795,0.55);
#19795 = AXIS2_PLACEMENT_3D('',#19796,#19797,#19798);
#19796 = CARTESIAN_POINT('',(115.325,-78.795,-4.5E-02));
#19797 = DIRECTION('',(-0.,-0.,-1.));
#19798 = DIRECTION('',(-0.,-1.,0.));
#19799 = ADVANCED_FACE('',(#19800),#19811,.F.);
#19800 = FACE_BOUND('',#19801,.T.);
#19801 = EDGE_LOOP('',(#19802,#19803,#19809,#19810));
#19802 = ORIENTED_EDGE('',*,*,#18772,.T.);
#19803 = ORIENTED_EDGE('',*,*,#19804,.T.);
#19804 = EDGE_CURVE('',#18773,#19252,#19805,.T.);
#19805 = LINE('',#19806,#19807);
#19806 = CARTESIAN_POINT('',(115.325,-76.805,-4.5E-02));
#19807 = VECTOR('',#19808,1.);
#19808 = DIRECTION('',(0.,0.,1.));
#19809 = ORIENTED_EDGE('',*,*,#19251,.F.);
#19810 = ORIENTED_EDGE('',*,*,#19804,.F.);
#19811 = CYLINDRICAL_SURFACE('',#19812,0.55);
#19812 = AXIS2_PLACEMENT_3D('',#19813,#19814,#19815);
#19813 = CARTESIAN_POINT('',(115.325,-76.255,-4.5E-02));
#19814 = DIRECTION('',(-0.,-0.,-1.));
#19815 = DIRECTION('',(-0.,-1.,0.));
#19816 = ADVANCED_FACE('',(#19817),#19828,.F.);
#19817 = FACE_BOUND('',#19818,.T.);
#19818 = EDGE_LOOP('',(#19819,#19820,#19826,#19827));
#19819 = ORIENTED_EDGE('',*,*,#18783,.T.);
#19820 = ORIENTED_EDGE('',*,*,#19821,.T.);
#19821 = EDGE_CURVE('',#18784,#19263,#19822,.T.);
#19822 = LINE('',#19823,#19824);
#19823 = CARTESIAN_POINT('',(115.325,-74.265,-4.5E-02));
#19824 = VECTOR('',#19825,1.);
#19825 = DIRECTION('',(0.,0.,1.));
#19826 = ORIENTED_EDGE('',*,*,#19262,.F.);
#19827 = ORIENTED_EDGE('',*,*,#19821,.F.);
#19828 = CYLINDRICAL_SURFACE('',#19829,0.55);
#19829 = AXIS2_PLACEMENT_3D('',#19830,#19831,#19832);
#19830 = CARTESIAN_POINT('',(115.325,-73.715,-4.5E-02));
#19831 = DIRECTION('',(-0.,-0.,-1.));
#19832 = DIRECTION('',(-0.,-1.,0.));
#19833 = ADVANCED_FACE('',(#19834),#19845,.F.);
#19834 = FACE_BOUND('',#19835,.T.);
#19835 = EDGE_LOOP('',(#19836,#19837,#19843,#19844));
#19836 = ORIENTED_EDGE('',*,*,#18794,.T.);
#19837 = ORIENTED_EDGE('',*,*,#19838,.T.);
#19838 = EDGE_CURVE('',#18795,#19274,#19839,.T.);
#19839 = LINE('',#19840,#19841);
#19840 = CARTESIAN_POINT('',(115.325,-67.6683,-4.5E-02));
#19841 = VECTOR('',#19842,1.);
#19842 = DIRECTION('',(0.,0.,1.));
#19843 = ORIENTED_EDGE('',*,*,#19273,.F.);
#19844 = ORIENTED_EDGE('',*,*,#19838,.F.);
#19845 = CYLINDRICAL_SURFACE('',#19846,0.55);
#19846 = AXIS2_PLACEMENT_3D('',#19847,#19848,#19849);
#19847 = CARTESIAN_POINT('',(115.325,-67.1183,-4.5E-02));
#19848 = DIRECTION('',(-0.,-0.,-1.));
#19849 = DIRECTION('',(-0.,-1.,0.));
#19850 = ADVANCED_FACE('',(#19851),#19862,.F.);
#19851 = FACE_BOUND('',#19852,.T.);
#19852 = EDGE_LOOP('',(#19853,#19854,#19860,#19861));
#19853 = ORIENTED_EDGE('',*,*,#18805,.T.);
#19854 = ORIENTED_EDGE('',*,*,#19855,.T.);
#19855 = EDGE_CURVE('',#18806,#19285,#19856,.T.);
#19856 = LINE('',#19857,#19858);
#19857 = CARTESIAN_POINT('',(115.325,-65.1283,-4.5E-02));
#19858 = VECTOR('',#19859,1.);
#19859 = DIRECTION('',(0.,0.,1.));
#19860 = ORIENTED_EDGE('',*,*,#19284,.F.);
#19861 = ORIENTED_EDGE('',*,*,#19855,.F.);
#19862 = CYLINDRICAL_SURFACE('',#19863,0.55);
#19863 = AXIS2_PLACEMENT_3D('',#19864,#19865,#19866);
#19864 = CARTESIAN_POINT('',(115.325,-64.5783,-4.5E-02));
#19865 = DIRECTION('',(-0.,-0.,-1.));
#19866 = DIRECTION('',(-0.,-1.,0.));
#19867 = ADVANCED_FACE('',(#19868),#19879,.F.);
#19868 = FACE_BOUND('',#19869,.T.);
#19869 = EDGE_LOOP('',(#19870,#19871,#19877,#19878));
#19870 = ORIENTED_EDGE('',*,*,#18816,.T.);
#19871 = ORIENTED_EDGE('',*,*,#19872,.T.);
#19872 = EDGE_CURVE('',#18817,#19296,#19873,.T.);
#19873 = LINE('',#19874,#19875);
#19874 = CARTESIAN_POINT('',(115.325,-62.5883,-4.5E-02));
#19875 = VECTOR('',#19876,1.);
#19876 = DIRECTION('',(0.,0.,1.));
#19877 = ORIENTED_EDGE('',*,*,#19295,.F.);
#19878 = ORIENTED_EDGE('',*,*,#19872,.F.);
#19879 = CYLINDRICAL_SURFACE('',#19880,0.55);
#19880 = AXIS2_PLACEMENT_3D('',#19881,#19882,#19883);
#19881 = CARTESIAN_POINT('',(115.325,-62.0383,-4.5E-02));
#19882 = DIRECTION('',(-0.,-0.,-1.));
#19883 = DIRECTION('',(-0.,-1.,0.));
#19884 = ADVANCED_FACE('',(#19885),#19896,.F.);
#19885 = FACE_BOUND('',#19886,.T.);
#19886 = EDGE_LOOP('',(#19887,#19888,#19894,#19895));
#19887 = ORIENTED_EDGE('',*,*,#18827,.T.);
#19888 = ORIENTED_EDGE('',*,*,#19889,.T.);
#19889 = EDGE_CURVE('',#18828,#19307,#19890,.T.);
#19890 = LINE('',#19891,#19892);
#19891 = CARTESIAN_POINT('',(115.325,-60.0483,-4.5E-02));
#19892 = VECTOR('',#19893,1.);
#19893 = DIRECTION('',(0.,0.,1.));
#19894 = ORIENTED_EDGE('',*,*,#19306,.F.);
#19895 = ORIENTED_EDGE('',*,*,#19889,.F.);
#19896 = CYLINDRICAL_SURFACE('',#19897,0.55);
#19897 = AXIS2_PLACEMENT_3D('',#19898,#19899,#19900);
#19898 = CARTESIAN_POINT('',(115.325,-59.4983,-4.5E-02));
#19899 = DIRECTION('',(-0.,-0.,-1.));
#19900 = DIRECTION('',(-0.,-1.,0.));
#19901 = ADVANCED_FACE('',(#19902),#19913,.F.);
#19902 = FACE_BOUND('',#19903,.T.);
#19903 = EDGE_LOOP('',(#19904,#19905,#19911,#19912));
#19904 = ORIENTED_EDGE('',*,*,#18838,.T.);
#19905 = ORIENTED_EDGE('',*,*,#19906,.T.);
#19906 = EDGE_CURVE('',#18839,#19318,#19907,.T.);
#19907 = LINE('',#19908,#19909);
#19908 = CARTESIAN_POINT('',(148.375,-53.3667,-4.5E-02));
#19909 = VECTOR('',#19910,1.);
#19910 = DIRECTION('',(0.,0.,1.));
#19911 = ORIENTED_EDGE('',*,*,#19317,.F.);
#19912 = ORIENTED_EDGE('',*,*,#19906,.F.);
#19913 = CYLINDRICAL_SURFACE('',#19914,0.55);
#19914 = AXIS2_PLACEMENT_3D('',#19915,#19916,#19917);
#19915 = CARTESIAN_POINT('',(148.375,-52.8167,-4.5E-02));
#19916 = DIRECTION('',(-0.,-0.,-1.));
#19917 = DIRECTION('',(-0.,-1.,0.));
#19918 = ADVANCED_FACE('',(#19919),#19930,.F.);
#19919 = FACE_BOUND('',#19920,.T.);
#19920 = EDGE_LOOP('',(#19921,#19922,#19928,#19929));
#19921 = ORIENTED_EDGE('',*,*,#18849,.T.);
#19922 = ORIENTED_EDGE('',*,*,#19923,.T.);
#19923 = EDGE_CURVE('',#18850,#19329,#19924,.T.);
#19924 = LINE('',#19925,#19926);
#19925 = CARTESIAN_POINT('',(148.375,-50.8267,-4.5E-02));
#19926 = VECTOR('',#19927,1.);
#19927 = DIRECTION('',(0.,0.,1.));
#19928 = ORIENTED_EDGE('',*,*,#19328,.F.);
#19929 = ORIENTED_EDGE('',*,*,#19923,.F.);
#19930 = CYLINDRICAL_SURFACE('',#19931,0.55);
#19931 = AXIS2_PLACEMENT_3D('',#19932,#19933,#19934);
#19932 = CARTESIAN_POINT('',(148.375,-50.2767,-4.5E-02));
#19933 = DIRECTION('',(-0.,-0.,-1.));
#19934 = DIRECTION('',(-0.,-1.,0.));
#19935 = ADVANCED_FACE('',(#19936),#19947,.F.);
#19936 = FACE_BOUND('',#19937,.T.);
#19937 = EDGE_LOOP('',(#19938,#19939,#19945,#19946));
#19938 = ORIENTED_EDGE('',*,*,#18860,.T.);
#19939 = ORIENTED_EDGE('',*,*,#19940,.T.);
#19940 = EDGE_CURVE('',#18861,#19340,#19941,.T.);
#19941 = LINE('',#19942,#19943);
#19942 = CARTESIAN_POINT('',(148.375,-48.2867,-4.5E-02));
#19943 = VECTOR('',#19944,1.);
#19944 = DIRECTION('',(0.,0.,1.));
#19945 = ORIENTED_EDGE('',*,*,#19339,.F.);
#19946 = ORIENTED_EDGE('',*,*,#19940,.F.);
#19947 = CYLINDRICAL_SURFACE('',#19948,0.55);
#19948 = AXIS2_PLACEMENT_3D('',#19949,#19950,#19951);
#19949 = CARTESIAN_POINT('',(148.375,-47.7367,-4.5E-02));
#19950 = DIRECTION('',(-0.,-0.,-1.));
#19951 = DIRECTION('',(-0.,-1.,0.));
#19952 = ADVANCED_FACE('',(#19953),#19964,.F.);
#19953 = FACE_BOUND('',#19954,.T.);
#19954 = EDGE_LOOP('',(#19955,#19956,#19962,#19963));
#19955 = ORIENTED_EDGE('',*,*,#18871,.T.);
#19956 = ORIENTED_EDGE('',*,*,#19957,.T.);
#19957 = EDGE_CURVE('',#18872,#19351,#19958,.T.);
#19958 = LINE('',#19959,#19960);
#19959 = CARTESIAN_POINT('',(148.375,-45.7467,-4.5E-02));
#19960 = VECTOR('',#19961,1.);
#19961 = DIRECTION('',(0.,0.,1.));
#19962 = ORIENTED_EDGE('',*,*,#19350,.F.);
#19963 = ORIENTED_EDGE('',*,*,#19957,.F.);
#19964 = CYLINDRICAL_SURFACE('',#19965,0.55);
#19965 = AXIS2_PLACEMENT_3D('',#19966,#19967,#19968);
#19966 = CARTESIAN_POINT('',(148.375,-45.1967,-4.5E-02));
#19967 = DIRECTION('',(-0.,-0.,-1.));
#19968 = DIRECTION('',(-0.,-1.,0.));
#19969 = ADVANCED_FACE('',(#19970),#19981,.F.);
#19970 = FACE_BOUND('',#19971,.T.);
#19971 = EDGE_LOOP('',(#19972,#19973,#19979,#19980));
#19972 = ORIENTED_EDGE('',*,*,#18882,.T.);
#19973 = ORIENTED_EDGE('',*,*,#19974,.T.);
#19974 = EDGE_CURVE('',#18883,#19362,#19975,.T.);
#19975 = LINE('',#19976,#19977);
#19976 = CARTESIAN_POINT('',(148.275,-36.9,-4.5E-02));
#19977 = VECTOR('',#19978,1.);
#19978 = DIRECTION('',(0.,0.,1.));
#19979 = ORIENTED_EDGE('',*,*,#19361,.F.);
#19980 = ORIENTED_EDGE('',*,*,#19974,.F.);
#19981 = CYLINDRICAL_SURFACE('',#19982,0.55);
#19982 = AXIS2_PLACEMENT_3D('',#19983,#19984,#19985);
#19983 = CARTESIAN_POINT('',(148.275,-36.35,-4.5E-02));
#19984 = DIRECTION('',(-0.,0.,-1.));
#19985 = DIRECTION('',(5.1675835328E-14,-1.,-0.));
#19986 = ADVANCED_FACE('',(#19987),#19998,.F.);
#19987 = FACE_BOUND('',#19988,.T.);
#19988 = EDGE_LOOP('',(#19989,#19990,#19996,#19997));
#19989 = ORIENTED_EDGE('',*,*,#18893,.T.);
#19990 = ORIENTED_EDGE('',*,*,#19991,.T.);
#19991 = EDGE_CURVE('',#18894,#19373,#19992,.T.);
#19992 = LINE('',#19993,#19994);
#19993 = CARTESIAN_POINT('',(148.275,-34.36,-4.5E-02));
#19994 = VECTOR('',#19995,1.);
#19995 = DIRECTION('',(0.,0.,1.));
#19996 = ORIENTED_EDGE('',*,*,#19372,.F.);
#19997 = ORIENTED_EDGE('',*,*,#19991,.F.);
#19998 = CYLINDRICAL_SURFACE('',#19999,0.55);
#19999 = AXIS2_PLACEMENT_3D('',#20000,#20001,#20002);
#20000 = CARTESIAN_POINT('',(148.275,-33.81,-4.5E-02));
#20001 = DIRECTION('',(-0.,0.,-1.));
#20002 = DIRECTION('',(5.1675835328E-14,-1.,-0.));
#20003 = ADVANCED_FACE('',(#20004),#20015,.F.);
#20004 = FACE_BOUND('',#20005,.T.);
#20005 = EDGE_LOOP('',(#20006,#20007,#20013,#20014));
#20006 = ORIENTED_EDGE('',*,*,#18904,.T.);
#20007 = ORIENTED_EDGE('',*,*,#20008,.T.);
#20008 = EDGE_CURVE('',#18905,#19384,#20009,.T.);
#20009 = LINE('',#20010,#20011);
#20010 = CARTESIAN_POINT('',(148.275,-31.82,-4.5E-02));
#20011 = VECTOR('',#20012,1.);
#20012 = DIRECTION('',(0.,0.,1.));
#20013 = ORIENTED_EDGE('',*,*,#19383,.F.);
#20014 = ORIENTED_EDGE('',*,*,#20008,.F.);
#20015 = CYLINDRICAL_SURFACE('',#20016,0.55);
#20016 = AXIS2_PLACEMENT_3D('',#20017,#20018,#20019);
#20017 = CARTESIAN_POINT('',(148.275,-31.27,-4.5E-02));
#20018 = DIRECTION('',(-0.,0.,-1.));
#20019 = DIRECTION('',(5.1675835328E-14,-1.,-0.));
#20020 = ADVANCED_FACE('',(#20021),#20032,.F.);
#20021 = FACE_BOUND('',#20022,.T.);
#20022 = EDGE_LOOP('',(#20023,#20024,#20030,#20031));
#20023 = ORIENTED_EDGE('',*,*,#18915,.T.);
#20024 = ORIENTED_EDGE('',*,*,#20025,.T.);
#20025 = EDGE_CURVE('',#18916,#19395,#20026,.T.);
#20026 = LINE('',#20027,#20028);
#20027 = CARTESIAN_POINT('',(148.275,-29.28,-4.5E-02));
#20028 = VECTOR('',#20029,1.);
#20029 = DIRECTION('',(0.,0.,1.));
#20030 = ORIENTED_EDGE('',*,*,#19394,.F.);
#20031 = ORIENTED_EDGE('',*,*,#20025,.F.);
#20032 = CYLINDRICAL_SURFACE('',#20033,0.55);
#20033 = AXIS2_PLACEMENT_3D('',#20034,#20035,#20036);
#20034 = CARTESIAN_POINT('',(148.275,-28.73,-4.5E-02));
#20035 = DIRECTION('',(-0.,0.,-1.));
#20036 = DIRECTION('',(5.1675835328E-14,-1.,-0.));
#20037 = ADVANCED_FACE('',(#20038),#20049,.F.);
#20038 = FACE_BOUND('',#20039,.T.);
#20039 = EDGE_LOOP('',(#20040,#20041,#20047,#20048));
#20040 = ORIENTED_EDGE('',*,*,#18926,.T.);
#20041 = ORIENTED_EDGE('',*,*,#20042,.T.);
#20042 = EDGE_CURVE('',#18927,#19406,#20043,.T.);
#20043 = LINE('',#20044,#20045);
#20044 = CARTESIAN_POINT('',(154.025,-21.05,-4.5E-02));
#20045 = VECTOR('',#20046,1.);
#20046 = DIRECTION('',(0.,0.,1.));
#20047 = ORIENTED_EDGE('',*,*,#19405,.F.);
#20048 = ORIENTED_EDGE('',*,*,#20042,.F.);
#20049 = CYLINDRICAL_SURFACE('',#20050,1.25);
#20050 = AXIS2_PLACEMENT_3D('',#20051,#20052,#20053);
#20051 = CARTESIAN_POINT('',(154.025,-19.8,-4.5E-02));
#20052 = DIRECTION('',(-0.,-0.,-1.));
#20053 = DIRECTION('',(-0.,-1.,0.));
#20054 = ADVANCED_FACE('',(#20055),#20066,.F.);
#20055 = FACE_BOUND('',#20056,.T.);
#20056 = EDGE_LOOP('',(#20057,#20058,#20064,#20065));
#20057 = ORIENTED_EDGE('',*,*,#18937,.T.);
#20058 = ORIENTED_EDGE('',*,*,#20059,.T.);
#20059 = EDGE_CURVE('',#18938,#19417,#20060,.T.);
#20060 = LINE('',#20061,#20062);
#20061 = CARTESIAN_POINT('',(140.362,-22.18,-4.5E-02));
#20062 = VECTOR('',#20063,1.);
#20063 = DIRECTION('',(0.,0.,1.));
#20064 = ORIENTED_EDGE('',*,*,#19416,.F.);
#20065 = ORIENTED_EDGE('',*,*,#20059,.F.);
#20066 = CYLINDRICAL_SURFACE('',#20067,0.4);
#20067 = AXIS2_PLACEMENT_3D('',#20068,#20069,#20070);
#20068 = CARTESIAN_POINT('',(140.362,-21.78,-4.5E-02));
#20069 = DIRECTION('',(-0.,-0.,-1.));
#20070 = DIRECTION('',(-0.,-1.,0.));
#20071 = ADVANCED_FACE('',(#20072),#20083,.F.);
#20072 = FACE_BOUND('',#20073,.T.);
#20073 = EDGE_LOOP('',(#20074,#20075,#20081,#20082));
#20074 = ORIENTED_EDGE('',*,*,#18948,.T.);
#20075 = ORIENTED_EDGE('',*,*,#20076,.T.);
#20076 = EDGE_CURVE('',#18949,#19428,#20077,.T.);
#20077 = LINE('',#20078,#20079);
#20078 = CARTESIAN_POINT('',(135.362,-22.18,-4.5E-02));
#20079 = VECTOR('',#20080,1.);
#20080 = DIRECTION('',(0.,0.,1.));
#20081 = ORIENTED_EDGE('',*,*,#19427,.F.);
#20082 = ORIENTED_EDGE('',*,*,#20076,.F.);
#20083 = CYLINDRICAL_SURFACE('',#20084,0.4);
#20084 = AXIS2_PLACEMENT_3D('',#20085,#20086,#20087);
#20085 = CARTESIAN_POINT('',(135.362,-21.78,-4.5E-02));
#20086 = DIRECTION('',(-0.,-0.,-1.));
#20087 = DIRECTION('',(-0.,-1.,0.));
#20088 = ADVANCED_FACE('',(#20089),#20100,.F.);
#20089 = FACE_BOUND('',#20090,.T.);
#20090 = EDGE_LOOP('',(#20091,#20092,#20098,#20099));
#20091 = ORIENTED_EDGE('',*,*,#18959,.T.);
#20092 = ORIENTED_EDGE('',*,*,#20093,.T.);
#20093 = EDGE_CURVE('',#18960,#19439,#20094,.T.);
#20094 = LINE('',#20095,#20096);
#20095 = CARTESIAN_POINT('',(115.325,-53.4517,-4.5E-02));
#20096 = VECTOR('',#20097,1.);
#20097 = DIRECTION('',(0.,0.,1.));
#20098 = ORIENTED_EDGE('',*,*,#19438,.F.);
#20099 = ORIENTED_EDGE('',*,*,#20093,.F.);
#20100 = CYLINDRICAL_SURFACE('',#20101,0.55);
#20101 = AXIS2_PLACEMENT_3D('',#20102,#20103,#20104);
#20102 = CARTESIAN_POINT('',(115.325,-52.9017,-4.5E-02));
#20103 = DIRECTION('',(-0.,-0.,-1.));
#20104 = DIRECTION('',(-0.,-1.,0.));
#20105 = ADVANCED_FACE('',(#20106),#20117,.F.);
#20106 = FACE_BOUND('',#20107,.T.);
#20107 = EDGE_LOOP('',(#20108,#20109,#20115,#20116));
#20108 = ORIENTED_EDGE('',*,*,#18970,.T.);
#20109 = ORIENTED_EDGE('',*,*,#20110,.T.);
#20110 = EDGE_CURVE('',#18971,#19450,#20111,.T.);
#20111 = LINE('',#20112,#20113);
#20112 = CARTESIAN_POINT('',(115.325,-50.9117,-4.5E-02));
#20113 = VECTOR('',#20114,1.);
#20114 = DIRECTION('',(0.,0.,1.));
#20115 = ORIENTED_EDGE('',*,*,#19449,.F.);
#20116 = ORIENTED_EDGE('',*,*,#20110,.F.);
#20117 = CYLINDRICAL_SURFACE('',#20118,0.55);
#20118 = AXIS2_PLACEMENT_3D('',#20119,#20120,#20121);
#20119 = CARTESIAN_POINT('',(115.325,-50.3617,-4.5E-02));
#20120 = DIRECTION('',(-0.,-0.,-1.));
#20121 = DIRECTION('',(-0.,-1.,0.));
#20122 = ADVANCED_FACE('',(#20123),#20134,.F.);
#20123 = FACE_BOUND('',#20124,.T.);
#20124 = EDGE_LOOP('',(#20125,#20126,#20132,#20133));
#20125 = ORIENTED_EDGE('',*,*,#18981,.T.);
#20126 = ORIENTED_EDGE('',*,*,#20127,.T.);
#20127 = EDGE_CURVE('',#18982,#19461,#20128,.T.);
#20128 = LINE('',#20129,#20130);
#20129 = CARTESIAN_POINT('',(115.325,-48.3717,-4.5E-02));
#20130 = VECTOR('',#20131,1.);
#20131 = DIRECTION('',(0.,0.,1.));
#20132 = ORIENTED_EDGE('',*,*,#19460,.F.);
#20133 = ORIENTED_EDGE('',*,*,#20127,.F.);
#20134 = CYLINDRICAL_SURFACE('',#20135,0.55);
#20135 = AXIS2_PLACEMENT_3D('',#20136,#20137,#20138);
#20136 = CARTESIAN_POINT('',(115.325,-47.8217,-4.5E-02));
#20137 = DIRECTION('',(-0.,-0.,-1.));
#20138 = DIRECTION('',(-0.,-1.,0.));
#20139 = ADVANCED_FACE('',(#20140),#20151,.F.);
#20140 = FACE_BOUND('',#20141,.T.);
#20141 = EDGE_LOOP('',(#20142,#20143,#20149,#20150));
#20142 = ORIENTED_EDGE('',*,*,#18992,.T.);
#20143 = ORIENTED_EDGE('',*,*,#20144,.T.);
#20144 = EDGE_CURVE('',#18993,#19472,#20145,.T.);
#20145 = LINE('',#20146,#20147);
#20146 = CARTESIAN_POINT('',(115.325,-45.8317,-4.5E-02));
#20147 = VECTOR('',#20148,1.);
#20148 = DIRECTION('',(0.,0.,1.));
#20149 = ORIENTED_EDGE('',*,*,#19471,.F.);
#20150 = ORIENTED_EDGE('',*,*,#20144,.F.);
#20151 = CYLINDRICAL_SURFACE('',#20152,0.55);
#20152 = AXIS2_PLACEMENT_3D('',#20153,#20154,#20155);
#20153 = CARTESIAN_POINT('',(115.325,-45.2817,-4.5E-02));
#20154 = DIRECTION('',(-0.,-0.,-1.));
#20155 = DIRECTION('',(-0.,-1.,0.));
#20156 = ADVANCED_FACE('',(#20157),#20168,.F.);
#20157 = FACE_BOUND('',#20158,.T.);
#20158 = EDGE_LOOP('',(#20159,#20160,#20166,#20167));
#20159 = ORIENTED_EDGE('',*,*,#19003,.T.);
#20160 = ORIENTED_EDGE('',*,*,#20161,.T.);
#20161 = EDGE_CURVE('',#19004,#19483,#20162,.T.);
#20162 = LINE('',#20163,#20164);
#20163 = CARTESIAN_POINT('',(115.325,-39.235,-4.5E-02));
#20164 = VECTOR('',#20165,1.);
#20165 = DIRECTION('',(0.,0.,1.));
#20166 = ORIENTED_EDGE('',*,*,#19482,.F.);
#20167 = ORIENTED_EDGE('',*,*,#20161,.F.);
#20168 = CYLINDRICAL_SURFACE('',#20169,0.55);
#20169 = AXIS2_PLACEMENT_3D('',#20170,#20171,#20172);
#20170 = CARTESIAN_POINT('',(115.325,-38.685,-4.5E-02));
#20171 = DIRECTION('',(-0.,-0.,-1.));
#20172 = DIRECTION('',(-0.,-1.,0.));
#20173 = ADVANCED_FACE('',(#20174),#20185,.F.);
#20174 = FACE_BOUND('',#20175,.T.);
#20175 = EDGE_LOOP('',(#20176,#20177,#20183,#20184));
#20176 = ORIENTED_EDGE('',*,*,#19014,.T.);
#20177 = ORIENTED_EDGE('',*,*,#20178,.T.);
#20178 = EDGE_CURVE('',#19015,#19494,#20179,.T.);
#20179 = LINE('',#20180,#20181);
#20180 = CARTESIAN_POINT('',(126.91,-24.175,-4.5E-02));
#20181 = VECTOR('',#20182,1.);
#20182 = DIRECTION('',(0.,0.,1.));
#20183 = ORIENTED_EDGE('',*,*,#19493,.F.);
#20184 = ORIENTED_EDGE('',*,*,#20178,.F.);
#20185 = CYLINDRICAL_SURFACE('',#20186,0.55);
#20186 = AXIS2_PLACEMENT_3D('',#20187,#20188,#20189);
#20187 = CARTESIAN_POINT('',(126.91,-23.625,-4.5E-02));
#20188 = DIRECTION('',(-0.,-0.,-1.));
#20189 = DIRECTION('',(-0.,-1.,0.));
#20190 = ADVANCED_FACE('',(#20191),#20202,.F.);
#20191 = FACE_BOUND('',#20192,.T.);
#20192 = EDGE_LOOP('',(#20193,#20194,#20200,#20201));
#20193 = ORIENTED_EDGE('',*,*,#19025,.T.);
#20194 = ORIENTED_EDGE('',*,*,#20195,.T.);
#20195 = EDGE_CURVE('',#19026,#19505,#20196,.T.);
#20196 = LINE('',#20197,#20198);
#20197 = CARTESIAN_POINT('',(124.37,-24.175,-4.5E-02));
#20198 = VECTOR('',#20199,1.);
#20199 = DIRECTION('',(0.,0.,1.));
#20200 = ORIENTED_EDGE('',*,*,#19504,.F.);
#20201 = ORIENTED_EDGE('',*,*,#20195,.F.);
#20202 = CYLINDRICAL_SURFACE('',#20203,0.55);
#20203 = AXIS2_PLACEMENT_3D('',#20204,#20205,#20206);
#20204 = CARTESIAN_POINT('',(124.37,-23.625,-4.5E-02));
#20205 = DIRECTION('',(-0.,-0.,-1.));
#20206 = DIRECTION('',(-0.,-1.,0.));
#20207 = ADVANCED_FACE('',(#20208),#20219,.F.);
#20208 = FACE_BOUND('',#20209,.T.);
#20209 = EDGE_LOOP('',(#20210,#20211,#20217,#20218));
#20210 = ORIENTED_EDGE('',*,*,#19036,.T.);
#20211 = ORIENTED_EDGE('',*,*,#20212,.T.);
#20212 = EDGE_CURVE('',#19037,#19516,#20213,.T.);
#20213 = LINE('',#20214,#20215);
#20214 = CARTESIAN_POINT('',(121.83,-24.175,-4.5E-02));
#20215 = VECTOR('',#20216,1.);
#20216 = DIRECTION('',(0.,0.,1.));
#20217 = ORIENTED_EDGE('',*,*,#19515,.F.);
#20218 = ORIENTED_EDGE('',*,*,#20212,.F.);
#20219 = CYLINDRICAL_SURFACE('',#20220,0.55);
#20220 = AXIS2_PLACEMENT_3D('',#20221,#20222,#20223);
#20221 = CARTESIAN_POINT('',(121.83,-23.625,-4.5E-02));
#20222 = DIRECTION('',(-0.,-0.,-1.));
#20223 = DIRECTION('',(-0.,-1.,0.));
#20224 = ADVANCED_FACE('',(#20225),#20236,.F.);
#20225 = FACE_BOUND('',#20226,.T.);
#20226 = EDGE_LOOP('',(#20227,#20228,#20234,#20235));
#20227 = ORIENTED_EDGE('',*,*,#19047,.T.);
#20228 = ORIENTED_EDGE('',*,*,#20229,.T.);
#20229 = EDGE_CURVE('',#19048,#19527,#20230,.T.);
#20230 = LINE('',#20231,#20232);
#20231 = CARTESIAN_POINT('',(115.325,-36.695,-4.5E-02));
#20232 = VECTOR('',#20233,1.);
#20233 = DIRECTION('',(0.,0.,1.));
#20234 = ORIENTED_EDGE('',*,*,#19526,.F.);
#20235 = ORIENTED_EDGE('',*,*,#20229,.F.);
#20236 = CYLINDRICAL_SURFACE('',#20237,0.55);
#20237 = AXIS2_PLACEMENT_3D('',#20238,#20239,#20240);
#20238 = CARTESIAN_POINT('',(115.325,-36.145,-4.5E-02));
#20239 = DIRECTION('',(-0.,-0.,-1.));
#20240 = DIRECTION('',(-0.,-1.,0.));
#20241 = ADVANCED_FACE('',(#20242),#20253,.F.);
#20242 = FACE_BOUND('',#20243,.T.);
#20243 = EDGE_LOOP('',(#20244,#20245,#20251,#20252));
#20244 = ORIENTED_EDGE('',*,*,#19058,.T.);
#20245 = ORIENTED_EDGE('',*,*,#20246,.T.);
#20246 = EDGE_CURVE('',#19059,#19538,#20247,.T.);
#20247 = LINE('',#20248,#20249);
#20248 = CARTESIAN_POINT('',(115.325,-34.155,-4.5E-02));
#20249 = VECTOR('',#20250,1.);
#20250 = DIRECTION('',(0.,0.,1.));
#20251 = ORIENTED_EDGE('',*,*,#19537,.F.);
#20252 = ORIENTED_EDGE('',*,*,#20246,.F.);
#20253 = CYLINDRICAL_SURFACE('',#20254,0.55);
#20254 = AXIS2_PLACEMENT_3D('',#20255,#20256,#20257);
#20255 = CARTESIAN_POINT('',(115.325,-33.605,-4.5E-02));
#20256 = DIRECTION('',(-0.,-0.,-1.));
#20257 = DIRECTION('',(-0.,-1.,0.));
#20258 = ADVANCED_FACE('',(#20259),#20270,.F.);
#20259 = FACE_BOUND('',#20260,.T.);
#20260 = EDGE_LOOP('',(#20261,#20262,#20268,#20269));
#20261 = ORIENTED_EDGE('',*,*,#19069,.T.);
#20262 = ORIENTED_EDGE('',*,*,#20263,.T.);
#20263 = EDGE_CURVE('',#19070,#19549,#20264,.T.);
#20264 = LINE('',#20265,#20266);
#20265 = CARTESIAN_POINT('',(115.325,-31.615,-4.5E-02));
#20266 = VECTOR('',#20267,1.);
#20267 = DIRECTION('',(0.,0.,1.));
#20268 = ORIENTED_EDGE('',*,*,#19548,.F.);
#20269 = ORIENTED_EDGE('',*,*,#20263,.F.);
#20270 = CYLINDRICAL_SURFACE('',#20271,0.55);
#20271 = AXIS2_PLACEMENT_3D('',#20272,#20273,#20274);
#20272 = CARTESIAN_POINT('',(115.325,-31.065,-4.5E-02));
#20273 = DIRECTION('',(-0.,-0.,-1.));
#20274 = DIRECTION('',(-0.,-1.,0.));
#20275 = ADVANCED_FACE('',(#20276),#20287,.F.);
#20276 = FACE_BOUND('',#20277,.T.);
#20277 = EDGE_LOOP('',(#20278,#20279,#20285,#20286));
#20278 = ORIENTED_EDGE('',*,*,#19080,.T.);
#20279 = ORIENTED_EDGE('',*,*,#20280,.T.);
#20280 = EDGE_CURVE('',#19081,#19560,#20281,.T.);
#20281 = LINE('',#20282,#20283);
#20282 = CARTESIAN_POINT('',(119.29,-24.175,-4.5E-02));
#20283 = VECTOR('',#20284,1.);
#20284 = DIRECTION('',(0.,0.,1.));
#20285 = ORIENTED_EDGE('',*,*,#19559,.F.);
#20286 = ORIENTED_EDGE('',*,*,#20280,.F.);
#20287 = CYLINDRICAL_SURFACE('',#20288,0.55);
#20288 = AXIS2_PLACEMENT_3D('',#20289,#20290,#20291);
#20289 = CARTESIAN_POINT('',(119.29,-23.625,-4.5E-02));
#20290 = DIRECTION('',(-0.,0.,-1.));
#20291 = DIRECTION('',(2.5837917664E-14,-1.,-0.));
#20292 = ADVANCED_FACE('',(#20293),#20304,.F.);
#20293 = FACE_BOUND('',#20294,.T.);
#20294 = EDGE_LOOP('',(#20295,#20296,#20302,#20303));
#20295 = ORIENTED_EDGE('',*,*,#19091,.T.);
#20296 = ORIENTED_EDGE('',*,*,#20297,.T.);
#20297 = EDGE_CURVE('',#19092,#19571,#20298,.T.);
#20298 = LINE('',#20299,#20300);
#20299 = CARTESIAN_POINT('',(108.65,-21.05,-4.5E-02));
#20300 = VECTOR('',#20301,1.);
#20301 = DIRECTION('',(0.,0.,1.));
#20302 = ORIENTED_EDGE('',*,*,#19570,.F.);
#20303 = ORIENTED_EDGE('',*,*,#20297,.F.);
#20304 = CYLINDRICAL_SURFACE('',#20305,1.25);
#20305 = AXIS2_PLACEMENT_3D('',#20306,#20307,#20308);
#20306 = CARTESIAN_POINT('',(108.65,-19.8,-4.5E-02));
#20307 = DIRECTION('',(-0.,-0.,-1.));
#20308 = DIRECTION('',(-0.,-1.,0.));
#20309 = ( GEOMETRIC_REPRESENTATION_CONTEXT(3) 
GLOBAL_UNCERTAINTY_ASSIGNED_CONTEXT((#20313)) 
GLOBAL_UNIT_ASSIGNED_CONTEXT((#20310,#20311,#20312)) 
REPRESENTATION_CONTEXT('Context #1',
  '3D Context with UNIT and UNCERTAINTY') );
#20310 = ( LENGTH_UNIT() NAMED_UNIT(*) SI_UNIT(.MILLI.,.METRE.) );
#20311 = ( NAMED_UNIT(*) PLANE_ANGLE_UNIT() SI_UNIT($,.RADIAN.) );
#20312 = ( NAMED_UNIT(*) SI_UNIT($,.STERADIAN.) SOLID_ANGLE_UNIT() );
#20313 = UNCERTAINTY_MEASURE_WITH_UNIT(LENGTH_MEASURE(1.E-07),#20310,
  'distance_accuracy_value','confusion accuracy');
#20314 = CONTEXT_DEPENDENT_SHAPE_REPRESENTATION(#20315,#20317);
#20315 = ( REPRESENTATION_RELATIONSHIP('','',#18520,#10) 
REPRESENTATION_RELATIONSHIP_WITH_TRANSFORMATION(#20316) 
SHAPE_REPRESENTATION_RELATIONSHIP() );
#20316 = ITEM_DEFINED_TRANSFORMATION('','',#11,#71);
#20317 = PRODUCT_DEFINITION_SHAPE('Placement','Placement of an item',
  #20318);
#20318 = NEXT_ASSEMBLY_USAGE_OCCURRENCE('19','=>[0:1:1:10]','',#5,#18515
  ,$);
#20319 = PRODUCT_RELATED_PRODUCT_CATEGORY('part',$,(#18517));
#20320 = MECHANICAL_DESIGN_GEOMETRIC_PRESENTATION_REPRESENTATION('',(
    #20321,#20331,#20341,#20350,#20359,#20368,#20377,#20386,#20395,
    #20404,#20413,#20422,#20431,#20440,#20449,#20458,#20467),#18164);
#20321 = STYLED_ITEM('color',(#20322),#9738);
#20322 = PRESENTATION_STYLE_ASSIGNMENT((#20323,#20329));
#20323 = SURFACE_STYLE_USAGE(.BOTH.,#20324);
#20324 = SURFACE_SIDE_STYLE('',(#20325));
#20325 = SURFACE_STYLE_FILL_AREA(#20326);
#20326 = FILL_AREA_STYLE('',(#20327));
#20327 = FILL_AREA_STYLE_COLOUR('',#20328);
#20328 = COLOUR_RGB('',0.274510000205,0.274510000205,0.274510000205);
#20329 = CURVE_STYLE('',#20330,POSITIVE_LENGTH_MEASURE(0.1),#20328);
#20330 = DRAUGHTING_PRE_DEFINED_CURVE_FONT('continuous');
#20331 = STYLED_ITEM('color',(#20332),#11412);
#20332 = PRESENTATION_STYLE_ASSIGNMENT((#20333,#20339));
#20333 = SURFACE_STYLE_USAGE(.BOTH.,#20334);
#20334 = SURFACE_SIDE_STYLE('',(#20335));
#20335 = SURFACE_STYLE_FILL_AREA(#20336);
#20336 = FILL_AREA_STYLE('',(#20337));
#20337 = FILL_AREA_STYLE_COLOUR('',#20338);
#20338 = COLOUR_RGB('',0.980392010597,0.980392010597,0.980392010597);
#20339 = CURVE_STYLE('',#20340,POSITIVE_LENGTH_MEASURE(0.1),#20338);
#20340 = DRAUGHTING_PRE_DEFINED_CURVE_FONT('continuous');
#20341 = STYLED_ITEM('color',(#20342),#11834);
#20342 = PRESENTATION_STYLE_ASSIGNMENT((#20343,#20348));
#20343 = SURFACE_STYLE_USAGE(.BOTH.,#20344);
#20344 = SURFACE_SIDE_STYLE('',(#20345));
#20345 = SURFACE_STYLE_FILL_AREA(#20346);
#20346 = FILL_AREA_STYLE('',(#20347));
#20347 = FILL_AREA_STYLE_COLOUR('',#20338);
#20348 = CURVE_STYLE('',#20349,POSITIVE_LENGTH_MEASURE(0.1),#20338);
#20349 = DRAUGHTING_PRE_DEFINED_CURVE_FONT('continuous');
#20350 = STYLED_ITEM('color',(#20351),#12256);
#20351 = PRESENTATION_STYLE_ASSIGNMENT((#20352,#20357));
#20352 = SURFACE_STYLE_USAGE(.BOTH.,#20353);
#20353 = SURFACE_SIDE_STYLE('',(#20354));
#20354 = SURFACE_STYLE_FILL_AREA(#20355);
#20355 = FILL_AREA_STYLE('',(#20356));
#20356 = FILL_AREA_STYLE_COLOUR('',#20338);
#20357 = CURVE_STYLE('',#20358,POSITIVE_LENGTH_MEASURE(0.1),#20338);
#20358 = DRAUGHTING_PRE_DEFINED_CURVE_FONT('continuous');
#20359 = STYLED_ITEM('color',(#20360),#12678);
#20360 = PRESENTATION_STYLE_ASSIGNMENT((#20361,#20366));
#20361 = SURFACE_STYLE_USAGE(.BOTH.,#20362);
#20362 = SURFACE_SIDE_STYLE('',(#20363));
#20363 = SURFACE_STYLE_FILL_AREA(#20364);
#20364 = FILL_AREA_STYLE('',(#20365));
#20365 = FILL_AREA_STYLE_COLOUR('',#20338);
#20366 = CURVE_STYLE('',#20367,POSITIVE_LENGTH_MEASURE(0.1),#20338);
#20367 = DRAUGHTING_PRE_DEFINED_CURVE_FONT('continuous');
#20368 = STYLED_ITEM('color',(#20369),#13100);
#20369 = PRESENTATION_STYLE_ASSIGNMENT((#20370,#20375));
#20370 = SURFACE_STYLE_USAGE(.BOTH.,#20371);
#20371 = SURFACE_SIDE_STYLE('',(#20372));
#20372 = SURFACE_STYLE_FILL_AREA(#20373);
#20373 = FILL_AREA_STYLE('',(#20374));
#20374 = FILL_AREA_STYLE_COLOUR('',#20338);
#20375 = CURVE_STYLE('',#20376,POSITIVE_LENGTH_MEASURE(0.1),#20338);
#20376 = DRAUGHTING_PRE_DEFINED_CURVE_FONT('continuous');
#20377 = STYLED_ITEM('color',(#20378),#13522);
#20378 = PRESENTATION_STYLE_ASSIGNMENT((#20379,#20384));
#20379 = SURFACE_STYLE_USAGE(.BOTH.,#20380);
#20380 = SURFACE_SIDE_STYLE('',(#20381));
#20381 = SURFACE_STYLE_FILL_AREA(#20382);
#20382 = FILL_AREA_STYLE('',(#20383));
#20383 = FILL_AREA_STYLE_COLOUR('',#20338);
#20384 = CURVE_STYLE('',#20385,POSITIVE_LENGTH_MEASURE(0.1),#20338);
#20385 = DRAUGHTING_PRE_DEFINED_CURVE_FONT('continuous');
#20386 = STYLED_ITEM('color',(#20387),#13944);
#20387 = PRESENTATION_STYLE_ASSIGNMENT((#20388,#20393));
#20388 = SURFACE_STYLE_USAGE(.BOTH.,#20389);
#20389 = SURFACE_SIDE_STYLE('',(#20390));
#20390 = SURFACE_STYLE_FILL_AREA(#20391);
#20391 = FILL_AREA_STYLE('',(#20392));
#20392 = FILL_AREA_STYLE_COLOUR('',#20338);
#20393 = CURVE_STYLE('',#20394,POSITIVE_LENGTH_MEASURE(0.1),#20338);
#20394 = DRAUGHTING_PRE_DEFINED_CURVE_FONT('continuous');
#20395 = STYLED_ITEM('color',(#20396),#14366);
#20396 = PRESENTATION_STYLE_ASSIGNMENT((#20397,#20402));
#20397 = SURFACE_STYLE_USAGE(.BOTH.,#20398);
#20398 = SURFACE_SIDE_STYLE('',(#20399));
#20399 = SURFACE_STYLE_FILL_AREA(#20400);
#20400 = FILL_AREA_STYLE('',(#20401));
#20401 = FILL_AREA_STYLE_COLOUR('',#20338);
#20402 = CURVE_STYLE('',#20403,POSITIVE_LENGTH_MEASURE(0.1),#20338);
#20403 = DRAUGHTING_PRE_DEFINED_CURVE_FONT('continuous');
#20404 = STYLED_ITEM('color',(#20405),#14788);
#20405 = PRESENTATION_STYLE_ASSIGNMENT((#20406,#20411));
#20406 = SURFACE_STYLE_USAGE(.BOTH.,#20407);
#20407 = SURFACE_SIDE_STYLE('',(#20408));
#20408 = SURFACE_STYLE_FILL_AREA(#20409);
#20409 = FILL_AREA_STYLE('',(#20410));
#20410 = FILL_AREA_STYLE_COLOUR('',#20338);
#20411 = CURVE_STYLE('',#20412,POSITIVE_LENGTH_MEASURE(0.1),#20338);
#20412 = DRAUGHTING_PRE_DEFINED_CURVE_FONT('continuous');
#20413 = STYLED_ITEM('color',(#20414),#15210);
#20414 = PRESENTATION_STYLE_ASSIGNMENT((#20415,#20420));
#20415 = SURFACE_STYLE_USAGE(.BOTH.,#20416);
#20416 = SURFACE_SIDE_STYLE('',(#20417));
#20417 = SURFACE_STYLE_FILL_AREA(#20418);
#20418 = FILL_AREA_STYLE('',(#20419));
#20419 = FILL_AREA_STYLE_COLOUR('',#20338);
#20420 = CURVE_STYLE('',#20421,POSITIVE_LENGTH_MEASURE(0.1),#20338);
#20421 = DRAUGHTING_PRE_DEFINED_CURVE_FONT('continuous');
#20422 = STYLED_ITEM('color',(#20423),#15632);
#20423 = PRESENTATION_STYLE_ASSIGNMENT((#20424,#20429));
#20424 = SURFACE_STYLE_USAGE(.BOTH.,#20425);
#20425 = SURFACE_SIDE_STYLE('',(#20426));
#20426 = SURFACE_STYLE_FILL_AREA(#20427);
#20427 = FILL_AREA_STYLE('',(#20428));
#20428 = FILL_AREA_STYLE_COLOUR('',#20338);
#20429 = CURVE_STYLE('',#20430,POSITIVE_LENGTH_MEASURE(0.1),#20338);
#20430 = DRAUGHTING_PRE_DEFINED_CURVE_FONT('continuous');
#20431 = STYLED_ITEM('color',(#20432),#16054);
#20432 = PRESENTATION_STYLE_ASSIGNMENT((#20433,#20438));
#20433 = SURFACE_STYLE_USAGE(.BOTH.,#20434);
#20434 = SURFACE_SIDE_STYLE('',(#20435));
#20435 = SURFACE_STYLE_FILL_AREA(#20436);
#20436 = FILL_AREA_STYLE('',(#20437));
#20437 = FILL_AREA_STYLE_COLOUR('',#20338);
#20438 = CURVE_STYLE('',#20439,POSITIVE_LENGTH_MEASURE(0.1),#20338);
#20439 = DRAUGHTING_PRE_DEFINED_CURVE_FONT('continuous');
#20440 = STYLED_ITEM('color',(#20441),#16476);
#20441 = PRESENTATION_STYLE_ASSIGNMENT((#20442,#20447));
#20442 = SURFACE_STYLE_USAGE(.BOTH.,#20443);
#20443 = SURFACE_SIDE_STYLE('',(#20444));
#20444 = SURFACE_STYLE_FILL_AREA(#20445);
#20445 = FILL_AREA_STYLE('',(#20446));
#20446 = FILL_AREA_STYLE_COLOUR('',#20338);
#20447 = CURVE_STYLE('',#20448,POSITIVE_LENGTH_MEASURE(0.1),#20338);
#20448 = DRAUGHTING_PRE_DEFINED_CURVE_FONT('continuous');
#20449 = STYLED_ITEM('color',(#20450),#16898);
#20450 = PRESENTATION_STYLE_ASSIGNMENT((#20451,#20456));
#20451 = SURFACE_STYLE_USAGE(.BOTH.,#20452);
#20452 = SURFACE_SIDE_STYLE('',(#20453));
#20453 = SURFACE_STYLE_FILL_AREA(#20454);
#20454 = FILL_AREA_STYLE('',(#20455));
#20455 = FILL_AREA_STYLE_COLOUR('',#20338);
#20456 = CURVE_STYLE('',#20457,POSITIVE_LENGTH_MEASURE(0.1),#20338);
#20457 = DRAUGHTING_PRE_DEFINED_CURVE_FONT('continuous');
#20458 = STYLED_ITEM('color',(#20459),#17320);
#20459 = PRESENTATION_STYLE_ASSIGNMENT((#20460,#20465));
#20460 = SURFACE_STYLE_USAGE(.BOTH.,#20461);
#20461 = SURFACE_SIDE_STYLE('',(#20462));
#20462 = SURFACE_STYLE_FILL_AREA(#20463);
#20463 = FILL_AREA_STYLE('',(#20464));
#20464 = FILL_AREA_STYLE_COLOUR('',#20338);
#20465 = CURVE_STYLE('',#20466,POSITIVE_LENGTH_MEASURE(0.1),#20338);
#20466 = DRAUGHTING_PRE_DEFINED_CURVE_FONT('continuous');
#20467 = STYLED_ITEM('color',(#20468),#17742);
#20468 = PRESENTATION_STYLE_ASSIGNMENT((#20469,#20474));
#20469 = SURFACE_STYLE_USAGE(.BOTH.,#20470);
#20470 = SURFACE_SIDE_STYLE('',(#20471));
#20471 = SURFACE_STYLE_FILL_AREA(#20472);
#20472 = FILL_AREA_STYLE('',(#20473));
#20473 = FILL_AREA_STYLE_COLOUR('',#20338);
#20474 = CURVE_STYLE('',#20475,POSITIVE_LENGTH_MEASURE(0.1),#20338);
#20475 = DRAUGHTING_PRE_DEFINED_CURVE_FONT('continuous');
#20476 = MECHANICAL_DESIGN_GEOMETRIC_PRESENTATION_REPRESENTATION('',(
    #20477),#18472);
#20477 = STYLED_ITEM('color',(#20478),#18216);
#20478 = PRESENTATION_STYLE_ASSIGNMENT((#20479,#20485));
#20479 = SURFACE_STYLE_USAGE(.BOTH.,#20480);
#20480 = SURFACE_SIDE_STYLE('',(#20481));
#20481 = SURFACE_STYLE_FILL_AREA(#20482);
#20482 = FILL_AREA_STYLE('',(#20483));
#20483 = FILL_AREA_STYLE_COLOUR('',#20484);
#20484 = COLOUR_RGB('',0.300000011149,0.300000011149,0.300000011149);
#20485 = CURVE_STYLE('',#20486,POSITIVE_LENGTH_MEASURE(0.1),#20484);
#20486 = DRAUGHTING_PRE_DEFINED_CURVE_FONT('continuous');
#20487 = MECHANICAL_DESIGN_GEOMETRIC_PRESENTATION_REPRESENTATION('',(
    #20488,#20498,#20506,#20513,#20520,#20527,#20534,#20541,#20549,
    #20556,#20563,#20570,#20577,#20584,#20591,#20598,#20605,#20612,
    #20619,#20626,#20633,#20640,#20647,#20654,#20661,#20668,#20675,
    #20682,#20689,#20696,#20703,#20710,#20717,#20724,#20731,#20738,
    #20745,#20752,#20759,#20766,#20773,#20780,#20787,#20794,#20801,
    #20808,#20815,#20822,#20829,#20836,#20843,#20850,#20857,#20864,
    #20871,#20878,#20885,#20892,#20899,#20906,#20913,#20920,#20927,
    #20934,#20942,#20949,#20956,#20963,#20970,#20977,#20984,#20991,
    #20998,#21005,#21012,#21019,#21026,#21033,#21040,#21047,#21054,
    #21061,#21068,#21075,#21082,#21089,#21096,#21103,#21110,#21117,
    #21124,#21131,#21138,#21145,#21152,#21159,#21166,#21173,#21180,
    #21187,#21194,#21201,#21208,#21215,#21222,#21229,#21236,#21243,
    #21250,#21257,#21264,#21271,#21278,#21285,#21292,#21299,#21306),
  #9686);
#20488 = STYLED_ITEM('color',(#20489),#6159);
#20489 = PRESENTATION_STYLE_ASSIGNMENT((#20490,#20496));
#20490 = SURFACE_STYLE_USAGE(.BOTH.,#20491);
#20491 = SURFACE_SIDE_STYLE('',(#20492));
#20492 = SURFACE_STYLE_FILL_AREA(#20493);
#20493 = FILL_AREA_STYLE('',(#20494));
#20494 = FILL_AREA_STYLE_COLOUR('',#20495);
#20495 = COLOUR_RGB('',0.792156867455,0.819607826924,0.933333342953);
#20496 = CURVE_STYLE('',#20497,POSITIVE_LENGTH_MEASURE(0.1),#20495);
#20497 = DRAUGHTING_PRE_DEFINED_CURVE_FONT('continuous');
#20498 = OVER_RIDING_STYLED_ITEM('overriding color',(#20499),#6161,
  #20488);
#20499 = PRESENTATION_STYLE_ASSIGNMENT((#20500));
#20500 = SURFACE_STYLE_USAGE(.BOTH.,#20501);
#20501 = SURFACE_SIDE_STYLE('',(#20502));
#20502 = SURFACE_STYLE_FILL_AREA(#20503);
#20503 = FILL_AREA_STYLE('',(#20504));
#20504 = FILL_AREA_STYLE_COLOUR('',#20505);
#20505 = DRAUGHTING_PRE_DEFINED_COLOUR('white');
#20506 = OVER_RIDING_STYLED_ITEM('overriding color',(#20507),#6615,
  #20488);
#20507 = PRESENTATION_STYLE_ASSIGNMENT((#20508));
#20508 = SURFACE_STYLE_USAGE(.BOTH.,#20509);
#20509 = SURFACE_SIDE_STYLE('',(#20510));
#20510 = SURFACE_STYLE_FILL_AREA(#20511);
#20511 = FILL_AREA_STYLE('',(#20512));
#20512 = FILL_AREA_STYLE_COLOUR('',#20505);
#20513 = OVER_RIDING_STYLED_ITEM('overriding color',(#20514),#6646,
  #20488);
#20514 = PRESENTATION_STYLE_ASSIGNMENT((#20515));
#20515 = SURFACE_STYLE_USAGE(.BOTH.,#20516);
#20516 = SURFACE_SIDE_STYLE('',(#20517));
#20517 = SURFACE_STYLE_FILL_AREA(#20518);
#20518 = FILL_AREA_STYLE('',(#20519));
#20519 = FILL_AREA_STYLE_COLOUR('',#20505);
#20520 = OVER_RIDING_STYLED_ITEM('overriding color',(#20521),#6670,
  #20488);
#20521 = PRESENTATION_STYLE_ASSIGNMENT((#20522));
#20522 = SURFACE_STYLE_USAGE(.BOTH.,#20523);
#20523 = SURFACE_SIDE_STYLE('',(#20524));
#20524 = SURFACE_STYLE_FILL_AREA(#20525);
#20525 = FILL_AREA_STYLE('',(#20526));
#20526 = FILL_AREA_STYLE_COLOUR('',#20505);
#20527 = OVER_RIDING_STYLED_ITEM('overriding color',(#20528),#6694,
  #20488);
#20528 = PRESENTATION_STYLE_ASSIGNMENT((#20529));
#20529 = SURFACE_STYLE_USAGE(.BOTH.,#20530);
#20530 = SURFACE_SIDE_STYLE('',(#20531));
#20531 = SURFACE_STYLE_FILL_AREA(#20532);
#20532 = FILL_AREA_STYLE('',(#20533));
#20533 = FILL_AREA_STYLE_COLOUR('',#20505);
#20534 = OVER_RIDING_STYLED_ITEM('overriding color',(#20535),#6711,
  #20488);
#20535 = PRESENTATION_STYLE_ASSIGNMENT((#20536));
#20536 = SURFACE_STYLE_USAGE(.BOTH.,#20537);
#20537 = SURFACE_SIDE_STYLE('',(#20538));
#20538 = SURFACE_STYLE_FILL_AREA(#20539);
#20539 = FILL_AREA_STYLE('',(#20540));
#20540 = FILL_AREA_STYLE_COLOUR('',#20505);
#20541 = OVER_RIDING_STYLED_ITEM('overriding color',(#20542),#6995,
  #20488);
#20542 = PRESENTATION_STYLE_ASSIGNMENT((#20543));
#20543 = SURFACE_STYLE_USAGE(.BOTH.,#20544);
#20544 = SURFACE_SIDE_STYLE('',(#20545));
#20545 = SURFACE_STYLE_FILL_AREA(#20546);
#20546 = FILL_AREA_STYLE('',(#20547));
#20547 = FILL_AREA_STYLE_COLOUR('',#20548);
#20548 = COLOUR_RGB('',0.898039222556,0.921568637116,0.929411760963);
#20549 = OVER_RIDING_STYLED_ITEM('overriding color',(#20550),#7026,
  #20488);
#20550 = PRESENTATION_STYLE_ASSIGNMENT((#20551));
#20551 = SURFACE_STYLE_USAGE(.BOTH.,#20552);
#20552 = SURFACE_SIDE_STYLE('',(#20553));
#20553 = SURFACE_STYLE_FILL_AREA(#20554);
#20554 = FILL_AREA_STYLE('',(#20555));
#20555 = FILL_AREA_STYLE_COLOUR('',#20548);
#20556 = OVER_RIDING_STYLED_ITEM('overriding color',(#20557),#7057,
  #20488);
#20557 = PRESENTATION_STYLE_ASSIGNMENT((#20558));
#20558 = SURFACE_STYLE_USAGE(.BOTH.,#20559);
#20559 = SURFACE_SIDE_STYLE('',(#20560));
#20560 = SURFACE_STYLE_FILL_AREA(#20561);
#20561 = FILL_AREA_STYLE('',(#20562));
#20562 = FILL_AREA_STYLE_COLOUR('',#20548);
#20563 = OVER_RIDING_STYLED_ITEM('overriding color',(#20564),#7088,
  #20488);
#20564 = PRESENTATION_STYLE_ASSIGNMENT((#20565));
#20565 = SURFACE_STYLE_USAGE(.BOTH.,#20566);
#20566 = SURFACE_SIDE_STYLE('',(#20567));
#20567 = SURFACE_STYLE_FILL_AREA(#20568);
#20568 = FILL_AREA_STYLE('',(#20569));
#20569 = FILL_AREA_STYLE_COLOUR('',#20548);
#20570 = OVER_RIDING_STYLED_ITEM('overriding color',(#20571),#7119,
  #20488);
#20571 = PRESENTATION_STYLE_ASSIGNMENT((#20572));
#20572 = SURFACE_STYLE_USAGE(.BOTH.,#20573);
#20573 = SURFACE_SIDE_STYLE('',(#20574));
#20574 = SURFACE_STYLE_FILL_AREA(#20575);
#20575 = FILL_AREA_STYLE('',(#20576));
#20576 = FILL_AREA_STYLE_COLOUR('',#20548);
#20577 = OVER_RIDING_STYLED_ITEM('overriding color',(#20578),#7141,
  #20488);
#20578 = PRESENTATION_STYLE_ASSIGNMENT((#20579));
#20579 = SURFACE_STYLE_USAGE(.BOTH.,#20580);
#20580 = SURFACE_SIDE_STYLE('',(#20581));
#20581 = SURFACE_STYLE_FILL_AREA(#20582);
#20582 = FILL_AREA_STYLE('',(#20583));
#20583 = FILL_AREA_STYLE_COLOUR('',#20548);
#20584 = OVER_RIDING_STYLED_ITEM('overriding color',(#20585),#7155,
  #20488);
#20585 = PRESENTATION_STYLE_ASSIGNMENT((#20586));
#20586 = SURFACE_STYLE_USAGE(.BOTH.,#20587);
#20587 = SURFACE_SIDE_STYLE('',(#20588));
#20588 = SURFACE_STYLE_FILL_AREA(#20589);
#20589 = FILL_AREA_STYLE('',(#20590));
#20590 = FILL_AREA_STYLE_COLOUR('',#20548);
#20591 = OVER_RIDING_STYLED_ITEM('overriding color',(#20592),#7169,
  #20488);
#20592 = PRESENTATION_STYLE_ASSIGNMENT((#20593));
#20593 = SURFACE_STYLE_USAGE(.BOTH.,#20594);
#20594 = SURFACE_SIDE_STYLE('',(#20595));
#20595 = SURFACE_STYLE_FILL_AREA(#20596);
#20596 = FILL_AREA_STYLE('',(#20597));
#20597 = FILL_AREA_STYLE_COLOUR('',#20548);
#20598 = OVER_RIDING_STYLED_ITEM('overriding color',(#20599),#7200,
  #20488);
#20599 = PRESENTATION_STYLE_ASSIGNMENT((#20600));
#20600 = SURFACE_STYLE_USAGE(.BOTH.,#20601);
#20601 = SURFACE_SIDE_STYLE('',(#20602));
#20602 = SURFACE_STYLE_FILL_AREA(#20603);
#20603 = FILL_AREA_STYLE('',(#20604));
#20604 = FILL_AREA_STYLE_COLOUR('',#20548);
#20605 = OVER_RIDING_STYLED_ITEM('overriding color',(#20606),#7231,
  #20488);
#20606 = PRESENTATION_STYLE_ASSIGNMENT((#20607));
#20607 = SURFACE_STYLE_USAGE(.BOTH.,#20608);
#20608 = SURFACE_SIDE_STYLE('',(#20609));
#20609 = SURFACE_STYLE_FILL_AREA(#20610);
#20610 = FILL_AREA_STYLE('',(#20611));
#20611 = FILL_AREA_STYLE_COLOUR('',#20548);
#20612 = OVER_RIDING_STYLED_ITEM('overriding color',(#20613),#7262,
  #20488);
#20613 = PRESENTATION_STYLE_ASSIGNMENT((#20614));
#20614 = SURFACE_STYLE_USAGE(.BOTH.,#20615);
#20615 = SURFACE_SIDE_STYLE('',(#20616));
#20616 = SURFACE_STYLE_FILL_AREA(#20617);
#20617 = FILL_AREA_STYLE('',(#20618));
#20618 = FILL_AREA_STYLE_COLOUR('',#20548);
#20619 = OVER_RIDING_STYLED_ITEM('overriding color',(#20620),#7293,
  #20488);
#20620 = PRESENTATION_STYLE_ASSIGNMENT((#20621));
#20621 = SURFACE_STYLE_USAGE(.BOTH.,#20622);
#20622 = SURFACE_SIDE_STYLE('',(#20623));
#20623 = SURFACE_STYLE_FILL_AREA(#20624);
#20624 = FILL_AREA_STYLE('',(#20625));
#20625 = FILL_AREA_STYLE_COLOUR('',#20548);
#20626 = OVER_RIDING_STYLED_ITEM('overriding color',(#20627),#7315,
  #20488);
#20627 = PRESENTATION_STYLE_ASSIGNMENT((#20628));
#20628 = SURFACE_STYLE_USAGE(.BOTH.,#20629);
#20629 = SURFACE_SIDE_STYLE('',(#20630));
#20630 = SURFACE_STYLE_FILL_AREA(#20631);
#20631 = FILL_AREA_STYLE('',(#20632));
#20632 = FILL_AREA_STYLE_COLOUR('',#20548);
#20633 = OVER_RIDING_STYLED_ITEM('overriding color',(#20634),#7329,
  #20488);
#20634 = PRESENTATION_STYLE_ASSIGNMENT((#20635));
#20635 = SURFACE_STYLE_USAGE(.BOTH.,#20636);
#20636 = SURFACE_SIDE_STYLE('',(#20637));
#20637 = SURFACE_STYLE_FILL_AREA(#20638);
#20638 = FILL_AREA_STYLE('',(#20639));
#20639 = FILL_AREA_STYLE_COLOUR('',#20548);
#20640 = OVER_RIDING_STYLED_ITEM('overriding color',(#20641),#7343,
  #20488);
#20641 = PRESENTATION_STYLE_ASSIGNMENT((#20642));
#20642 = SURFACE_STYLE_USAGE(.BOTH.,#20643);
#20643 = SURFACE_SIDE_STYLE('',(#20644));
#20644 = SURFACE_STYLE_FILL_AREA(#20645);
#20645 = FILL_AREA_STYLE('',(#20646));
#20646 = FILL_AREA_STYLE_COLOUR('',#20548);
#20647 = OVER_RIDING_STYLED_ITEM('overriding color',(#20648),#7374,
  #20488);
#20648 = PRESENTATION_STYLE_ASSIGNMENT((#20649));
#20649 = SURFACE_STYLE_USAGE(.BOTH.,#20650);
#20650 = SURFACE_SIDE_STYLE('',(#20651));
#20651 = SURFACE_STYLE_FILL_AREA(#20652);
#20652 = FILL_AREA_STYLE('',(#20653));
#20653 = FILL_AREA_STYLE_COLOUR('',#20548);
#20654 = OVER_RIDING_STYLED_ITEM('overriding color',(#20655),#7405,
  #20488);
#20655 = PRESENTATION_STYLE_ASSIGNMENT((#20656));
#20656 = SURFACE_STYLE_USAGE(.BOTH.,#20657);
#20657 = SURFACE_SIDE_STYLE('',(#20658));
#20658 = SURFACE_STYLE_FILL_AREA(#20659);
#20659 = FILL_AREA_STYLE('',(#20660));
#20660 = FILL_AREA_STYLE_COLOUR('',#20548);
#20661 = OVER_RIDING_STYLED_ITEM('overriding color',(#20662),#7436,
  #20488);
#20662 = PRESENTATION_STYLE_ASSIGNMENT((#20663));
#20663 = SURFACE_STYLE_USAGE(.BOTH.,#20664);
#20664 = SURFACE_SIDE_STYLE('',(#20665));
#20665 = SURFACE_STYLE_FILL_AREA(#20666);
#20666 = FILL_AREA_STYLE('',(#20667));
#20667 = FILL_AREA_STYLE_COLOUR('',#20548);
#20668 = OVER_RIDING_STYLED_ITEM('overriding color',(#20669),#7467,
  #20488);
#20669 = PRESENTATION_STYLE_ASSIGNMENT((#20670));
#20670 = SURFACE_STYLE_USAGE(.BOTH.,#20671);
#20671 = SURFACE_SIDE_STYLE('',(#20672));
#20672 = SURFACE_STYLE_FILL_AREA(#20673);
#20673 = FILL_AREA_STYLE('',(#20674));
#20674 = FILL_AREA_STYLE_COLOUR('',#20548);
#20675 = OVER_RIDING_STYLED_ITEM('overriding color',(#20676),#7489,
  #20488);
#20676 = PRESENTATION_STYLE_ASSIGNMENT((#20677));
#20677 = SURFACE_STYLE_USAGE(.BOTH.,#20678);
#20678 = SURFACE_SIDE_STYLE('',(#20679));
#20679 = SURFACE_STYLE_FILL_AREA(#20680);
#20680 = FILL_AREA_STYLE('',(#20681));
#20681 = FILL_AREA_STYLE_COLOUR('',#20548);
#20682 = OVER_RIDING_STYLED_ITEM('overriding color',(#20683),#7503,
  #20488);
#20683 = PRESENTATION_STYLE_ASSIGNMENT((#20684));
#20684 = SURFACE_STYLE_USAGE(.BOTH.,#20685);
#20685 = SURFACE_SIDE_STYLE('',(#20686));
#20686 = SURFACE_STYLE_FILL_AREA(#20687);
#20687 = FILL_AREA_STYLE('',(#20688));
#20688 = FILL_AREA_STYLE_COLOUR('',#20548);
#20689 = OVER_RIDING_STYLED_ITEM('overriding color',(#20690),#7517,
  #20488);
#20690 = PRESENTATION_STYLE_ASSIGNMENT((#20691));
#20691 = SURFACE_STYLE_USAGE(.BOTH.,#20692);
#20692 = SURFACE_SIDE_STYLE('',(#20693));
#20693 = SURFACE_STYLE_FILL_AREA(#20694);
#20694 = FILL_AREA_STYLE('',(#20695));
#20695 = FILL_AREA_STYLE_COLOUR('',#20548);
#20696 = OVER_RIDING_STYLED_ITEM('overriding color',(#20697),#7548,
  #20488);
#20697 = PRESENTATION_STYLE_ASSIGNMENT((#20698));
#20698 = SURFACE_STYLE_USAGE(.BOTH.,#20699);
#20699 = SURFACE_SIDE_STYLE('',(#20700));
#20700 = SURFACE_STYLE_FILL_AREA(#20701);
#20701 = FILL_AREA_STYLE('',(#20702));
#20702 = FILL_AREA_STYLE_COLOUR('',#20548);
#20703 = OVER_RIDING_STYLED_ITEM('overriding color',(#20704),#7579,
  #20488);
#20704 = PRESENTATION_STYLE_ASSIGNMENT((#20705));
#20705 = SURFACE_STYLE_USAGE(.BOTH.,#20706);
#20706 = SURFACE_SIDE_STYLE('',(#20707));
#20707 = SURFACE_STYLE_FILL_AREA(#20708);
#20708 = FILL_AREA_STYLE('',(#20709));
#20709 = FILL_AREA_STYLE_COLOUR('',#20548);
#20710 = OVER_RIDING_STYLED_ITEM('overriding color',(#20711),#7610,
  #20488);
#20711 = PRESENTATION_STYLE_ASSIGNMENT((#20712));
#20712 = SURFACE_STYLE_USAGE(.BOTH.,#20713);
#20713 = SURFACE_SIDE_STYLE('',(#20714));
#20714 = SURFACE_STYLE_FILL_AREA(#20715);
#20715 = FILL_AREA_STYLE('',(#20716));
#20716 = FILL_AREA_STYLE_COLOUR('',#20548);
#20717 = OVER_RIDING_STYLED_ITEM('overriding color',(#20718),#7641,
  #20488);
#20718 = PRESENTATION_STYLE_ASSIGNMENT((#20719));
#20719 = SURFACE_STYLE_USAGE(.BOTH.,#20720);
#20720 = SURFACE_SIDE_STYLE('',(#20721));
#20721 = SURFACE_STYLE_FILL_AREA(#20722);
#20722 = FILL_AREA_STYLE('',(#20723));
#20723 = FILL_AREA_STYLE_COLOUR('',#20548);
#20724 = OVER_RIDING_STYLED_ITEM('overriding color',(#20725),#7663,
  #20488);
#20725 = PRESENTATION_STYLE_ASSIGNMENT((#20726));
#20726 = SURFACE_STYLE_USAGE(.BOTH.,#20727);
#20727 = SURFACE_SIDE_STYLE('',(#20728));
#20728 = SURFACE_STYLE_FILL_AREA(#20729);
#20729 = FILL_AREA_STYLE('',(#20730));
#20730 = FILL_AREA_STYLE_COLOUR('',#20548);
#20731 = OVER_RIDING_STYLED_ITEM('overriding color',(#20732),#7677,
  #20488);
#20732 = PRESENTATION_STYLE_ASSIGNMENT((#20733));
#20733 = SURFACE_STYLE_USAGE(.BOTH.,#20734);
#20734 = SURFACE_SIDE_STYLE('',(#20735));
#20735 = SURFACE_STYLE_FILL_AREA(#20736);
#20736 = FILL_AREA_STYLE('',(#20737));
#20737 = FILL_AREA_STYLE_COLOUR('',#20548);
#20738 = OVER_RIDING_STYLED_ITEM('overriding color',(#20739),#7691,
  #20488);
#20739 = PRESENTATION_STYLE_ASSIGNMENT((#20740));
#20740 = SURFACE_STYLE_USAGE(.BOTH.,#20741);
#20741 = SURFACE_SIDE_STYLE('',(#20742));
#20742 = SURFACE_STYLE_FILL_AREA(#20743);
#20743 = FILL_AREA_STYLE('',(#20744));
#20744 = FILL_AREA_STYLE_COLOUR('',#20548);
#20745 = OVER_RIDING_STYLED_ITEM('overriding color',(#20746),#7722,
  #20488);
#20746 = PRESENTATION_STYLE_ASSIGNMENT((#20747));
#20747 = SURFACE_STYLE_USAGE(.BOTH.,#20748);
#20748 = SURFACE_SIDE_STYLE('',(#20749));
#20749 = SURFACE_STYLE_FILL_AREA(#20750);
#20750 = FILL_AREA_STYLE('',(#20751));
#20751 = FILL_AREA_STYLE_COLOUR('',#20548);
#20752 = OVER_RIDING_STYLED_ITEM('overriding color',(#20753),#7753,
  #20488);
#20753 = PRESENTATION_STYLE_ASSIGNMENT((#20754));
#20754 = SURFACE_STYLE_USAGE(.BOTH.,#20755);
#20755 = SURFACE_SIDE_STYLE('',(#20756));
#20756 = SURFACE_STYLE_FILL_AREA(#20757);
#20757 = FILL_AREA_STYLE('',(#20758));
#20758 = FILL_AREA_STYLE_COLOUR('',#20548);
#20759 = OVER_RIDING_STYLED_ITEM('overriding color',(#20760),#7784,
  #20488);
#20760 = PRESENTATION_STYLE_ASSIGNMENT((#20761));
#20761 = SURFACE_STYLE_USAGE(.BOTH.,#20762);
#20762 = SURFACE_SIDE_STYLE('',(#20763));
#20763 = SURFACE_STYLE_FILL_AREA(#20764);
#20764 = FILL_AREA_STYLE('',(#20765));
#20765 = FILL_AREA_STYLE_COLOUR('',#20548);
#20766 = OVER_RIDING_STYLED_ITEM('overriding color',(#20767),#7815,
  #20488);
#20767 = PRESENTATION_STYLE_ASSIGNMENT((#20768));
#20768 = SURFACE_STYLE_USAGE(.BOTH.,#20769);
#20769 = SURFACE_SIDE_STYLE('',(#20770));
#20770 = SURFACE_STYLE_FILL_AREA(#20771);
#20771 = FILL_AREA_STYLE('',(#20772));
#20772 = FILL_AREA_STYLE_COLOUR('',#20548);
#20773 = OVER_RIDING_STYLED_ITEM('overriding color',(#20774),#7837,
  #20488);
#20774 = PRESENTATION_STYLE_ASSIGNMENT((#20775));
#20775 = SURFACE_STYLE_USAGE(.BOTH.,#20776);
#20776 = SURFACE_SIDE_STYLE('',(#20777));
#20777 = SURFACE_STYLE_FILL_AREA(#20778);
#20778 = FILL_AREA_STYLE('',(#20779));
#20779 = FILL_AREA_STYLE_COLOUR('',#20548);
#20780 = OVER_RIDING_STYLED_ITEM('overriding color',(#20781),#7851,
  #20488);
#20781 = PRESENTATION_STYLE_ASSIGNMENT((#20782));
#20782 = SURFACE_STYLE_USAGE(.BOTH.,#20783);
#20783 = SURFACE_SIDE_STYLE('',(#20784));
#20784 = SURFACE_STYLE_FILL_AREA(#20785);
#20785 = FILL_AREA_STYLE('',(#20786));
#20786 = FILL_AREA_STYLE_COLOUR('',#20548);
#20787 = OVER_RIDING_STYLED_ITEM('overriding color',(#20788),#7865,
  #20488);
#20788 = PRESENTATION_STYLE_ASSIGNMENT((#20789));
#20789 = SURFACE_STYLE_USAGE(.BOTH.,#20790);
#20790 = SURFACE_SIDE_STYLE('',(#20791));
#20791 = SURFACE_STYLE_FILL_AREA(#20792);
#20792 = FILL_AREA_STYLE('',(#20793));
#20793 = FILL_AREA_STYLE_COLOUR('',#20548);
#20794 = OVER_RIDING_STYLED_ITEM('overriding color',(#20795),#7896,
  #20488);
#20795 = PRESENTATION_STYLE_ASSIGNMENT((#20796));
#20796 = SURFACE_STYLE_USAGE(.BOTH.,#20797);
#20797 = SURFACE_SIDE_STYLE('',(#20798));
#20798 = SURFACE_STYLE_FILL_AREA(#20799);
#20799 = FILL_AREA_STYLE('',(#20800));
#20800 = FILL_AREA_STYLE_COLOUR('',#20548);
#20801 = OVER_RIDING_STYLED_ITEM('overriding color',(#20802),#7927,
  #20488);
#20802 = PRESENTATION_STYLE_ASSIGNMENT((#20803));
#20803 = SURFACE_STYLE_USAGE(.BOTH.,#20804);
#20804 = SURFACE_SIDE_STYLE('',(#20805));
#20805 = SURFACE_STYLE_FILL_AREA(#20806);
#20806 = FILL_AREA_STYLE('',(#20807));
#20807 = FILL_AREA_STYLE_COLOUR('',#20548);
#20808 = OVER_RIDING_STYLED_ITEM('overriding color',(#20809),#7958,
  #20488);
#20809 = PRESENTATION_STYLE_ASSIGNMENT((#20810));
#20810 = SURFACE_STYLE_USAGE(.BOTH.,#20811);
#20811 = SURFACE_SIDE_STYLE('',(#20812));
#20812 = SURFACE_STYLE_FILL_AREA(#20813);
#20813 = FILL_AREA_STYLE('',(#20814));
#20814 = FILL_AREA_STYLE_COLOUR('',#20548);
#20815 = OVER_RIDING_STYLED_ITEM('overriding color',(#20816),#7989,
  #20488);
#20816 = PRESENTATION_STYLE_ASSIGNMENT((#20817));
#20817 = SURFACE_STYLE_USAGE(.BOTH.,#20818);
#20818 = SURFACE_SIDE_STYLE('',(#20819));
#20819 = SURFACE_STYLE_FILL_AREA(#20820);
#20820 = FILL_AREA_STYLE('',(#20821));
#20821 = FILL_AREA_STYLE_COLOUR('',#20548);
#20822 = OVER_RIDING_STYLED_ITEM('overriding color',(#20823),#8011,
  #20488);
#20823 = PRESENTATION_STYLE_ASSIGNMENT((#20824));
#20824 = SURFACE_STYLE_USAGE(.BOTH.,#20825);
#20825 = SURFACE_SIDE_STYLE('',(#20826));
#20826 = SURFACE_STYLE_FILL_AREA(#20827);
#20827 = FILL_AREA_STYLE('',(#20828));
#20828 = FILL_AREA_STYLE_COLOUR('',#20548);
#20829 = OVER_RIDING_STYLED_ITEM('overriding color',(#20830),#8025,
  #20488);
#20830 = PRESENTATION_STYLE_ASSIGNMENT((#20831));
#20831 = SURFACE_STYLE_USAGE(.BOTH.,#20832);
#20832 = SURFACE_SIDE_STYLE('',(#20833));
#20833 = SURFACE_STYLE_FILL_AREA(#20834);
#20834 = FILL_AREA_STYLE('',(#20835));
#20835 = FILL_AREA_STYLE_COLOUR('',#20548);
#20836 = OVER_RIDING_STYLED_ITEM('overriding color',(#20837),#8039,
  #20488);
#20837 = PRESENTATION_STYLE_ASSIGNMENT((#20838));
#20838 = SURFACE_STYLE_USAGE(.BOTH.,#20839);
#20839 = SURFACE_SIDE_STYLE('',(#20840));
#20840 = SURFACE_STYLE_FILL_AREA(#20841);
#20841 = FILL_AREA_STYLE('',(#20842));
#20842 = FILL_AREA_STYLE_COLOUR('',#20548);
#20843 = OVER_RIDING_STYLED_ITEM('overriding color',(#20844),#8070,
  #20488);
#20844 = PRESENTATION_STYLE_ASSIGNMENT((#20845));
#20845 = SURFACE_STYLE_USAGE(.BOTH.,#20846);
#20846 = SURFACE_SIDE_STYLE('',(#20847));
#20847 = SURFACE_STYLE_FILL_AREA(#20848);
#20848 = FILL_AREA_STYLE('',(#20849));
#20849 = FILL_AREA_STYLE_COLOUR('',#20548);
#20850 = OVER_RIDING_STYLED_ITEM('overriding color',(#20851),#8101,
  #20488);
#20851 = PRESENTATION_STYLE_ASSIGNMENT((#20852));
#20852 = SURFACE_STYLE_USAGE(.BOTH.,#20853);
#20853 = SURFACE_SIDE_STYLE('',(#20854));
#20854 = SURFACE_STYLE_FILL_AREA(#20855);
#20855 = FILL_AREA_STYLE('',(#20856));
#20856 = FILL_AREA_STYLE_COLOUR('',#20548);
#20857 = OVER_RIDING_STYLED_ITEM('overriding color',(#20858),#8132,
  #20488);
#20858 = PRESENTATION_STYLE_ASSIGNMENT((#20859));
#20859 = SURFACE_STYLE_USAGE(.BOTH.,#20860);
#20860 = SURFACE_SIDE_STYLE('',(#20861));
#20861 = SURFACE_STYLE_FILL_AREA(#20862);
#20862 = FILL_AREA_STYLE('',(#20863));
#20863 = FILL_AREA_STYLE_COLOUR('',#20548);
#20864 = OVER_RIDING_STYLED_ITEM('overriding color',(#20865),#8163,
  #20488);
#20865 = PRESENTATION_STYLE_ASSIGNMENT((#20866));
#20866 = SURFACE_STYLE_USAGE(.BOTH.,#20867);
#20867 = SURFACE_SIDE_STYLE('',(#20868));
#20868 = SURFACE_STYLE_FILL_AREA(#20869);
#20869 = FILL_AREA_STYLE('',(#20870));
#20870 = FILL_AREA_STYLE_COLOUR('',#20548);
#20871 = OVER_RIDING_STYLED_ITEM('overriding color',(#20872),#8185,
  #20488);
#20872 = PRESENTATION_STYLE_ASSIGNMENT((#20873));
#20873 = SURFACE_STYLE_USAGE(.BOTH.,#20874);
#20874 = SURFACE_SIDE_STYLE('',(#20875));
#20875 = SURFACE_STYLE_FILL_AREA(#20876);
#20876 = FILL_AREA_STYLE('',(#20877));
#20877 = FILL_AREA_STYLE_COLOUR('',#20548);
#20878 = OVER_RIDING_STYLED_ITEM('overriding color',(#20879),#8199,
  #20488);
#20879 = PRESENTATION_STYLE_ASSIGNMENT((#20880));
#20880 = SURFACE_STYLE_USAGE(.BOTH.,#20881);
#20881 = SURFACE_SIDE_STYLE('',(#20882));
#20882 = SURFACE_STYLE_FILL_AREA(#20883);
#20883 = FILL_AREA_STYLE('',(#20884));
#20884 = FILL_AREA_STYLE_COLOUR('',#20548);
#20885 = OVER_RIDING_STYLED_ITEM('overriding color',(#20886),#8213,
  #20488);
#20886 = PRESENTATION_STYLE_ASSIGNMENT((#20887));
#20887 = SURFACE_STYLE_USAGE(.BOTH.,#20888);
#20888 = SURFACE_SIDE_STYLE('',(#20889));
#20889 = SURFACE_STYLE_FILL_AREA(#20890);
#20890 = FILL_AREA_STYLE('',(#20891));
#20891 = FILL_AREA_STYLE_COLOUR('',#20548);
#20892 = OVER_RIDING_STYLED_ITEM('overriding color',(#20893),#8244,
  #20488);
#20893 = PRESENTATION_STYLE_ASSIGNMENT((#20894));
#20894 = SURFACE_STYLE_USAGE(.BOTH.,#20895);
#20895 = SURFACE_SIDE_STYLE('',(#20896));
#20896 = SURFACE_STYLE_FILL_AREA(#20897);
#20897 = FILL_AREA_STYLE('',(#20898));
#20898 = FILL_AREA_STYLE_COLOUR('',#20548);
#20899 = OVER_RIDING_STYLED_ITEM('overriding color',(#20900),#8275,
  #20488);
#20900 = PRESENTATION_STYLE_ASSIGNMENT((#20901));
#20901 = SURFACE_STYLE_USAGE(.BOTH.,#20902);
#20902 = SURFACE_SIDE_STYLE('',(#20903));
#20903 = SURFACE_STYLE_FILL_AREA(#20904);
#20904 = FILL_AREA_STYLE('',(#20905));
#20905 = FILL_AREA_STYLE_COLOUR('',#20548);
#20906 = OVER_RIDING_STYLED_ITEM('overriding color',(#20907),#8306,
  #20488);
#20907 = PRESENTATION_STYLE_ASSIGNMENT((#20908));
#20908 = SURFACE_STYLE_USAGE(.BOTH.,#20909);
#20909 = SURFACE_SIDE_STYLE('',(#20910));
#20910 = SURFACE_STYLE_FILL_AREA(#20911);
#20911 = FILL_AREA_STYLE('',(#20912));
#20912 = FILL_AREA_STYLE_COLOUR('',#20548);
#20913 = OVER_RIDING_STYLED_ITEM('overriding color',(#20914),#8337,
  #20488);
#20914 = PRESENTATION_STYLE_ASSIGNMENT((#20915));
#20915 = SURFACE_STYLE_USAGE(.BOTH.,#20916);
#20916 = SURFACE_SIDE_STYLE('',(#20917));
#20917 = SURFACE_STYLE_FILL_AREA(#20918);
#20918 = FILL_AREA_STYLE('',(#20919));
#20919 = FILL_AREA_STYLE_COLOUR('',#20548);
#20920 = OVER_RIDING_STYLED_ITEM('overriding color',(#20921),#8359,
  #20488);
#20921 = PRESENTATION_STYLE_ASSIGNMENT((#20922));
#20922 = SURFACE_STYLE_USAGE(.BOTH.,#20923);
#20923 = SURFACE_SIDE_STYLE('',(#20924));
#20924 = SURFACE_STYLE_FILL_AREA(#20925);
#20925 = FILL_AREA_STYLE('',(#20926));
#20926 = FILL_AREA_STYLE_COLOUR('',#20548);
#20927 = OVER_RIDING_STYLED_ITEM('overriding color',(#20928),#8373,
  #20488);
#20928 = PRESENTATION_STYLE_ASSIGNMENT((#20929));
#20929 = SURFACE_STYLE_USAGE(.BOTH.,#20930);
#20930 = SURFACE_SIDE_STYLE('',(#20931));
#20931 = SURFACE_STYLE_FILL_AREA(#20932);
#20932 = FILL_AREA_STYLE('',(#20933));
#20933 = FILL_AREA_STYLE_COLOUR('',#20548);
#20934 = OVER_RIDING_STYLED_ITEM('overriding color',(#20935),#8387,
  #20488);
#20935 = PRESENTATION_STYLE_ASSIGNMENT((#20936));
#20936 = SURFACE_STYLE_USAGE(.BOTH.,#20937);
#20937 = SURFACE_SIDE_STYLE('',(#20938));
#20938 = SURFACE_STYLE_FILL_AREA(#20939);
#20939 = FILL_AREA_STYLE('',(#20940));
#20940 = FILL_AREA_STYLE_COLOUR('',#20941);
#20941 = COLOUR_RGB('',0.101960784187,0.101960784187,0.101960784187);
#20942 = OVER_RIDING_STYLED_ITEM('overriding color',(#20943),#8418,
  #20488);
#20943 = PRESENTATION_STYLE_ASSIGNMENT((#20944));
#20944 = SURFACE_STYLE_USAGE(.BOTH.,#20945);
#20945 = SURFACE_SIDE_STYLE('',(#20946));
#20946 = SURFACE_STYLE_FILL_AREA(#20947);
#20947 = FILL_AREA_STYLE('',(#20948));
#20948 = FILL_AREA_STYLE_COLOUR('',#20941);
#20949 = OVER_RIDING_STYLED_ITEM('overriding color',(#20950),#8442,
  #20488);
#20950 = PRESENTATION_STYLE_ASSIGNMENT((#20951));
#20951 = SURFACE_STYLE_USAGE(.BOTH.,#20952);
#20952 = SURFACE_SIDE_STYLE('',(#20953));
#20953 = SURFACE_STYLE_FILL_AREA(#20954);
#20954 = FILL_AREA_STYLE('',(#20955));
#20955 = FILL_AREA_STYLE_COLOUR('',#20941);
#20956 = OVER_RIDING_STYLED_ITEM('overriding color',(#20957),#8466,
  #20488);
#20957 = PRESENTATION_STYLE_ASSIGNMENT((#20958));
#20958 = SURFACE_STYLE_USAGE(.BOTH.,#20959);
#20959 = SURFACE_SIDE_STYLE('',(#20960));
#20960 = SURFACE_STYLE_FILL_AREA(#20961);
#20961 = FILL_AREA_STYLE('',(#20962));
#20962 = FILL_AREA_STYLE_COLOUR('',#20941);
#20963 = OVER_RIDING_STYLED_ITEM('overriding color',(#20964),#8490,
  #20488);
#20964 = PRESENTATION_STYLE_ASSIGNMENT((#20965));
#20965 = SURFACE_STYLE_USAGE(.BOTH.,#20966);
#20966 = SURFACE_SIDE_STYLE('',(#20967));
#20967 = SURFACE_STYLE_FILL_AREA(#20968);
#20968 = FILL_AREA_STYLE('',(#20969));
#20969 = FILL_AREA_STYLE_COLOUR('',#20941);
#20970 = OVER_RIDING_STYLED_ITEM('overriding color',(#20971),#8514,
  #20488);
#20971 = PRESENTATION_STYLE_ASSIGNMENT((#20972));
#20972 = SURFACE_STYLE_USAGE(.BOTH.,#20973);
#20973 = SURFACE_SIDE_STYLE('',(#20974));
#20974 = SURFACE_STYLE_FILL_AREA(#20975);
#20975 = FILL_AREA_STYLE('',(#20976));
#20976 = FILL_AREA_STYLE_COLOUR('',#20941);
#20977 = OVER_RIDING_STYLED_ITEM('overriding color',(#20978),#8538,
  #20488);
#20978 = PRESENTATION_STYLE_ASSIGNMENT((#20979));
#20979 = SURFACE_STYLE_USAGE(.BOTH.,#20980);
#20980 = SURFACE_SIDE_STYLE('',(#20981));
#20981 = SURFACE_STYLE_FILL_AREA(#20982);
#20982 = FILL_AREA_STYLE('',(#20983));
#20983 = FILL_AREA_STYLE_COLOUR('',#20941);
#20984 = OVER_RIDING_STYLED_ITEM('overriding color',(#20985),#8562,
  #20488);
#20985 = PRESENTATION_STYLE_ASSIGNMENT((#20986));
#20986 = SURFACE_STYLE_USAGE(.BOTH.,#20987);
#20987 = SURFACE_SIDE_STYLE('',(#20988));
#20988 = SURFACE_STYLE_FILL_AREA(#20989);
#20989 = FILL_AREA_STYLE('',(#20990));
#20990 = FILL_AREA_STYLE_COLOUR('',#20941);
#20991 = OVER_RIDING_STYLED_ITEM('overriding color',(#20992),#8586,
  #20488);
#20992 = PRESENTATION_STYLE_ASSIGNMENT((#20993));
#20993 = SURFACE_STYLE_USAGE(.BOTH.,#20994);
#20994 = SURFACE_SIDE_STYLE('',(#20995));
#20995 = SURFACE_STYLE_FILL_AREA(#20996);
#20996 = FILL_AREA_STYLE('',(#20997));
#20997 = FILL_AREA_STYLE_COLOUR('',#20941);
#20998 = OVER_RIDING_STYLED_ITEM('overriding color',(#20999),#8610,
  #20488);
#20999 = PRESENTATION_STYLE_ASSIGNMENT((#21000));
#21000 = SURFACE_STYLE_USAGE(.BOTH.,#21001);
#21001 = SURFACE_SIDE_STYLE('',(#21002));
#21002 = SURFACE_STYLE_FILL_AREA(#21003);
#21003 = FILL_AREA_STYLE('',(#21004));
#21004 = FILL_AREA_STYLE_COLOUR('',#20941);
#21005 = OVER_RIDING_STYLED_ITEM('overriding color',(#21006),#8634,
  #20488);
#21006 = PRESENTATION_STYLE_ASSIGNMENT((#21007));
#21007 = SURFACE_STYLE_USAGE(.BOTH.,#21008);
#21008 = SURFACE_SIDE_STYLE('',(#21009));
#21009 = SURFACE_STYLE_FILL_AREA(#21010);
#21010 = FILL_AREA_STYLE('',(#21011));
#21011 = FILL_AREA_STYLE_COLOUR('',#20941);
#21012 = OVER_RIDING_STYLED_ITEM('overriding color',(#21013),#8651,
  #20488);
#21013 = PRESENTATION_STYLE_ASSIGNMENT((#21014));
#21014 = SURFACE_STYLE_USAGE(.BOTH.,#21015);
#21015 = SURFACE_SIDE_STYLE('',(#21016));
#21016 = SURFACE_STYLE_FILL_AREA(#21017);
#21017 = FILL_AREA_STYLE('',(#21018));
#21018 = FILL_AREA_STYLE_COLOUR('',#20941);
#21019 = OVER_RIDING_STYLED_ITEM('overriding color',(#21020),#8670,
  #20488);
#21020 = PRESENTATION_STYLE_ASSIGNMENT((#21021));
#21021 = SURFACE_STYLE_USAGE(.BOTH.,#21022);
#21022 = SURFACE_SIDE_STYLE('',(#21023));
#21023 = SURFACE_STYLE_FILL_AREA(#21024);
#21024 = FILL_AREA_STYLE('',(#21025));
#21025 = FILL_AREA_STYLE_COLOUR('',#20941);
#21026 = OVER_RIDING_STYLED_ITEM('overriding color',(#21027),#8701,
  #20488);
#21027 = PRESENTATION_STYLE_ASSIGNMENT((#21028));
#21028 = SURFACE_STYLE_USAGE(.BOTH.,#21029);
#21029 = SURFACE_SIDE_STYLE('',(#21030));
#21030 = SURFACE_STYLE_FILL_AREA(#21031);
#21031 = FILL_AREA_STYLE('',(#21032));
#21032 = FILL_AREA_STYLE_COLOUR('',#20941);
#21033 = OVER_RIDING_STYLED_ITEM('overriding color',(#21034),#8725,
  #20488);
#21034 = PRESENTATION_STYLE_ASSIGNMENT((#21035));
#21035 = SURFACE_STYLE_USAGE(.BOTH.,#21036);
#21036 = SURFACE_SIDE_STYLE('',(#21037));
#21037 = SURFACE_STYLE_FILL_AREA(#21038);
#21038 = FILL_AREA_STYLE('',(#21039));
#21039 = FILL_AREA_STYLE_COLOUR('',#20941);
#21040 = OVER_RIDING_STYLED_ITEM('overriding color',(#21041),#8749,
  #20488);
#21041 = PRESENTATION_STYLE_ASSIGNMENT((#21042));
#21042 = SURFACE_STYLE_USAGE(.BOTH.,#21043);
#21043 = SURFACE_SIDE_STYLE('',(#21044));
#21044 = SURFACE_STYLE_FILL_AREA(#21045);
#21045 = FILL_AREA_STYLE('',(#21046));
#21046 = FILL_AREA_STYLE_COLOUR('',#20941);
#21047 = OVER_RIDING_STYLED_ITEM('overriding color',(#21048),#8773,
  #20488);
#21048 = PRESENTATION_STYLE_ASSIGNMENT((#21049));
#21049 = SURFACE_STYLE_USAGE(.BOTH.,#21050);
#21050 = SURFACE_SIDE_STYLE('',(#21051));
#21051 = SURFACE_STYLE_FILL_AREA(#21052);
#21052 = FILL_AREA_STYLE('',(#21053));
#21053 = FILL_AREA_STYLE_COLOUR('',#20941);
#21054 = OVER_RIDING_STYLED_ITEM('overriding color',(#21055),#8797,
  #20488);
#21055 = PRESENTATION_STYLE_ASSIGNMENT((#21056));
#21056 = SURFACE_STYLE_USAGE(.BOTH.,#21057);
#21057 = SURFACE_SIDE_STYLE('',(#21058));
#21058 = SURFACE_STYLE_FILL_AREA(#21059);
#21059 = FILL_AREA_STYLE('',(#21060));
#21060 = FILL_AREA_STYLE_COLOUR('',#20941);
#21061 = OVER_RIDING_STYLED_ITEM('overriding color',(#21062),#8821,
  #20488);
#21062 = PRESENTATION_STYLE_ASSIGNMENT((#21063));
#21063 = SURFACE_STYLE_USAGE(.BOTH.,#21064);
#21064 = SURFACE_SIDE_STYLE('',(#21065));
#21065 = SURFACE_STYLE_FILL_AREA(#21066);
#21066 = FILL_AREA_STYLE('',(#21067));
#21067 = FILL_AREA_STYLE_COLOUR('',#20941);
#21068 = OVER_RIDING_STYLED_ITEM('overriding color',(#21069),#8845,
  #20488);
#21069 = PRESENTATION_STYLE_ASSIGNMENT((#21070));
#21070 = SURFACE_STYLE_USAGE(.BOTH.,#21071);
#21071 = SURFACE_SIDE_STYLE('',(#21072));
#21072 = SURFACE_STYLE_FILL_AREA(#21073);
#21073 = FILL_AREA_STYLE('',(#21074));
#21074 = FILL_AREA_STYLE_COLOUR('',#20941);
#21075 = OVER_RIDING_STYLED_ITEM('overriding color',(#21076),#8869,
  #20488);
#21076 = PRESENTATION_STYLE_ASSIGNMENT((#21077));
#21077 = SURFACE_STYLE_USAGE(.BOTH.,#21078);
#21078 = SURFACE_SIDE_STYLE('',(#21079));
#21079 = SURFACE_STYLE_FILL_AREA(#21080);
#21080 = FILL_AREA_STYLE('',(#21081));
#21081 = FILL_AREA_STYLE_COLOUR('',#20941);
#21082 = OVER_RIDING_STYLED_ITEM('overriding color',(#21083),#8893,
  #20488);
#21083 = PRESENTATION_STYLE_ASSIGNMENT((#21084));
#21084 = SURFACE_STYLE_USAGE(.BOTH.,#21085);
#21085 = SURFACE_SIDE_STYLE('',(#21086));
#21086 = SURFACE_STYLE_FILL_AREA(#21087);
#21087 = FILL_AREA_STYLE('',(#21088));
#21088 = FILL_AREA_STYLE_COLOUR('',#20941);
#21089 = OVER_RIDING_STYLED_ITEM('overriding color',(#21090),#8917,
  #20488);
#21090 = PRESENTATION_STYLE_ASSIGNMENT((#21091));
#21091 = SURFACE_STYLE_USAGE(.BOTH.,#21092);
#21092 = SURFACE_SIDE_STYLE('',(#21093));
#21093 = SURFACE_STYLE_FILL_AREA(#21094);
#21094 = FILL_AREA_STYLE('',(#21095));
#21095 = FILL_AREA_STYLE_COLOUR('',#20941);
#21096 = OVER_RIDING_STYLED_ITEM('overriding color',(#21097),#8941,
  #20488);
#21097 = PRESENTATION_STYLE_ASSIGNMENT((#21098));
#21098 = SURFACE_STYLE_USAGE(.BOTH.,#21099);
#21099 = SURFACE_SIDE_STYLE('',(#21100));
#21100 = SURFACE_STYLE_FILL_AREA(#21101);
#21101 = FILL_AREA_STYLE('',(#21102));
#21102 = FILL_AREA_STYLE_COLOUR('',#20941);
#21103 = OVER_RIDING_STYLED_ITEM('overriding color',(#21104),#8965,
  #20488);
#21104 = PRESENTATION_STYLE_ASSIGNMENT((#21105));
#21105 = SURFACE_STYLE_USAGE(.BOTH.,#21106);
#21106 = SURFACE_SIDE_STYLE('',(#21107));
#21107 = SURFACE_STYLE_FILL_AREA(#21108);
#21108 = FILL_AREA_STYLE('',(#21109));
#21109 = FILL_AREA_STYLE_COLOUR('',#20941);
#21110 = OVER_RIDING_STYLED_ITEM('overriding color',(#21111),#8989,
  #20488);
#21111 = PRESENTATION_STYLE_ASSIGNMENT((#21112));
#21112 = SURFACE_STYLE_USAGE(.BOTH.,#21113);
#21113 = SURFACE_SIDE_STYLE('',(#21114));
#21114 = SURFACE_STYLE_FILL_AREA(#21115);
#21115 = FILL_AREA_STYLE('',(#21116));
#21116 = FILL_AREA_STYLE_COLOUR('',#20941);
#21117 = OVER_RIDING_STYLED_ITEM('overriding color',(#21118),#9013,
  #20488);
#21118 = PRESENTATION_STYLE_ASSIGNMENT((#21119));
#21119 = SURFACE_STYLE_USAGE(.BOTH.,#21120);
#21120 = SURFACE_SIDE_STYLE('',(#21121));
#21121 = SURFACE_STYLE_FILL_AREA(#21122);
#21122 = FILL_AREA_STYLE('',(#21123));
#21123 = FILL_AREA_STYLE_COLOUR('',#20941);
#21124 = OVER_RIDING_STYLED_ITEM('overriding color',(#21125),#9037,
  #20488);
#21125 = PRESENTATION_STYLE_ASSIGNMENT((#21126));
#21126 = SURFACE_STYLE_USAGE(.BOTH.,#21127);
#21127 = SURFACE_SIDE_STYLE('',(#21128));
#21128 = SURFACE_STYLE_FILL_AREA(#21129);
#21129 = FILL_AREA_STYLE('',(#21130));
#21130 = FILL_AREA_STYLE_COLOUR('',#20941);
#21131 = OVER_RIDING_STYLED_ITEM('overriding color',(#21132),#9061,
  #20488);
#21132 = PRESENTATION_STYLE_ASSIGNMENT((#21133));
#21133 = SURFACE_STYLE_USAGE(.BOTH.,#21134);
#21134 = SURFACE_SIDE_STYLE('',(#21135));
#21135 = SURFACE_STYLE_FILL_AREA(#21136);
#21136 = FILL_AREA_STYLE('',(#21137));
#21137 = FILL_AREA_STYLE_COLOUR('',#20941);
#21138 = OVER_RIDING_STYLED_ITEM('overriding color',(#21139),#9085,
  #20488);
#21139 = PRESENTATION_STYLE_ASSIGNMENT((#21140));
#21140 = SURFACE_STYLE_USAGE(.BOTH.,#21141);
#21141 = SURFACE_SIDE_STYLE('',(#21142));
#21142 = SURFACE_STYLE_FILL_AREA(#21143);
#21143 = FILL_AREA_STYLE('',(#21144));
#21144 = FILL_AREA_STYLE_COLOUR('',#20941);
#21145 = OVER_RIDING_STYLED_ITEM('overriding color',(#21146),#9109,
  #20488);
#21146 = PRESENTATION_STYLE_ASSIGNMENT((#21147));
#21147 = SURFACE_STYLE_USAGE(.BOTH.,#21148);
#21148 = SURFACE_SIDE_STYLE('',(#21149));
#21149 = SURFACE_STYLE_FILL_AREA(#21150);
#21150 = FILL_AREA_STYLE('',(#21151));
#21151 = FILL_AREA_STYLE_COLOUR('',#20941);
#21152 = OVER_RIDING_STYLED_ITEM('overriding color',(#21153),#9133,
  #20488);
#21153 = PRESENTATION_STYLE_ASSIGNMENT((#21154));
#21154 = SURFACE_STYLE_USAGE(.BOTH.,#21155);
#21155 = SURFACE_SIDE_STYLE('',(#21156));
#21156 = SURFACE_STYLE_FILL_AREA(#21157);
#21157 = FILL_AREA_STYLE('',(#21158));
#21158 = FILL_AREA_STYLE_COLOUR('',#20941);
#21159 = OVER_RIDING_STYLED_ITEM('overriding color',(#21160),#9157,
  #20488);
#21160 = PRESENTATION_STYLE_ASSIGNMENT((#21161));
#21161 = SURFACE_STYLE_USAGE(.BOTH.,#21162);
#21162 = SURFACE_SIDE_STYLE('',(#21163));
#21163 = SURFACE_STYLE_FILL_AREA(#21164);
#21164 = FILL_AREA_STYLE('',(#21165));
#21165 = FILL_AREA_STYLE_COLOUR('',#20941);
#21166 = OVER_RIDING_STYLED_ITEM('overriding color',(#21167),#9181,
  #20488);
#21167 = PRESENTATION_STYLE_ASSIGNMENT((#21168));
#21168 = SURFACE_STYLE_USAGE(.BOTH.,#21169);
#21169 = SURFACE_SIDE_STYLE('',(#21170));
#21170 = SURFACE_STYLE_FILL_AREA(#21171);
#21171 = FILL_AREA_STYLE('',(#21172));
#21172 = FILL_AREA_STYLE_COLOUR('',#20941);
#21173 = OVER_RIDING_STYLED_ITEM('overriding color',(#21174),#9205,
  #20488);
#21174 = PRESENTATION_STYLE_ASSIGNMENT((#21175));
#21175 = SURFACE_STYLE_USAGE(.BOTH.,#21176);
#21176 = SURFACE_SIDE_STYLE('',(#21177));
#21177 = SURFACE_STYLE_FILL_AREA(#21178);
#21178 = FILL_AREA_STYLE('',(#21179));
#21179 = FILL_AREA_STYLE_COLOUR('',#20941);
#21180 = OVER_RIDING_STYLED_ITEM('overriding color',(#21181),#9222,
  #20488);
#21181 = PRESENTATION_STYLE_ASSIGNMENT((#21182));
#21182 = SURFACE_STYLE_USAGE(.BOTH.,#21183);
#21183 = SURFACE_SIDE_STYLE('',(#21184));
#21184 = SURFACE_STYLE_FILL_AREA(#21185);
#21185 = FILL_AREA_STYLE('',(#21186));
#21186 = FILL_AREA_STYLE_COLOUR('',#20941);
#21187 = OVER_RIDING_STYLED_ITEM('overriding color',(#21188),#9253,
  #20488);
#21188 = PRESENTATION_STYLE_ASSIGNMENT((#21189));
#21189 = SURFACE_STYLE_USAGE(.BOTH.,#21190);
#21190 = SURFACE_SIDE_STYLE('',(#21191));
#21191 = SURFACE_STYLE_FILL_AREA(#21192);
#21192 = FILL_AREA_STYLE('',(#21193));
#21193 = FILL_AREA_STYLE_COLOUR('',#20941);
#21194 = OVER_RIDING_STYLED_ITEM('overriding color',(#21195),#9284,
  #20488);
#21195 = PRESENTATION_STYLE_ASSIGNMENT((#21196));
#21196 = SURFACE_STYLE_USAGE(.BOTH.,#21197);
#21197 = SURFACE_SIDE_STYLE('',(#21198));
#21198 = SURFACE_STYLE_FILL_AREA(#21199);
#21199 = FILL_AREA_STYLE('',(#21200));
#21200 = FILL_AREA_STYLE_COLOUR('',#20941);
#21201 = OVER_RIDING_STYLED_ITEM('overriding color',(#21202),#9308,
  #20488);
#21202 = PRESENTATION_STYLE_ASSIGNMENT((#21203));
#21203 = SURFACE_STYLE_USAGE(.BOTH.,#21204);
#21204 = SURFACE_SIDE_STYLE('',(#21205));
#21205 = SURFACE_STYLE_FILL_AREA(#21206);
#21206 = FILL_AREA_STYLE('',(#21207));
#21207 = FILL_AREA_STYLE_COLOUR('',#20941);
#21208 = OVER_RIDING_STYLED_ITEM('overriding color',(#21209),#9332,
  #20488);
#21209 = PRESENTATION_STYLE_ASSIGNMENT((#21210));
#21210 = SURFACE_STYLE_USAGE(.BOTH.,#21211);
#21211 = SURFACE_SIDE_STYLE('',(#21212));
#21212 = SURFACE_STYLE_FILL_AREA(#21213);
#21213 = FILL_AREA_STYLE('',(#21214));
#21214 = FILL_AREA_STYLE_COLOUR('',#20941);
#21215 = OVER_RIDING_STYLED_ITEM('overriding color',(#21216),#9356,
  #20488);
#21216 = PRESENTATION_STYLE_ASSIGNMENT((#21217));
#21217 = SURFACE_STYLE_USAGE(.BOTH.,#21218);
#21218 = SURFACE_SIDE_STYLE('',(#21219));
#21219 = SURFACE_STYLE_FILL_AREA(#21220);
#21220 = FILL_AREA_STYLE('',(#21221));
#21221 = FILL_AREA_STYLE_COLOUR('',#20941);
#21222 = OVER_RIDING_STYLED_ITEM('overriding color',(#21223),#9380,
  #20488);
#21223 = PRESENTATION_STYLE_ASSIGNMENT((#21224));
#21224 = SURFACE_STYLE_USAGE(.BOTH.,#21225);
#21225 = SURFACE_SIDE_STYLE('',(#21226));
#21226 = SURFACE_STYLE_FILL_AREA(#21227);
#21227 = FILL_AREA_STYLE('',(#21228));
#21228 = FILL_AREA_STYLE_COLOUR('',#20941);
#21229 = OVER_RIDING_STYLED_ITEM('overriding color',(#21230),#9404,
  #20488);
#21230 = PRESENTATION_STYLE_ASSIGNMENT((#21231));
#21231 = SURFACE_STYLE_USAGE(.BOTH.,#21232);
#21232 = SURFACE_SIDE_STYLE('',(#21233));
#21233 = SURFACE_STYLE_FILL_AREA(#21234);
#21234 = FILL_AREA_STYLE('',(#21235));
#21235 = FILL_AREA_STYLE_COLOUR('',#20941);
#21236 = OVER_RIDING_STYLED_ITEM('overriding color',(#21237),#9428,
  #20488);
#21237 = PRESENTATION_STYLE_ASSIGNMENT((#21238));
#21238 = SURFACE_STYLE_USAGE(.BOTH.,#21239);
#21239 = SURFACE_SIDE_STYLE('',(#21240));
#21240 = SURFACE_STYLE_FILL_AREA(#21241);
#21241 = FILL_AREA_STYLE('',(#21242));
#21242 = FILL_AREA_STYLE_COLOUR('',#20941);
#21243 = OVER_RIDING_STYLED_ITEM('overriding color',(#21244),#9452,
  #20488);
#21244 = PRESENTATION_STYLE_ASSIGNMENT((#21245));
#21245 = SURFACE_STYLE_USAGE(.BOTH.,#21246);
#21246 = SURFACE_SIDE_STYLE('',(#21247));
#21247 = SURFACE_STYLE_FILL_AREA(#21248);
#21248 = FILL_AREA_STYLE('',(#21249));
#21249 = FILL_AREA_STYLE_COLOUR('',#20941);
#21250 = OVER_RIDING_STYLED_ITEM('overriding color',(#21251),#9476,
  #20488);
#21251 = PRESENTATION_STYLE_ASSIGNMENT((#21252));
#21252 = SURFACE_STYLE_USAGE(.BOTH.,#21253);
#21253 = SURFACE_SIDE_STYLE('',(#21254));
#21254 = SURFACE_STYLE_FILL_AREA(#21255);
#21255 = FILL_AREA_STYLE('',(#21256));
#21256 = FILL_AREA_STYLE_COLOUR('',#20941);
#21257 = OVER_RIDING_STYLED_ITEM('overriding color',(#21258),#9500,
  #20488);
#21258 = PRESENTATION_STYLE_ASSIGNMENT((#21259));
#21259 = SURFACE_STYLE_USAGE(.BOTH.,#21260);
#21260 = SURFACE_SIDE_STYLE('',(#21261));
#21261 = SURFACE_STYLE_FILL_AREA(#21262);
#21262 = FILL_AREA_STYLE('',(#21263));
#21263 = FILL_AREA_STYLE_COLOUR('',#20941);
#21264 = OVER_RIDING_STYLED_ITEM('overriding color',(#21265),#9524,
  #20488);
#21265 = PRESENTATION_STYLE_ASSIGNMENT((#21266));
#21266 = SURFACE_STYLE_USAGE(.BOTH.,#21267);
#21267 = SURFACE_SIDE_STYLE('',(#21268));
#21268 = SURFACE_STYLE_FILL_AREA(#21269);
#21269 = FILL_AREA_STYLE('',(#21270));
#21270 = FILL_AREA_STYLE_COLOUR('',#20941);
#21271 = OVER_RIDING_STYLED_ITEM('overriding color',(#21272),#9548,
  #20488);
#21272 = PRESENTATION_STYLE_ASSIGNMENT((#21273));
#21273 = SURFACE_STYLE_USAGE(.BOTH.,#21274);
#21274 = SURFACE_SIDE_STYLE('',(#21275));
#21275 = SURFACE_STYLE_FILL_AREA(#21276);
#21276 = FILL_AREA_STYLE('',(#21277));
#21277 = FILL_AREA_STYLE_COLOUR('',#20941);
#21278 = OVER_RIDING_STYLED_ITEM('overriding color',(#21279),#9572,
  #20488);
#21279 = PRESENTATION_STYLE_ASSIGNMENT((#21280));
#21280 = SURFACE_STYLE_USAGE(.BOTH.,#21281);
#21281 = SURFACE_SIDE_STYLE('',(#21282));
#21282 = SURFACE_STYLE_FILL_AREA(#21283);
#21283 = FILL_AREA_STYLE('',(#21284));
#21284 = FILL_AREA_STYLE_COLOUR('',#20941);
#21285 = OVER_RIDING_STYLED_ITEM('overriding color',(#21286),#9596,
  #20488);
#21286 = PRESENTATION_STYLE_ASSIGNMENT((#21287));
#21287 = SURFACE_STYLE_USAGE(.BOTH.,#21288);
#21288 = SURFACE_SIDE_STYLE('',(#21289));
#21289 = SURFACE_STYLE_FILL_AREA(#21290);
#21290 = FILL_AREA_STYLE('',(#21291));
#21291 = FILL_AREA_STYLE_COLOUR('',#20941);
#21292 = OVER_RIDING_STYLED_ITEM('overriding color',(#21293),#9620,
  #20488);
#21293 = PRESENTATION_STYLE_ASSIGNMENT((#21294));
#21294 = SURFACE_STYLE_USAGE(.BOTH.,#21295);
#21295 = SURFACE_SIDE_STYLE('',(#21296));
#21296 = SURFACE_STYLE_FILL_AREA(#21297);
#21297 = FILL_AREA_STYLE('',(#21298));
#21298 = FILL_AREA_STYLE_COLOUR('',#20941);
#21299 = OVER_RIDING_STYLED_ITEM('overriding color',(#21300),#9644,
  #20488);
#21300 = PRESENTATION_STYLE_ASSIGNMENT((#21301));
#21301 = SURFACE_STYLE_USAGE(.BOTH.,#21302);
#21302 = SURFACE_SIDE_STYLE('',(#21303));
#21303 = SURFACE_STYLE_FILL_AREA(#21304);
#21304 = FILL_AREA_STYLE('',(#21305));
#21305 = FILL_AREA_STYLE_COLOUR('',#20941);
#21306 = OVER_RIDING_STYLED_ITEM('overriding color',(#21307),#9661,
  #20488);
#21307 = PRESENTATION_STYLE_ASSIGNMENT((#21308));
#21308 = SURFACE_STYLE_USAGE(.BOTH.,#21309);
#21309 = SURFACE_SIDE_STYLE('',(#21310));
#21310 = SURFACE_STYLE_FILL_AREA(#21311);
#21311 = FILL_AREA_STYLE('',(#21312));
#21312 = FILL_AREA_STYLE_COLOUR('',#20941);
#21313 = MECHANICAL_DESIGN_GEOMETRIC_PRESENTATION_REPRESENTATION('',(
    #21314),#20309);
#21314 = STYLED_ITEM('color',(#21315),#18521);
#21315 = PRESENTATION_STYLE_ASSIGNMENT((#21316));
#21316 = SURFACE_STYLE_USAGE(.BOTH.,#21317);
#21317 = SURFACE_SIDE_STYLE('',(#21318));
#21318 = SURFACE_STYLE_FILL_AREA(#21319);
#21319 = FILL_AREA_STYLE('',(#21320));
#21320 = FILL_AREA_STYLE_COLOUR('',#21321);
#21321 = COLOUR_RGB('',0.313304153717,0.484529207832,0.410020903123);
ENDSEC;
END-ISO-10303-21;
